p_initial_psi,p_peak_psi,tau_decay_ms,dp_dt_max,ripple_noise_psi,orifice_diameter_mm,diagnostic_label
40.74,45.58,98.6,49.1,0.214,0.321,NORMAL
24.89,26.15,30.8,40.8,1.187,0.558,CAVITATION_LEAK
44.11,51.59,308.4,24.2,0.47,0.168,PARTIAL_CLOG
42.7,49.99,241.5,30.2,0.267,0.172,PARTIAL_CLOG
40.65,45.07,131.6,33.6,0.226,0.325,NORMAL
39.57,43.41,110.0,34.9,0.156,0.323,NORMAL
39.39,43.06,99.1,37.0,0.294,0.305,NORMAL
48.15,66.68,600.9,30.8,0.326,0.019,FULL_CLOG
41.84,49.18,250.1,29.3,0.395,0.174,PARTIAL_CLOG
42.51,52.45,236.4,42.1,0.541,0.161,PARTIAL_CLOG
40.21,44.44,111.7,37.8,0.22,0.286,NORMAL
22.1,23.63,51.5,29.8,1.627,0.506,CAVITATION_LEAK
45.7,58.96,576.6,23.0,0.299,0.059,FULL_CLOG
40.33,45.66,123.7,43.1,0.236,0.296,NORMAL
39.95,43.68,121.2,30.8,0.19,0.295,NORMAL
40.6,44.9,120.0,35.9,0.234,0.298,NORMAL
39.79,44.4,110.6,41.7,0.283,0.3,NORMAL
42.84,50.24,327.5,22.6,0.441,0.175,PARTIAL_CLOG
40.97,44.98,119.3,33.6,0.103,0.328,NORMAL
39.06,43.21,104.0,39.9,0.113,0.311,NORMAL
42.25,51.93,319.6,30.3,0.452,0.177,PARTIAL_CLOG
40.54,44.34,117.5,32.3,0.223,0.308,NORMAL
41.06,45.18,115.5,35.7,0.174,0.317,NORMAL
40.92,44.56,118.4,30.7,0.174,0.303,NORMAL
45.16,54.8,339.2,28.4,0.325,0.212,PARTIAL_CLOG
46.5,58.77,487.2,25.2,0.312,0.066,FULL_CLOG
41.03,45.34,114.5,37.6,0.16,0.289,NORMAL
43.48,51.79,260.2,31.9,0.447,0.18,PARTIAL_CLOG
45.67,54.39,266.6,32.7,0.271,0.161,PARTIAL_CLOG
38.75,43.32,117.0,39.0,0.237,0.311,NORMAL
41.99,49.87,278.0,28.4,0.411,0.149,PARTIAL_CLOG
38.38,42.22,120.8,31.8,0.162,0.267,NORMAL
38.63,42.44,123.5,30.9,0.275,0.311,NORMAL
26.03,27.65,27.9,58.3,1.403,0.376,CAVITATION_LEAK
27.25,28.79,46.4,33.2,1.673,0.398,CAVITATION_LEAK
48.33,61.62,678.7,19.6,0.318,0.045,FULL_CLOG
38.9,43.19,111.5,38.5,0.133,0.311,NORMAL
42.09,46.45,120.1,36.3,0.171,0.302,NORMAL
43.66,51.13,232.5,32.1,0.267,0.148,PARTIAL_CLOG
38.35,42.56,127.3,33.1,0.183,0.312,NORMAL
41.61,44.94,128.0,26.0,0.134,0.342,NORMAL
45.08,55.1,267.8,37.4,0.439,0.18,PARTIAL_CLOG
40.1,44.14,118.1,34.2,0.167,0.28,NORMAL
23.01,24.47,51.9,28.2,1.075,0.386,CAVITATION_LEAK
36.78,41.41,114.5,40.5,0.212,0.295,NORMAL
42.35,50.26,300.1,26.3,0.253,0.19,PARTIAL_CLOG
42.11,46.8,119.7,39.2,0.269,0.306,NORMAL
45.14,53.52,235.4,35.6,0.506,0.179,PARTIAL_CLOG
43.2,51.4,273.1,30.0,0.366,0.211,PARTIAL_CLOG
41.13,45.88,115.5,41.1,0.113,0.294,NORMAL
25.42,26.35,42.6,21.9,1.947,0.512,CAVITATION_LEAK
50.69,64.04,594.9,22.4,0.238,0.055,FULL_CLOG
25.44,26.39,59.1,16.1,1.572,0.443,CAVITATION_LEAK
47.43,62.52,818.8,18.4,0.151,0.067,FULL_CLOG
43.9,54.42,316.9,33.2,0.476,0.204,PARTIAL_CLOG
27.24,27.99,45.5,16.3,1.588,0.551,CAVITATION_LEAK
40.84,45.12,109.2,39.2,0.278,0.328,NORMAL
40.26,45.03,132.3,36.1,0.231,0.307,NORMAL
41.13,45.11,119.8,33.3,0.195,0.304,NORMAL
41.12,45.3,102.9,40.7,0.148,0.28,NORMAL
38.31,42.82,125.8,35.8,0.138,0.293,NORMAL
39.42,44.5,109.9,46.2,0.232,0.304,NORMAL
49.85,63.16,657.9,20.2,0.309,0.074,FULL_CLOG
38.59,42.64,122.2,33.2,0.144,0.299,NORMAL
38.17,42.98,127.5,37.7,0.256,0.281,NORMAL
44.31,52.36,318.0,25.3,0.38,0.201,PARTIAL_CLOG
38.12,42.67,111.8,40.7,0.165,0.307,NORMAL
47.34,64.3,676.8,25.1,0.212,0.082,FULL_CLOG
39.15,43.71,128.9,35.4,0.261,0.306,NORMAL
23.57,24.73,41.0,28.3,0.993,0.565,CAVITATION_LEAK
50.43,64.73,505.0,28.3,0.314,0.012,FULL_CLOG
40.75,45.91,119.6,43.2,0.213,0.313,NORMAL
41.16,45.83,134.6,34.7,0.298,0.322,NORMAL
51.51,70.55,610.6,31.2,0.247,0.071,FULL_CLOG
44.56,53.71,268.8,34.1,0.408,0.158,PARTIAL_CLOG
44.34,54.46,291.5,34.7,0.465,0.157,PARTIAL_CLOG
47.87,62.06,745.2,19.0,0.243,0.057,FULL_CLOG
42.36,46.86,127.1,35.4,0.155,0.323,NORMAL
40.48,44.47,100.5,39.7,0.241,0.327,NORMAL
42.38,46.62,111.0,38.2,0.104,0.307,NORMAL
48.68,67.29,718.3,25.9,0.36,0.072,FULL_CLOG
43.57,53.12,199.1,48.0,0.296,0.204,PARTIAL_CLOG
38.01,42.78,116.8,40.8,0.219,0.294,NORMAL
39.44,43.87,114.1,38.8,0.117,0.315,NORMAL
41.12,45.75,119.0,38.9,0.142,0.291,NORMAL
40.76,44.85,125.7,32.6,0.299,0.316,NORMAL
42.55,51.81,299.6,30.9,0.542,0.142,PARTIAL_CLOG
42.73,51.53,268.8,32.7,0.271,0.177,PARTIAL_CLOG
46.51,61.65,526.1,28.8,0.217,0.027,FULL_CLOG
43.12,51.87,273.1,32.1,0.334,0.148,PARTIAL_CLOG
39.26,44.29,102.8,48.9,0.126,0.31,NORMAL
42.36,52.73,240.8,43.1,0.269,0.161,PARTIAL_CLOG
47.24,63.41,720.5,22.4,0.189,0.027,FULL_CLOG
42.93,50.01,270.5,26.2,0.419,0.147,PARTIAL_CLOG
48.47,61.85,556.7,24.0,0.306,0.074,FULL_CLOG
43.53,51.68,274.3,29.7,0.388,0.162,PARTIAL_CLOG
41.72,48.4,291.3,22.9,0.45,0.165,PARTIAL_CLOG
40.58,45.26,119.7,39.1,0.268,0.333,NORMAL
38.58,42.83,135.4,31.4,0.199,0.261,NORMAL
41.5,45.97,126.4,35.4,0.181,0.299,NORMAL
39.37,42.89,109.1,32.2,0.139,0.293,NORMAL
44.02,53.28,237.3,39.0,0.424,0.216,PARTIAL_CLOG
39.81,44.46,96.8,48.0,0.174,0.344,NORMAL
43.83,51.73,257.3,30.7,0.316,0.193,PARTIAL_CLOG
23.49,24.47,51.7,19.0,1.87,0.396,CAVITATION_LEAK
40.53,44.86,103.0,42.0,0.26,0.301,NORMAL
39.72,44.81,117.3,43.4,0.259,0.286,NORMAL
45.8,62.66,682.7,24.7,0.212,0.024,FULL_CLOG
40.36,45.04,131.2,35.7,0.13,0.294,NORMAL
37.5,41.7,114.6,36.7,0.284,0.314,NORMAL
39.21,43.35,114.2,36.2,0.193,0.282,NORMAL
39.27,44.0,82.0,57.6,0.219,0.318,NORMAL
24.5,25.49,56.1,17.6,1.76,0.6,CAVITATION_LEAK
48.28,59.52,711.5,15.8,0.277,0.024,FULL_CLOG
43.82,50.74,326.7,21.2,0.502,0.18,PARTIAL_CLOG
47.91,62.56,604.4,24.2,0.302,0.023,FULL_CLOG
48.66,63.33,559.6,26.2,0.35,0.032,FULL_CLOG
39.26,43.92,109.6,42.5,0.147,0.329,NORMAL
49.49,65.21,598.8,26.3,0.155,0.064,FULL_CLOG
43.25,53.78,279.1,37.7,0.32,0.206,PARTIAL_CLOG
49.01,64.9,705.6,22.5,0.32,0.038,FULL_CLOG
45.08,61.24,692.7,23.3,0.219,0.035,FULL_CLOG
41.77,45.97,112.2,37.4,0.189,0.318,NORMAL
38.5,42.76,101.1,42.2,0.286,0.284,NORMAL
38.62,43.17,79.1,57.4,0.149,0.306,NORMAL
39.55,44.47,124.8,39.4,0.216,0.342,NORMAL
49.13,66.03,700.8,24.1,0.253,0.082,FULL_CLOG
45.77,60.72,697.5,21.4,0.323,0.042,FULL_CLOG
39.27,43.51,102.3,41.4,0.186,0.284,NORMAL
44.03,52.46,220.4,38.3,0.398,0.206,PARTIAL_CLOG
40.94,44.62,100.5,36.7,0.123,0.305,NORMAL
41.09,45.65,130.2,35.0,0.232,0.295,NORMAL
42.29,47.2,112.4,43.6,0.165,0.283,NORMAL
39.85,44.4,101.4,44.8,0.124,0.317,NORMAL
33.24,35.04,49.8,36.3,0.886,0.595,CAVITATION_LEAK
42.5,46.12,122.0,29.7,0.288,0.308,NORMAL
43.4,52.85,262.1,36.1,0.266,0.205,PARTIAL_CLOG
43.28,50.76,268.0,27.9,0.434,0.195,PARTIAL_CLOG
38.14,43.18,109.3,46.1,0.264,0.31,NORMAL
22.14,22.78,40.3,15.9,1.08,0.469,CAVITATION_LEAK
29.12,29.71,22.3,26.5,1.775,0.371,CAVITATION_LEAK
38.44,43.18,120.5,39.3,0.177,0.289,NORMAL
44.12,52.93,285.1,30.9,0.26,0.177,PARTIAL_CLOG
37.01,41.18,120.4,34.6,0.294,0.339,NORMAL
42.07,46.82,113.4,41.9,0.123,0.28,NORMAL
40.73,45.31,108.0,42.4,0.171,0.286,NORMAL
43.84,54.0,264.9,38.3,0.494,0.184,PARTIAL_CLOG
41.44,49.73,266.3,31.1,0.374,0.189,PARTIAL_CLOG
41.39,46.53,113.0,45.5,0.136,0.284,NORMAL
40.38,44.71,113.9,38.1,0.134,0.286,NORMAL
24.41,25.01,47.6,12.5,1.403,0.57,CAVITATION_LEAK
39.69,44.88,132.2,39.2,0.181,0.307,NORMAL
41.96,46.09,136.8,30.2,0.246,0.304,NORMAL
43.85,52.6,311.0,28.1,0.379,0.206,PARTIAL_CLOG
26.42,27.55,47.5,23.7,1.779,0.445,CAVITATION_LEAK
36.8,41.64,93.8,51.5,0.165,0.347,NORMAL
45.76,54.07,314.2,26.4,0.492,0.143,PARTIAL_CLOG
45.64,63.84,612.1,29.7,0.216,0.086,FULL_CLOG
41.28,45.42,119.3,34.7,0.288,0.333,NORMAL
41.56,51.13,288.5,33.2,0.375,0.154,PARTIAL_CLOG
39.61,43.94,133.0,32.6,0.28,0.263,NORMAL
42.79,50.95,268.3,30.4,0.255,0.147,PARTIAL_CLOG
41.8,51.15,263.8,35.4,0.511,0.193,PARTIAL_CLOG
42.74,51.15,271.8,30.9,0.262,0.214,PARTIAL_CLOG
41.58,46.12,110.1,41.2,0.102,0.262,NORMAL
47.82,63.25,511.5,30.2,0.393,0.073,FULL_CLOG
37.92,42.59,102.8,45.4,0.281,0.33,NORMAL
41.02,44.45,113.8,30.2,0.266,0.319,NORMAL
39.29,44.12,122.6,39.4,0.286,0.288,NORMAL
42.68,49.69,256.7,27.3,0.511,0.148,PARTIAL_CLOG
44.52,52.74,274.7,29.9,0.383,0.147,PARTIAL_CLOG
38.75,42.44,100.2,36.8,0.214,0.287,NORMAL
43.66,52.06,288.7,29.1,0.295,0.204,PARTIAL_CLOG
38.39,43.73,104.6,51.1,0.111,0.284,NORMAL
45.85,53.99,290.8,28.0,0.328,0.143,PARTIAL_CLOG
38.8,42.92,97.4,42.3,0.234,0.277,NORMAL
42.75,52.73,290.7,34.3,0.369,0.206,PARTIAL_CLOG
39.16,44.37,101.3,51.3,0.154,0.31,NORMAL
27.82,29.46,53.4,30.8,1.168,0.37,CAVITATION_LEAK
42.74,46.93,96.6,43.4,0.166,0.304,NORMAL
41.37,45.98,126.1,36.5,0.211,0.262,NORMAL
38.86,43.02,105.7,39.4,0.273,0.311,NORMAL
28.49,30.05,48.6,32.1,1.207,0.376,CAVITATION_LEAK
51.33,69.88,708.8,26.2,0.257,0.064,FULL_CLOG
41.1,45.22,123.7,33.3,0.147,0.336,NORMAL
41.94,50.14,296.3,27.6,0.268,0.19,PARTIAL_CLOG
50.15,66.3,627.1,25.8,0.382,0.02,FULL_CLOG
40.33,49.01,274.3,31.7,0.274,0.167,PARTIAL_CLOG
43.61,52.34,318.3,27.4,0.302,0.161,PARTIAL_CLOG
41.21,45.08,117.2,33.0,0.213,0.256,NORMAL
39.07,43.57,117.4,38.3,0.168,0.319,NORMAL
46.4,59.77,627.6,21.3,0.329,0.083,FULL_CLOG
31.7,33.0,45.9,28.3,1.594,0.423,CAVITATION_LEAK
43.73,52.61,282.6,31.4,0.25,0.194,PARTIAL_CLOG
39.15,44.24,132.2,38.5,0.219,0.282,NORMAL
38.51,42.02,123.5,28.5,0.127,0.323,NORMAL
42.36,51.65,321.1,28.9,0.484,0.148,PARTIAL_CLOG
46.69,59.59,589.4,21.9,0.153,0.019,FULL_CLOG
49.22,70.25,657.9,32.0,0.245,0.053,FULL_CLOG
46.32,59.04,602.4,21.1,0.174,0.059,FULL_CLOG
43.45,52.73,307.1,30.2,0.549,0.165,PARTIAL_CLOG
41.53,46.2,100.5,46.5,0.181,0.302,NORMAL
41.45,46.52,105.5,48.1,0.226,0.278,NORMAL
47.2,66.17,706.2,26.9,0.325,0.02,FULL_CLOG
43.5,53.58,297.4,33.9,0.306,0.2,PARTIAL_CLOG
42.5,46.5,110.7,36.1,0.125,0.329,NORMAL
43.07,47.24,104.8,39.9,0.111,0.308,NORMAL
43.63,53.81,343.4,29.7,0.32,0.148,PARTIAL_CLOG
40.57,45.07,107.9,41.7,0.238,0.322,NORMAL
38.7,43.62,117.9,41.7,0.262,0.283,NORMAL
42.3,52.66,259.4,40.0,0.307,0.187,PARTIAL_CLOG
46.75,53.72,299.3,23.3,0.523,0.196,PARTIAL_CLOG
42.94,51.78,298.0,29.7,0.349,0.142,PARTIAL_CLOG
38.84,44.16,111.6,47.6,0.182,0.32,NORMAL
45.89,54.37,264.8,32.0,0.425,0.215,PARTIAL_CLOG
40.41,44.82,109.1,40.4,0.201,0.298,NORMAL
38.82,42.75,94.8,41.4,0.123,0.309,NORMAL
40.81,48.45,253.7,30.1,0.444,0.211,PARTIAL_CLOG
46.43,55.83,278.9,33.7,0.295,0.145,PARTIAL_CLOG
50.9,70.02,515.4,37.1,0.182,0.048,FULL_CLOG
41.96,51.47,253.2,37.6,0.313,0.171,PARTIAL_CLOG
46.75,56.94,281.4,36.2,0.354,0.145,PARTIAL_CLOG
40.22,45.42,116.5,44.6,0.282,0.321,NORMAL
38.11,42.21,114.1,35.9,0.187,0.284,NORMAL
39.09,43.68,129.4,35.4,0.116,0.298,NORMAL
42.73,47.02,120.9,35.5,0.155,0.306,NORMAL
27.71,29.08,24.7,55.5,1.489,0.585,CAVITATION_LEAK
40.57,45.76,114.0,45.5,0.29,0.304,NORMAL
46.82,64.01,636.0,27.0,0.311,0.012,FULL_CLOG
41.9,51.03,257.3,35.5,0.521,0.17,PARTIAL_CLOG
47.41,60.01,676.1,18.6,0.238,0.041,FULL_CLOG
45.31,55.58,281.4,36.5,0.439,0.204,PARTIAL_CLOG
41.22,51.96,276.6,38.9,0.432,0.203,PARTIAL_CLOG
44.37,54.47,333.1,30.3,0.305,0.158,PARTIAL_CLOG
39.26,43.83,134.1,34.1,0.145,0.303,NORMAL
43.33,51.53,263.4,31.1,0.311,0.193,PARTIAL_CLOG
39.35,43.79,118.4,37.4,0.197,0.292,NORMAL
41.31,45.62,115.2,37.4,0.112,0.25,NORMAL
41.74,52.44,331.9,32.2,0.513,0.146,PARTIAL_CLOG
40.08,45.63,122.2,45.4,0.109,0.311,NORMAL
24.54,26.06,31.9,47.9,1.244,0.586,CAVITATION_LEAK
26.36,27.69,46.0,28.8,1.007,0.597,CAVITATION_LEAK
23.63,24.87,36.1,34.4,1.389,0.446,CAVITATION_LEAK
39.57,44.03,102.9,43.4,0.12,0.335,NORMAL
40.13,44.89,104.0,45.7,0.179,0.29,NORMAL
29.4,30.85,53.3,27.2,1.452,0.409,CAVITATION_LEAK
39.94,44.35,110.7,39.8,0.17,0.316,NORMAL
26.14,27.36,41.0,29.8,1.301,0.546,CAVITATION_LEAK
21.88,23.28,40.7,34.4,1.218,0.595,CAVITATION_LEAK
51.42,63.43,684.8,17.5,0.367,0.068,FULL_CLOG
40.19,44.51,112.0,38.5,0.21,0.31,NORMAL
40.6,43.86,103.4,31.5,0.127,0.279,NORMAL
51.26,65.59,556.1,25.8,0.317,0.023,FULL_CLOG
39.37,44.45,94.2,53.8,0.215,0.247,NORMAL
38.51,44.06,134.1,41.4,0.142,0.298,NORMAL
43.43,52.27,284.9,31.0,0.328,0.199,PARTIAL_CLOG
30.35,32.1,47.5,36.9,1.659,0.524,CAVITATION_LEAK
41.83,50.8,259.1,34.6,0.43,0.189,PARTIAL_CLOG
41.15,48.31,274.0,26.1,0.47,0.181,PARTIAL_CLOG
39.57,43.62,114.3,35.5,0.225,0.301,NORMAL
44.37,50.86,273.9,23.7,0.257,0.184,PARTIAL_CLOG
26.15,27.72,46.5,33.9,1.507,0.565,CAVITATION_LEAK
41.57,46.23,117.3,39.7,0.214,0.294,NORMAL
42.25,50.61,250.5,33.4,0.417,0.154,PARTIAL_CLOG
45.87,65.21,552.2,35.0,0.17,0.057,FULL_CLOG
43.61,51.31,254.1,30.3,0.37,0.147,PARTIAL_CLOG
42.12,52.19,293.1,34.3,0.53,0.205,PARTIAL_CLOG
46.96,54.48,312.8,24.0,0.53,0.142,PARTIAL_CLOG
40.78,45.1,111.7,38.7,0.144,0.323,NORMAL
42.46,46.96,124.4,36.2,0.252,0.309,NORMAL
46.42,59.22,616.8,20.8,0.394,0.035,FULL_CLOG
47.64,63.93,705.4,23.1,0.323,0.062,FULL_CLOG
49.47,63.0,627.3,21.6,0.318,0.087,FULL_CLOG
21.88,23.22,29.2,46.0,1.32,0.532,CAVITATION_LEAK
43.57,51.74,297.9,27.4,0.372,0.192,PARTIAL_CLOG
44.39,52.76,267.9,31.2,0.475,0.162,PARTIAL_CLOG
49.49,64.31,679.6,21.8,0.389,0.082,FULL_CLOG
42.75,51.57,245.3,35.9,0.325,0.17,PARTIAL_CLOG
43.45,52.71,281.4,32.9,0.341,0.165,PARTIAL_CLOG
48.82,65.42,685.6,24.2,0.386,0.079,FULL_CLOG
46.35,61.86,483.1,32.1,0.311,0.065,FULL_CLOG
40.03,45.03,107.6,46.4,0.272,0.279,NORMAL
38.49,43.36,122.1,39.9,0.289,0.324,NORMAL
39.49,44.19,106.3,44.2,0.248,0.316,NORMAL
44.33,52.96,268.9,32.1,0.505,0.194,PARTIAL_CLOG
38.66,42.96,117.1,36.7,0.138,0.336,NORMAL
45.34,56.83,282.9,40.6,0.388,0.198,PARTIAL_CLOG
44.3,54.14,311.5,31.6,0.359,0.206,PARTIAL_CLOG
40.43,45.24,112.3,42.8,0.277,0.321,NORMAL
42.11,51.18,280.6,32.3,0.439,0.144,PARTIAL_CLOG
39.0,43.43,118.7,37.3,0.255,0.282,NORMAL
39.64,44.15,111.8,40.3,0.295,0.28,NORMAL
45.26,58.26,432.2,30.1,0.37,0.04,FULL_CLOG
43.89,49.55,112.8,50.1,0.233,0.319,NORMAL
38.14,43.51,131.8,40.8,0.139,0.298,NORMAL
42.93,50.93,329.8,24.3,0.387,0.206,PARTIAL_CLOG
48.17,66.97,721.7,26.1,0.399,0.031,FULL_CLOG
40.95,45.39,109.5,40.5,0.141,0.267,NORMAL
43.26,51.55,290.6,28.5,0.286,0.173,PARTIAL_CLOG
39.65,44.09,123.9,35.8,0.124,0.303,NORMAL
40.21,45.43,97.3,53.6,0.244,0.256,NORMAL
45.38,53.93,254.2,33.6,0.453,0.149,PARTIAL_CLOG
40.55,49.82,274.3,33.8,0.395,0.181,PARTIAL_CLOG
42.28,52.1,281.8,34.9,0.507,0.219,PARTIAL_CLOG
43.53,51.55,314.1,25.5,0.252,0.148,PARTIAL_CLOG
27.99,28.97,53.0,18.5,0.851,0.451,CAVITATION_LEAK
42.75,50.97,252.2,32.6,0.27,0.165,PARTIAL_CLOG
38.41,42.58,95.0,43.9,0.175,0.305,NORMAL
47.97,65.3,592.2,29.3,0.388,0.08,FULL_CLOG
39.82,44.16,102.5,42.3,0.133,0.294,NORMAL
39.54,44.18,104.3,44.5,0.114,0.277,NORMAL
40.22,45.37,122.0,42.2,0.134,0.306,NORMAL
41.88,46.42,107.3,42.2,0.158,0.292,NORMAL
23.33,24.9,27.1,58.0,1.026,0.444,CAVITATION_LEAK
46.98,60.68,765.7,17.9,0.335,0.065,FULL_CLOG
43.52,52.69,239.1,38.3,0.276,0.192,PARTIAL_CLOG
37.85,42.16,113.5,38.0,0.136,0.275,NORMAL
39.84,44.54,108.4,43.4,0.122,0.311,NORMAL
40.22,44.38,129.1,32.3,0.226,0.299,NORMAL
39.6,44.24,125.3,37.0,0.262,0.292,NORMAL
41.63,49.52,232.9,33.9,0.295,0.146,PARTIAL_CLOG
45.48,54.04,310.5,27.6,0.29,0.188,PARTIAL_CLOG
42.33,50.3,310.5,25.7,0.459,0.156,PARTIAL_CLOG
41.31,45.58,113.2,37.7,0.26,0.333,NORMAL
21.7,23.42,36.1,47.5,0.878,0.395,CAVITATION_LEAK
42.95,51.8,233.1,38.0,0.366,0.195,PARTIAL_CLOG
44.39,52.94,251.3,34.0,0.277,0.146,PARTIAL_CLOG
43.49,52.27,263.8,33.3,0.528,0.213,PARTIAL_CLOG
40.8,44.89,127.0,32.2,0.211,0.285,NORMAL
38.33,42.91,101.8,45.0,0.252,0.302,NORMAL
40.46,44.89,122.4,36.2,0.276,0.27,NORMAL
51.02,66.04,516.4,29.1,0.207,0.014,FULL_CLOG
40.21,43.79,104.3,34.3,0.292,0.306,NORMAL
36.52,41.37,112.0,43.3,0.214,0.288,NORMAL
40.7,44.8,92.1,44.5,0.27,0.314,NORMAL
39.33,43.91,121.9,37.6,0.248,0.324,NORMAL
47.33,65.02,640.0,27.6,0.318,0.074,FULL_CLOG
42.65,50.9,313.7,26.3,0.44,0.176,PARTIAL_CLOG
43.95,54.57,255.4,41.6,0.475,0.155,PARTIAL_CLOG
38.2,42.66,114.0,39.1,0.195,0.281,NORMAL
44.32,55.18,281.7,38.5,0.326,0.212,PARTIAL_CLOG
43.11,51.77,303.8,28.5,0.415,0.176,PARTIAL_CLOG
40.57,44.71,133.2,31.1,0.254,0.309,NORMAL
40.07,44.77,130.0,36.1,0.114,0.313,NORMAL
41.21,45.43,95.3,44.4,0.195,0.273,NORMAL
45.76,55.61,263.9,37.3,0.276,0.208,PARTIAL_CLOG
43.01,52.37,238.8,39.2,0.462,0.202,PARTIAL_CLOG
42.62,47.41,108.0,44.3,0.108,0.295,NORMAL
40.76,44.32,119.9,29.7,0.187,0.288,NORMAL
44.82,54.15,280.1,33.3,0.408,0.216,PARTIAL_CLOG
42.95,51.24,349.5,23.7,0.43,0.161,PARTIAL_CLOG
50.51,68.92,530.3,34.7,0.392,0.023,FULL_CLOG
43.62,52.74,236.8,38.5,0.45,0.198,PARTIAL_CLOG
41.64,46.96,152.8,34.8,0.167,0.308,NORMAL
38.31,42.85,108.7,41.8,0.117,0.278,NORMAL
44.26,52.5,333.0,24.7,0.333,0.175,PARTIAL_CLOG
40.9,44.37,115.3,30.1,0.247,0.26,NORMAL
40.38,49.06,324.3,26.8,0.396,0.143,PARTIAL_CLOG
27.08,28.29,48.8,24.7,1.526,0.371,CAVITATION_LEAK
39.44,47.81,260.4,32.1,0.308,0.159,PARTIAL_CLOG
41.89,46.4,116.4,38.8,0.124,0.313,NORMAL
42.49,52.67,268.6,37.9,0.329,0.143,PARTIAL_CLOG
43.41,51.86,325.5,26.0,0.35,0.174,PARTIAL_CLOG
46.27,54.99,250.5,34.8,0.28,0.165,PARTIAL_CLOG
26.84,28.45,36.5,44.0,1.544,0.542,CAVITATION_LEAK
38.62,41.7,105.3,29.3,0.164,0.32,NORMAL
28.87,30.06,39.5,30.2,1.854,0.581,CAVITATION_LEAK
21.15,22.47,52.5,25.2,1.465,0.503,CAVITATION_LEAK
38.87,43.39,131.4,34.4,0.116,0.292,NORMAL
40.55,45.15,102.8,44.7,0.216,0.267,NORMAL
39.4,44.61,118.9,43.8,0.28,0.304,NORMAL
38.86,43.52,103.1,45.2,0.282,0.317,NORMAL
40.92,45.98,104.0,48.7,0.251,0.287,NORMAL
42.64,52.2,235.3,40.6,0.262,0.178,PARTIAL_CLOG
37.59,41.9,111.3,38.7,0.141,0.293,NORMAL
41.77,46.08,115.6,37.4,0.107,0.292,NORMAL
48.16,63.79,656.4,23.8,0.378,0.046,FULL_CLOG
41.37,45.67,101.8,42.3,0.288,0.283,NORMAL
50.84,68.81,567.4,31.7,0.341,0.032,FULL_CLOG
40.97,45.39,107.5,41.1,0.157,0.313,NORMAL
41.06,45.53,117.9,37.9,0.26,0.327,NORMAL
43.2,52.43,309.4,29.8,0.368,0.175,PARTIAL_CLOG
42.33,52.96,263.8,40.3,0.318,0.189,PARTIAL_CLOG
47.51,59.23,613.6,19.1,0.25,0.015,FULL_CLOG
41.94,51.9,281.2,35.4,0.296,0.145,PARTIAL_CLOG
46.24,65.34,591.2,32.3,0.276,0.058,FULL_CLOG
39.66,44.21,116.8,38.9,0.184,0.333,NORMAL
41.07,45.57,122.4,36.8,0.26,0.299,NORMAL
51.28,63.74,439.5,28.4,0.247,0.079,FULL_CLOG
46.97,62.96,645.2,24.8,0.167,0.087,FULL_CLOG
29.38,30.98,43.3,36.9,1.074,0.487,CAVITATION_LEAK
41.51,45.08,116.3,30.7,0.194,0.304,NORMAL
40.95,45.3,112.0,38.8,0.16,0.291,NORMAL
44.91,60.09,611.3,24.8,0.385,0.072,FULL_CLOG
38.4,42.87,113.8,39.3,0.242,0.281,NORMAL
28.93,29.74,52.9,15.3,1.053,0.596,CAVITATION_LEAK
47.8,61.09,545.3,24.4,0.157,0.013,FULL_CLOG
40.47,45.11,130.4,35.5,0.195,0.339,NORMAL
43.15,60.84,524.7,33.7,0.382,0.041,FULL_CLOG
41.98,58.63,669.5,24.9,0.221,0.087,FULL_CLOG
39.19,42.9,105.5,35.2,0.131,0.278,NORMAL
26.45,26.97,45.6,11.4,1.198,0.46,CAVITATION_LEAK
43.26,52.69,300.4,31.4,0.252,0.147,PARTIAL_CLOG
48.29,63.15,652.0,22.8,0.214,0.075,FULL_CLOG
39.42,44.08,93.4,49.9,0.207,0.337,NORMAL
47.99,65.85,540.1,33.1,0.286,0.042,FULL_CLOG
40.18,45.65,130.4,41.9,0.134,0.31,NORMAL
38.12,42.03,132.2,29.6,0.197,0.288,NORMAL
24.96,25.42,52.1,8.9,1.741,0.549,CAVITATION_LEAK
39.13,42.78,115.4,31.6,0.102,0.285,NORMAL
42.64,47.38,114.3,41.5,0.214,0.303,NORMAL
26.63,27.39,46.9,16.3,1.64,0.566,CAVITATION_LEAK
29.11,30.27,37.9,30.7,1.284,0.443,CAVITATION_LEAK
44.64,53.35,273.2,31.9,0.346,0.209,PARTIAL_CLOG
44.24,52.12,302.9,26.0,0.471,0.182,PARTIAL_CLOG
38.53,42.99,91.1,48.9,0.164,0.269,NORMAL
38.84,43.31,119.4,37.4,0.189,0.288,NORMAL
40.06,44.94,101.7,48.1,0.243,0.306,NORMAL
43.89,52.28,279.4,30.0,0.472,0.189,PARTIAL_CLOG
46.68,61.91,746.4,20.4,0.204,0.027,FULL_CLOG
46.87,60.13,715.2,18.5,0.181,0.021,FULL_CLOG
52.37,66.38,595.6,23.5,0.253,0.033,FULL_CLOG
40.84,44.69,95.8,40.1,0.295,0.281,NORMAL
42.55,52.29,269.1,36.2,0.33,0.216,PARTIAL_CLOG
41.84,46.36,116.2,38.9,0.172,0.291,NORMAL
43.66,52.26,269.9,31.9,0.46,0.195,PARTIAL_CLOG
39.87,44.98,102.1,50.1,0.253,0.3,NORMAL
46.81,64.11,786.0,22.0,0.323,0.034,FULL_CLOG
41.3,46.6,120.1,44.2,0.155,0.292,NORMAL
37.52,41.87,126.3,34.4,0.214,0.331,NORMAL
40.39,46.03,91.4,61.7,0.136,0.304,NORMAL
47.83,61.03,582.4,22.7,0.266,0.05,FULL_CLOG
42.6,51.91,294.5,31.6,0.48,0.151,PARTIAL_CLOG
40.37,44.46,118.3,34.5,0.229,0.312,NORMAL
42.06,45.32,116.2,28.0,0.116,0.324,NORMAL
43.01,52.41,220.7,42.6,0.29,0.175,PARTIAL_CLOG
40.78,44.09,139.5,23.8,0.121,0.32,NORMAL
48.31,64.17,596.7,26.6,0.178,0.062,FULL_CLOG
43.8,52.19,262.9,31.9,0.328,0.144,PARTIAL_CLOG
39.82,44.88,119.4,42.4,0.242,0.312,NORMAL
39.36,44.28,98.7,49.8,0.168,0.306,NORMAL
23.3,24.11,53.6,15.2,1.77,0.599,CAVITATION_LEAK
41.6,46.76,119.2,43.3,0.296,0.319,NORMAL
39.85,44.77,113.6,43.3,0.265,0.283,NORMAL
47.23,61.39,645.1,22.0,0.257,0.066,FULL_CLOG
26.6,28.04,47.1,30.7,0.923,0.467,CAVITATION_LEAK
20.15,21.21,27.3,38.9,1.241,0.593,CAVITATION_LEAK
50.51,67.9,578.0,30.1,0.181,0.065,FULL_CLOG
39.61,44.17,127.0,35.9,0.278,0.277,NORMAL
37.86,41.25,117.7,28.8,0.264,0.305,NORMAL
46.88,64.72,628.2,28.4,0.369,0.03,FULL_CLOG
41.46,50.69,291.6,31.6,0.265,0.159,PARTIAL_CLOG
39.74,44.83,122.2,41.7,0.118,0.314,NORMAL
19.93,20.62,47.7,14.5,1.057,0.539,CAVITATION_LEAK
40.36,45.49,118.5,43.3,0.165,0.323,NORMAL
41.17,50.83,310.7,31.1,0.473,0.168,PARTIAL_CLOG
38.73,43.55,104.6,46.0,0.126,0.337,NORMAL
42.99,50.84,289.0,27.2,0.282,0.194,PARTIAL_CLOG
41.54,46.69,121.5,42.4,0.241,0.306,NORMAL
40.54,45.49,98.6,50.2,0.163,0.313,NORMAL
40.34,44.42,121.6,33.5,0.147,0.276,NORMAL
44.13,52.55,301.4,27.9,0.294,0.18,PARTIAL_CLOG
43.5,51.91,261.2,32.2,0.455,0.192,PARTIAL_CLOG
42.29,52.37,209.9,48.0,0.545,0.187,PARTIAL_CLOG
22.42,23.23,34.2,23.9,1.471,0.423,CAVITATION_LEAK
39.78,44.52,111.5,42.6,0.121,0.306,NORMAL
40.32,45.15,114.2,42.3,0.235,0.314,NORMAL
46.82,60.45,635.8,21.4,0.349,0.034,FULL_CLOG
38.63,43.4,131.2,36.4,0.207,0.282,NORMAL
22.22,23.83,56.7,28.4,1.143,0.519,CAVITATION_LEAK
39.34,43.92,126.3,36.3,0.266,0.299,NORMAL
27.5,28.35,50.9,16.7,0.968,0.598,CAVITATION_LEAK
40.15,44.7,133.3,34.1,0.186,0.287,NORMAL
45.27,62.91,588.1,30.0,0.384,0.045,FULL_CLOG
43.7,52.58,248.4,35.8,0.27,0.215,PARTIAL_CLOG
28.55,29.85,50.8,25.5,1.643,0.417,CAVITATION_LEAK
38.84,43.3,111.4,40.0,0.225,0.317,NORMAL
42.69,52.35,242.9,39.8,0.429,0.152,PARTIAL_CLOG
31.16,32.67,40.4,37.5,1.949,0.377,CAVITATION_LEAK
44.78,52.55,318.6,24.4,0.291,0.157,PARTIAL_CLOG
43.52,51.92,266.0,31.6,0.332,0.218,PARTIAL_CLOG
42.38,51.15,239.7,36.6,0.3,0.205,PARTIAL_CLOG
46.23,54.66,299.9,28.1,0.271,0.219,PARTIAL_CLOG
43.81,51.83,274.8,29.2,0.503,0.145,PARTIAL_CLOG
44.68,54.7,302.6,33.1,0.302,0.176,PARTIAL_CLOG
24.16,25.44,49.4,25.9,1.946,0.44,CAVITATION_LEAK
41.61,46.06,131.5,33.8,0.219,0.257,NORMAL
39.74,44.71,134.6,36.9,0.183,0.294,NORMAL
29.94,31.0,48.9,21.7,1.083,0.386,CAVITATION_LEAK
48.14,59.6,765.4,15.0,0.186,0.069,FULL_CLOG
42.73,51.79,265.7,34.1,0.387,0.141,PARTIAL_CLOG
43.48,52.37,261.4,34.0,0.47,0.181,PARTIAL_CLOG
40.81,45.02,98.7,42.7,0.147,0.335,NORMAL
41.32,46.03,96.5,48.9,0.273,0.308,NORMAL
42.69,51.01,187.6,44.4,0.311,0.194,PARTIAL_CLOG
41.58,46.07,117.1,38.4,0.197,0.271,NORMAL
46.12,54.73,268.0,32.1,0.308,0.185,PARTIAL_CLOG
38.06,42.45,112.0,39.1,0.29,0.353,NORMAL
27.88,29.36,62.2,23.8,0.992,0.483,CAVITATION_LEAK
26.74,27.62,56.9,15.5,1.093,0.444,CAVITATION_LEAK
43.08,52.79,270.3,36.0,0.463,0.153,PARTIAL_CLOG
42.22,51.25,294.6,30.7,0.283,0.174,PARTIAL_CLOG
38.49,43.36,126.2,38.6,0.235,0.267,NORMAL
49.46,62.62,586.9,22.4,0.397,0.059,FULL_CLOG
44.85,54.98,254.8,39.8,0.334,0.171,PARTIAL_CLOG
38.27,42.53,114.0,37.4,0.168,0.285,NORMAL
26.73,28.31,49.2,32.1,1.011,0.352,CAVITATION_LEAK
49.02,67.07,660.1,27.3,0.227,0.023,FULL_CLOG
24.59,26.06,49.6,29.6,1.29,0.442,CAVITATION_LEAK
45.61,54.13,303.7,28.0,0.522,0.216,PARTIAL_CLOG
43.44,51.83,292.8,28.7,0.492,0.147,PARTIAL_CLOG
40.92,45.49,100.9,45.2,0.215,0.291,NORMAL
26.11,27.2,46.6,23.4,1.755,0.511,CAVITATION_LEAK
49.04,60.47,819.0,14.0,0.275,0.011,FULL_CLOG
39.41,44.71,115.2,46.0,0.197,0.304,NORMAL
38.85,43.41,113.6,40.2,0.223,0.308,NORMAL
40.04,43.86,123.4,30.9,0.261,0.284,NORMAL
48.0,64.33,778.3,21.0,0.183,0.075,FULL_CLOG
25.14,26.0,45.8,18.6,1.31,0.487,CAVITATION_LEAK
39.56,44.25,107.1,43.9,0.12,0.312,NORMAL
45.28,53.69,294.8,28.5,0.321,0.19,PARTIAL_CLOG
40.81,45.5,103.1,45.5,0.186,0.275,NORMAL
26.75,28.36,51.4,31.4,0.966,0.39,CAVITATION_LEAK
49.29,64.83,464.4,33.5,0.362,0.05,FULL_CLOG
49.57,62.87,395.9,33.6,0.362,0.049,FULL_CLOG
40.96,48.99,357.7,22.4,0.322,0.207,PARTIAL_CLOG
39.92,45.15,106.2,49.2,0.148,0.294,NORMAL
39.86,44.49,113.2,40.9,0.161,0.294,NORMAL
39.94,44.37,140.8,31.5,0.171,0.275,NORMAL
51.67,66.97,680.1,22.5,0.215,0.046,FULL_CLOG
51.17,66.15,703.0,21.3,0.155,0.029,FULL_CLOG
23.21,24.14,54.2,17.1,1.47,0.455,CAVITATION_LEAK
24.93,26.3,42.3,32.3,1.645,0.401,CAVITATION_LEAK
44.8,53.77,235.1,38.2,0.275,0.166,PARTIAL_CLOG
49.36,64.46,513.4,29.4,0.326,0.026,FULL_CLOG
27.0,28.05,46.2,22.7,0.975,0.515,CAVITATION_LEAK
48.1,66.58,585.2,31.6,0.221,0.01,FULL_CLOG
41.62,45.79,105.3,39.6,0.104,0.291,NORMAL
43.61,53.3,270.8,35.8,0.441,0.148,PARTIAL_CLOG
41.68,45.78,111.6,36.7,0.275,0.297,NORMAL
26.14,26.83,63.7,10.8,1.891,0.546,CAVITATION_LEAK
43.15,51.51,276.7,30.2,0.269,0.186,PARTIAL_CLOG
41.14,45.7,113.3,40.3,0.131,0.317,NORMAL
42.47,50.12,272.7,28.0,0.372,0.164,PARTIAL_CLOG
40.97,50.12,259.3,35.3,0.266,0.219,PARTIAL_CLOG
41.51,47.31,128.7,45.1,0.134,0.301,NORMAL
38.78,42.61,120.2,31.9,0.123,0.288,NORMAL
42.48,52.45,304.8,32.7,0.485,0.218,PARTIAL_CLOG
45.56,53.71,289.3,28.2,0.323,0.215,PARTIAL_CLOG
46.46,65.18,668.2,28.0,0.173,0.077,FULL_CLOG
44.45,52.63,238.4,34.3,0.371,0.216,PARTIAL_CLOG
45.87,61.35,514.9,30.1,0.343,0.014,FULL_CLOG
41.82,50.43,244.5,35.2,0.362,0.204,PARTIAL_CLOG
44.47,54.4,260.1,38.2,0.282,0.152,PARTIAL_CLOG
45.69,60.16,756.0,19.1,0.295,0.06,FULL_CLOG
41.03,45.32,101.4,42.3,0.269,0.302,NORMAL
41.55,46.88,118.7,44.9,0.251,0.327,NORMAL
40.44,45.26,125.6,38.4,0.117,0.277,NORMAL
47.0,60.48,645.9,20.9,0.287,0.047,FULL_CLOG
43.13,53.1,289.1,34.5,0.315,0.19,PARTIAL_CLOG
43.22,52.41,286.7,32.1,0.279,0.15,PARTIAL_CLOG
41.18,44.98,122.0,31.1,0.113,0.3,NORMAL
42.65,47.75,99.9,51.1,0.173,0.296,NORMAL
39.54,44.25,117.9,40.0,0.252,0.316,NORMAL
38.9,43.73,127.7,37.9,0.186,0.325,NORMAL
43.8,51.66,270.4,29.1,0.367,0.217,PARTIAL_CLOG
40.37,44.54,112.2,37.2,0.245,0.298,NORMAL
39.17,43.31,81.0,51.0,0.256,0.321,NORMAL
19.78,20.6,48.5,16.9,1.74,0.446,CAVITATION_LEAK
40.47,43.86,100.6,33.7,0.156,0.255,NORMAL
44.83,54.4,324.1,29.5,0.444,0.215,PARTIAL_CLOG
48.39,68.67,482.1,42.1,0.17,0.012,FULL_CLOG
38.95,42.24,118.8,27.8,0.202,0.314,NORMAL
46.17,54.47,290.6,28.5,0.307,0.159,PARTIAL_CLOG
46.04,59.88,757.5,18.3,0.356,0.047,FULL_CLOG
29.88,31.01,42.4,26.7,1.928,0.454,CAVITATION_LEAK
40.88,45.38,112.1,40.2,0.108,0.332,NORMAL
19.69,21.7,46.2,43.6,0.921,0.492,CAVITATION_LEAK
44.1,52.91,227.0,38.8,0.387,0.177,PARTIAL_CLOG
41.26,45.76,99.9,45.1,0.266,0.263,NORMAL
44.26,53.07,282.0,31.2,0.409,0.193,PARTIAL_CLOG
28.7,29.8,32.1,34.2,1.541,0.357,CAVITATION_LEAK
42.19,52.15,249.7,39.9,0.374,0.185,PARTIAL_CLOG
40.99,46.03,90.1,55.9,0.188,0.303,NORMAL
43.47,53.2,285.5,34.1,0.311,0.209,PARTIAL_CLOG
40.89,45.45,91.2,50.1,0.288,0.293,NORMAL
39.49,43.84,127.6,34.1,0.14,0.297,NORMAL
38.5,43.07,117.7,38.8,0.201,0.262,NORMAL
40.35,44.26,112.4,34.8,0.29,0.3,NORMAL
41.07,46.36,122.8,43.1,0.288,0.285,NORMAL
41.24,45.91,132.7,35.2,0.211,0.301,NORMAL
43.63,51.56,303.7,26.1,0.541,0.149,PARTIAL_CLOG
39.12,43.6,129.5,34.7,0.299,0.346,NORMAL
37.82,41.96,98.3,42.2,0.108,0.304,NORMAL
51.41,68.69,560.3,30.8,0.387,0.038,FULL_CLOG
42.35,51.42,305.9,29.6,0.444,0.161,PARTIAL_CLOG
44.25,53.65,281.0,33.4,0.405,0.218,PARTIAL_CLOG
38.77,43.39,103.1,44.9,0.196,0.302,NORMAL
38.31,42.75,121.2,36.6,0.185,0.299,NORMAL
41.86,45.99,95.1,43.4,0.144,0.315,NORMAL
39.92,44.76,106.8,45.4,0.14,0.295,NORMAL
39.0,43.8,123.0,39.0,0.283,0.299,NORMAL
41.01,45.71,120.4,39.0,0.202,0.309,NORMAL
39.46,43.74,108.3,39.5,0.142,0.312,NORMAL
40.64,45.66,110.1,45.6,0.211,0.289,NORMAL
43.31,52.1,297.4,29.6,0.388,0.212,PARTIAL_CLOG
38.53,43.24,114.5,41.1,0.117,0.307,NORMAL
40.16,46.12,112.8,52.8,0.167,0.265,NORMAL
41.8,50.71,275.5,32.3,0.478,0.182,PARTIAL_CLOG
42.74,51.59,252.0,35.1,0.305,0.197,PARTIAL_CLOG
38.62,43.25,131.4,35.2,0.212,0.277,NORMAL
46.0,64.61,490.4,37.9,0.151,0.041,FULL_CLOG
44.19,53.42,251.4,36.7,0.421,0.146,PARTIAL_CLOG
39.56,44.16,104.0,44.3,0.194,0.272,NORMAL
51.46,68.07,602.7,27.6,0.263,0.014,FULL_CLOG
29.09,30.15,38.2,27.9,0.979,0.425,CAVITATION_LEAK
40.32,44.74,127.0,34.8,0.219,0.319,NORMAL
41.39,45.64,102.7,41.4,0.126,0.349,NORMAL
48.12,63.27,681.9,22.2,0.367,0.053,FULL_CLOG
43.94,52.43,259.6,32.7,0.401,0.201,PARTIAL_CLOG
39.31,43.98,110.1,42.4,0.208,0.276,NORMAL
39.49,44.19,122.2,38.5,0.211,0.249,NORMAL
39.12,44.45,119.8,44.5,0.205,0.319,NORMAL
42.2,51.87,266.9,36.3,0.426,0.191,PARTIAL_CLOG
45.87,54.56,274.2,31.7,0.518,0.147,PARTIAL_CLOG
39.28,43.0,124.8,29.8,0.118,0.329,NORMAL
44.14,52.17,258.8,31.0,0.322,0.209,PARTIAL_CLOG
42.27,50.14,262.6,30.0,0.422,0.173,PARTIAL_CLOG
37.63,41.76,120.5,34.2,0.251,0.285,NORMAL
41.43,45.52,128.1,31.9,0.149,0.306,NORMAL
42.68,50.34,296.7,25.8,0.417,0.145,PARTIAL_CLOG
45.6,62.5,617.2,27.4,0.324,0.052,FULL_CLOG
44.68,52.2,237.1,31.8,0.413,0.141,PARTIAL_CLOG
42.54,52.2,305.8,31.6,0.419,0.146,PARTIAL_CLOG
40.99,46.1,128.5,39.8,0.159,0.312,NORMAL
41.89,46.62,97.0,48.7,0.192,0.29,NORMAL
42.12,51.2,297.8,30.5,0.448,0.205,PARTIAL_CLOG
38.82,43.47,118.1,39.3,0.183,0.315,NORMAL
38.98,43.1,103.3,39.9,0.254,0.297,NORMAL
38.28,42.65,107.1,40.8,0.118,0.338,NORMAL
39.74,44.14,121.5,36.2,0.132,0.27,NORMAL
40.11,44.7,103.4,44.4,0.272,0.313,NORMAL
39.99,44.23,117.6,36.1,0.299,0.304,NORMAL
39.16,42.76,121.4,29.6,0.117,0.268,NORMAL
41.43,45.55,109.0,37.7,0.133,0.305,NORMAL
47.31,64.35,565.7,30.1,0.257,0.033,FULL_CLOG
44.14,52.81,325.2,26.7,0.547,0.163,PARTIAL_CLOG
43.09,49.89,215.0,31.6,0.469,0.144,PARTIAL_CLOG
48.07,63.9,743.0,21.3,0.356,0.08,FULL_CLOG
41.05,49.15,220.8,36.7,0.538,0.164,PARTIAL_CLOG
39.25,43.6,106.7,40.8,0.122,0.295,NORMAL
43.56,50.14,236.2,27.8,0.49,0.158,PARTIAL_CLOG
40.74,48.93,307.2,26.6,0.266,0.199,PARTIAL_CLOG
42.42,51.31,318.3,27.9,0.289,0.141,PARTIAL_CLOG
40.89,46.67,88.0,65.7,0.295,0.309,NORMAL
40.65,45.48,102.1,47.3,0.181,0.29,NORMAL
40.03,45.2,96.8,53.4,0.132,0.317,NORMAL
38.44,44.03,101.5,55.1,0.114,0.293,NORMAL
45.14,52.66,288.7,26.1,0.44,0.158,PARTIAL_CLOG
43.12,52.19,250.6,36.2,0.341,0.146,PARTIAL_CLOG
39.52,44.29,116.1,41.1,0.201,0.276,NORMAL
21.41,23.07,43.4,38.3,1.062,0.371,CAVITATION_LEAK
45.18,53.41,301.3,27.3,0.48,0.155,PARTIAL_CLOG
38.74,43.59,114.4,42.3,0.286,0.287,NORMAL
38.59,43.1,100.7,44.8,0.192,0.289,NORMAL
37.11,40.88,109.9,34.3,0.14,0.297,NORMAL
39.59,44.43,107.6,45.0,0.27,0.302,NORMAL
39.37,43.52,103.6,40.1,0.135,0.248,NORMAL
39.73,43.56,136.2,28.1,0.287,0.315,NORMAL
41.37,45.82,109.2,40.7,0.23,0.34,NORMAL
41.68,45.87,111.7,37.5,0.185,0.32,NORMAL
47.93,64.75,737.2,22.8,0.274,0.02,FULL_CLOG
41.15,45.36,119.7,35.2,0.109,0.285,NORMAL
44.74,53.21,286.6,29.5,0.319,0.185,PARTIAL_CLOG
41.96,46.37,114.8,38.4,0.264,0.297,NORMAL
31.88,33.26,45.7,30.2,1.434,0.44,CAVITATION_LEAK
40.63,45.08,98.5,45.1,0.125,0.301,NORMAL
39.51,44.52,110.5,45.4,0.14,0.319,NORMAL
32.25,33.4,39.8,28.9,1.451,0.5,CAVITATION_LEAK
49.41,65.97,663.2,25.0,0.384,0.045,FULL_CLOG
45.24,59.77,717.3,20.3,0.257,0.077,FULL_CLOG
39.87,43.98,105.6,38.9,0.117,0.276,NORMAL
40.87,45.69,118.1,40.8,0.169,0.303,NORMAL
44.26,53.88,237.8,40.5,0.41,0.19,PARTIAL_CLOG
21.49,22.39,39.7,22.7,1.126,0.35,CAVITATION_LEAK
42.22,50.6,308.6,27.2,0.322,0.204,PARTIAL_CLOG
43.52,53.81,252.5,40.8,0.415,0.146,PARTIAL_CLOG
41.56,45.77,114.9,36.7,0.297,0.309,NORMAL
48.88,62.54,701.8,19.5,0.297,0.041,FULL_CLOG
41.47,45.87,110.6,39.8,0.208,0.267,NORMAL
41.35,46.18,134.7,35.8,0.13,0.267,NORMAL
39.79,44.61,114.2,42.2,0.276,0.276,NORMAL
41.32,50.29,298.3,30.1,0.397,0.182,PARTIAL_CLOG
39.68,44.38,112.0,42.0,0.282,0.304,NORMAL
40.83,45.87,123.3,40.9,0.126,0.301,NORMAL
43.5,51.96,264.7,32.0,0.36,0.188,PARTIAL_CLOG
42.37,46.33,115.1,34.4,0.137,0.293,NORMAL
42.3,52.14,336.1,29.3,0.471,0.186,PARTIAL_CLOG
39.13,43.31,82.1,50.9,0.23,0.323,NORMAL
45.28,55.82,258.4,40.8,0.277,0.141,PARTIAL_CLOG
43.12,51.37,286.5,28.8,0.357,0.214,PARTIAL_CLOG
40.38,44.16,123.2,30.7,0.113,0.323,NORMAL
41.16,45.87,117.6,40.0,0.182,0.296,NORMAL
38.34,42.93,110.0,41.7,0.214,0.302,NORMAL
40.11,44.36,84.4,50.3,0.114,0.321,NORMAL
27.17,28.31,42.4,26.8,1.588,0.42,CAVITATION_LEAK
39.94,43.81,122.3,31.7,0.225,0.264,NORMAL
48.8,65.0,612.4,26.5,0.216,0.064,FULL_CLOG
40.36,44.47,123.5,33.3,0.189,0.303,NORMAL
42.99,52.22,298.6,30.9,0.405,0.189,PARTIAL_CLOG
46.88,63.9,510.6,33.3,0.332,0.047,FULL_CLOG
45.67,55.61,269.7,36.8,0.508,0.173,PARTIAL_CLOG
43.62,51.75,250.8,32.4,0.395,0.177,PARTIAL_CLOG
41.05,45.35,117.9,36.5,0.195,0.295,NORMAL
38.23,42.48,97.8,43.5,0.256,0.3,NORMAL
20.81,22.54,65.0,26.7,1.466,0.543,CAVITATION_LEAK
48.09,60.95,651.6,19.7,0.353,0.049,FULL_CLOG
27.08,28.08,37.4,26.8,1.42,0.485,CAVITATION_LEAK
39.31,43.44,94.4,43.8,0.259,0.293,NORMAL
41.44,49.91,252.3,33.6,0.403,0.177,PARTIAL_CLOG
29.54,31.54,47.3,42.3,1.853,0.387,CAVITATION_LEAK
39.52,43.65,113.7,36.3,0.102,0.303,NORMAL
39.29,43.75,90.8,49.2,0.195,0.312,NORMAL
44.32,53.7,300.5,31.2,0.38,0.189,PARTIAL_CLOG
40.8,50.06,278.9,33.2,0.509,0.206,PARTIAL_CLOG
47.31,63.53,675.6,24.0,0.379,0.023,FULL_CLOG
39.69,44.46,92.1,51.9,0.11,0.309,NORMAL
47.13,66.08,588.6,32.2,0.317,0.014,FULL_CLOG
39.62,42.91,98.6,33.4,0.293,0.288,NORMAL
39.83,44.35,127.3,35.5,0.16,0.278,NORMAL
40.26,44.59,130.5,33.2,0.111,0.296,NORMAL
51.9,64.91,691.8,18.8,0.276,0.021,FULL_CLOG
43.67,52.62,289.7,30.9,0.273,0.184,PARTIAL_CLOG
44.63,52.39,274.2,28.3,0.543,0.148,PARTIAL_CLOG
38.52,43.72,98.7,52.6,0.126,0.299,NORMAL
49.14,63.98,608.5,24.4,0.347,0.044,FULL_CLOG
37.71,42.34,108.0,42.9,0.298,0.317,NORMAL
47.63,61.67,808.0,17.4,0.387,0.013,FULL_CLOG
38.05,43.5,113.0,48.2,0.114,0.304,NORMAL
39.26,43.37,122.2,33.6,0.215,0.289,NORMAL
40.22,49.5,300.5,30.9,0.41,0.157,PARTIAL_CLOG
39.83,44.63,113.7,42.2,0.203,0.275,NORMAL
46.41,53.79,199.8,36.9,0.462,0.161,PARTIAL_CLOG
43.07,51.97,367.9,24.2,0.301,0.215,PARTIAL_CLOG
40.45,45.3,138.0,35.1,0.27,0.295,NORMAL
43.65,58.9,462.9,32.9,0.295,0.048,FULL_CLOG
41.73,46.34,104.9,43.9,0.124,0.322,NORMAL
39.85,49.53,250.6,38.7,0.379,0.146,PARTIAL_CLOG
26.53,27.74,47.1,25.7,1.606,0.394,CAVITATION_LEAK
42.6,49.93,271.7,27.0,0.493,0.166,PARTIAL_CLOG
37.88,42.53,118.8,39.1,0.15,0.301,NORMAL
28.0,29.47,59.2,24.8,1.295,0.366,CAVITATION_LEAK
44.49,52.39,231.3,34.1,0.384,0.169,PARTIAL_CLOG
40.87,45.09,150.1,28.2,0.161,0.337,NORMAL
38.93,43.75,104.1,46.2,0.183,0.28,NORMAL
51.14,65.07,629.1,22.1,0.227,0.048,FULL_CLOG
41.64,51.6,233.7,42.6,0.313,0.193,PARTIAL_CLOG
43.23,52.07,281.5,31.4,0.318,0.142,PARTIAL_CLOG
48.67,62.38,541.2,25.3,0.327,0.032,FULL_CLOG
50.46,67.52,548.5,31.1,0.179,0.055,FULL_CLOG
41.67,46.51,97.0,49.9,0.274,0.252,NORMAL
39.42,43.85,94.7,46.7,0.173,0.272,NORMAL
40.86,44.66,96.8,39.3,0.267,0.295,NORMAL
41.14,51.22,276.1,36.5,0.369,0.192,PARTIAL_CLOG
42.51,46.99,91.1,49.2,0.128,0.322,NORMAL
42.49,48.92,272.1,23.7,0.454,0.175,PARTIAL_CLOG
48.2,64.64,640.5,25.7,0.249,0.044,FULL_CLOG
48.19,65.86,666.8,26.5,0.17,0.037,FULL_CLOG
38.68,43.81,116.9,43.8,0.125,0.313,NORMAL
49.29,64.95,509.8,30.7,0.302,0.02,FULL_CLOG
40.3,44.36,108.2,37.4,0.148,0.283,NORMAL
49.69,64.88,607.1,25.0,0.276,0.073,FULL_CLOG
40.53,45.64,96.0,53.2,0.217,0.333,NORMAL
40.85,45.17,112.6,38.4,0.124,0.342,NORMAL
50.48,65.98,727.7,21.3,0.238,0.028,FULL_CLOG
38.0,41.75,116.6,32.2,0.133,0.314,NORMAL
40.84,45.08,118.1,35.9,0.182,0.301,NORMAL
43.68,54.88,257.2,43.6,0.385,0.193,PARTIAL_CLOG
48.36,58.26,293.1,33.8,0.449,0.155,PARTIAL_CLOG
44.69,53.7,329.3,27.3,0.518,0.149,PARTIAL_CLOG
43.34,51.96,240.1,35.9,0.474,0.214,PARTIAL_CLOG
43.71,53.0,239.0,38.9,0.464,0.141,PARTIAL_CLOG
40.58,44.58,134.5,29.8,0.1,0.305,NORMAL
38.76,42.84,136.1,30.0,0.246,0.302,NORMAL
40.05,44.77,110.3,42.8,0.245,0.284,NORMAL
23.01,24.41,51.9,27.1,1.202,0.574,CAVITATION_LEAK
43.76,53.23,239.9,39.5,0.351,0.194,PARTIAL_CLOG
38.77,42.55,108.0,35.0,0.19,0.287,NORMAL
45.15,53.96,239.7,36.8,0.457,0.166,PARTIAL_CLOG
26.68,28.2,47.4,32.0,1.334,0.478,CAVITATION_LEAK
40.48,46.23,111.7,51.4,0.165,0.305,NORMAL
43.02,52.14,307.1,29.7,0.267,0.219,PARTIAL_CLOG
41.24,48.27,257.4,27.3,0.381,0.142,PARTIAL_CLOG
44.25,52.36,232.2,34.9,0.346,0.161,PARTIAL_CLOG
39.14,43.72,122.1,37.5,0.251,0.301,NORMAL
49.46,64.4,814.3,18.4,0.311,0.067,FULL_CLOG
29.89,31.31,27.1,52.7,1.155,0.36,CAVITATION_LEAK
43.51,53.26,286.7,34.0,0.353,0.191,PARTIAL_CLOG
44.99,54.15,328.0,27.9,0.423,0.202,PARTIAL_CLOG
34.36,36.49,49.8,42.7,1.381,0.537,CAVITATION_LEAK
44.64,54.47,241.2,40.7,0.501,0.147,PARTIAL_CLOG
40.69,44.44,117.2,32.0,0.183,0.278,NORMAL
44.18,51.9,248.1,31.1,0.549,0.195,PARTIAL_CLOG
41.5,51.83,321.5,32.2,0.411,0.2,PARTIAL_CLOG
38.44,42.62,105.8,39.4,0.291,0.306,NORMAL
43.36,52.22,298.2,29.7,0.546,0.158,PARTIAL_CLOG
27.2,28.49,50.6,25.6,1.447,0.489,CAVITATION_LEAK
25.63,27.12,46.8,31.7,1.08,0.482,CAVITATION_LEAK
43.77,52.04,290.3,28.5,0.34,0.193,PARTIAL_CLOG
42.81,46.88,121.4,33.5,0.161,0.285,NORMAL
23.82,25.21,38.0,36.6,0.991,0.516,CAVITATION_LEAK
49.64,63.47,694.2,19.9,0.373,0.044,FULL_CLOG
40.55,44.44,112.6,34.5,0.243,0.293,NORMAL
23.68,24.31,51.6,12.1,1.266,0.515,CAVITATION_LEAK
48.06,67.2,569.7,33.6,0.231,0.018,FULL_CLOG
44.75,53.78,275.7,32.8,0.405,0.167,PARTIAL_CLOG
40.29,49.15,314.8,28.1,0.316,0.176,PARTIAL_CLOG
42.27,46.33,105.7,38.4,0.108,0.344,NORMAL
39.14,43.47,118.8,36.4,0.271,0.283,NORMAL
39.81,43.85,116.1,34.8,0.151,0.289,NORMAL
44.87,60.66,719.7,21.9,0.239,0.085,FULL_CLOG
37.87,42.19,135.5,31.9,0.271,0.274,NORMAL
40.53,44.58,116.6,34.8,0.14,0.297,NORMAL
39.53,45.14,103.7,54.2,0.238,0.273,NORMAL
43.79,53.85,253.2,39.7,0.389,0.171,PARTIAL_CLOG
25.7,27.34,48.1,34.3,1.393,0.555,CAVITATION_LEAK
38.71,42.87,126.5,32.9,0.199,0.322,NORMAL
38.1,42.34,110.5,38.4,0.139,0.264,NORMAL
41.29,51.31,237.1,42.3,0.253,0.144,PARTIAL_CLOG
41.44,50.53,304.2,29.9,0.413,0.207,PARTIAL_CLOG
41.9,46.2,116.6,36.9,0.111,0.277,NORMAL
44.98,54.1,260.7,35.0,0.345,0.177,PARTIAL_CLOG
38.7,43.04,132.1,32.9,0.188,0.274,NORMAL
41.44,45.92,114.0,39.3,0.152,0.3,NORMAL
46.32,53.89,286.8,26.4,0.331,0.211,PARTIAL_CLOG
41.54,46.56,114.7,43.8,0.183,0.291,NORMAL
28.37,29.13,59.1,12.7,1.633,0.484,CAVITATION_LEAK
39.27,44.02,121.4,39.1,0.219,0.279,NORMAL
44.46,52.89,264.3,31.9,0.403,0.167,PARTIAL_CLOG
42.92,49.72,316.7,21.5,0.52,0.187,PARTIAL_CLOG
39.54,43.49,119.1,33.2,0.246,0.273,NORMAL
42.02,51.17,255.8,35.8,0.267,0.215,PARTIAL_CLOG
41.16,46.15,120.9,41.2,0.13,0.301,NORMAL
24.91,26.41,44.3,33.8,1.508,0.36,CAVITATION_LEAK
39.91,44.18,102.5,41.7,0.281,0.278,NORMAL
38.55,43.08,116.4,38.9,0.246,0.308,NORMAL
38.9,43.72,123.0,39.2,0.144,0.304,NORMAL
22.94,24.4,50.3,29.2,1.349,0.46,CAVITATION_LEAK
44.18,54.16,252.4,39.6,0.344,0.203,PARTIAL_CLOG
42.14,50.27,254.6,31.9,0.387,0.149,PARTIAL_CLOG
41.35,44.88,126.7,27.8,0.251,0.319,NORMAL
43.4,52.43,269.4,33.5,0.441,0.161,PARTIAL_CLOG
40.83,44.79,113.2,35.0,0.224,0.324,NORMAL
51.09,66.58,728.1,21.3,0.36,0.047,FULL_CLOG
41.57,45.82,98.0,43.4,0.265,0.292,NORMAL
38.14,42.37,128.5,32.9,0.228,0.303,NORMAL
39.65,44.1,116.0,38.3,0.154,0.291,NORMAL
43.71,52.66,247.2,36.2,0.462,0.208,PARTIAL_CLOG
43.33,52.19,270.0,32.8,0.538,0.142,PARTIAL_CLOG
40.75,44.42,102.6,35.8,0.147,0.319,NORMAL
52.18,69.33,648.9,26.4,0.233,0.048,FULL_CLOG
42.99,50.25,332.0,21.9,0.374,0.176,PARTIAL_CLOG
44.86,54.37,293.7,32.4,0.426,0.199,PARTIAL_CLOG
39.7,43.05,105.1,31.9,0.143,0.271,NORMAL
40.38,44.54,119.7,34.7,0.246,0.291,NORMAL
43.71,54.81,233.4,47.5,0.543,0.144,PARTIAL_CLOG
40.09,45.62,97.7,56.6,0.263,0.318,NORMAL
40.53,45.88,114.6,46.7,0.254,0.275,NORMAL
46.06,65.01,727.8,26.0,0.211,0.05,FULL_CLOG
23.23,23.69,47.1,9.9,1.542,0.393,CAVITATION_LEAK
39.02,43.34,121.1,35.7,0.256,0.307,NORMAL
40.1,45.34,102.6,51.1,0.113,0.307,NORMAL
43.57,53.1,255.4,37.3,0.461,0.172,PARTIAL_CLOG
38.46,43.7,120.9,43.3,0.164,0.293,NORMAL
40.27,43.95,121.9,30.2,0.177,0.295,NORMAL
41.62,45.89,107.5,39.7,0.175,0.283,NORMAL
39.57,48.71,265.2,34.4,0.381,0.169,PARTIAL_CLOG
44.26,53.79,218.0,43.7,0.441,0.156,PARTIAL_CLOG
38.83,42.94,109.7,37.4,0.287,0.297,NORMAL
37.3,41.96,111.7,41.8,0.167,0.288,NORMAL
39.38,43.25,128.7,30.1,0.158,0.319,NORMAL
41.73,51.39,270.8,35.7,0.363,0.186,PARTIAL_CLOG
40.97,45.05,109.2,37.3,0.135,0.276,NORMAL
41.19,47.12,118.6,50.0,0.163,0.259,NORMAL
49.23,65.5,627.3,25.9,0.288,0.034,FULL_CLOG
38.94,43.27,123.4,35.1,0.141,0.315,NORMAL
47.25,56.65,314.6,29.9,0.279,0.176,PARTIAL_CLOG
40.52,45.29,129.7,36.8,0.131,0.336,NORMAL
41.42,45.89,110.7,40.3,0.167,0.32,NORMAL
40.79,45.69,117.1,41.8,0.26,0.278,NORMAL
41.6,52.38,262.5,41.1,0.544,0.214,PARTIAL_CLOG
49.21,65.84,594.3,28.0,0.155,0.059,FULL_CLOG
50.61,62.95,566.9,21.8,0.177,0.075,FULL_CLOG
40.17,44.32,135.3,30.7,0.202,0.326,NORMAL
43.72,52.37,272.8,31.7,0.351,0.174,PARTIAL_CLOG
37.91,42.31,129.0,34.1,0.104,0.318,NORMAL
39.04,43.83,120.5,39.7,0.224,0.3,NORMAL
46.63,63.77,573.9,29.9,0.16,0.062,FULL_CLOG
39.37,43.62,104.2,40.8,0.202,0.314,NORMAL
37.9,42.31,116.0,38.0,0.179,0.264,NORMAL
40.89,45.18,122.4,35.1,0.199,0.293,NORMAL
40.48,44.6,111.6,37.0,0.113,0.309,NORMAL
39.83,44.39,135.0,33.8,0.224,0.272,NORMAL
43.14,53.56,264.8,39.3,0.389,0.204,PARTIAL_CLOG
40.85,46.09,112.7,46.5,0.264,0.3,NORMAL
47.73,60.59,821.4,15.7,0.358,0.054,FULL_CLOG
47.06,62.88,742.5,21.3,0.199,0.014,FULL_CLOG
38.84,43.02,115.5,36.1,0.132,0.277,NORMAL
40.29,44.66,96.5,45.2,0.203,0.294,NORMAL
41.85,46.61,130.2,36.5,0.123,0.294,NORMAL
40.45,48.21,290.4,26.7,0.366,0.153,PARTIAL_CLOG
39.39,43.59,93.8,44.7,0.203,0.331,NORMAL
46.11,56.02,287.7,34.5,0.327,0.154,PARTIAL_CLOG
39.99,44.97,94.6,52.7,0.118,0.309,NORMAL
44.88,54.56,296.7,32.6,0.385,0.188,PARTIAL_CLOG
40.92,45.42,128.1,35.1,0.191,0.333,NORMAL
40.07,43.76,104.0,35.5,0.296,0.347,NORMAL
19.61,20.38,43.9,17.4,0.903,0.438,CAVITATION_LEAK
51.03,67.35,668.6,24.4,0.213,0.072,FULL_CLOG
39.53,43.65,105.9,38.9,0.14,0.277,NORMAL
47.21,61.92,646.7,22.7,0.31,0.057,FULL_CLOG
42.22,50.55,245.7,33.9,0.304,0.173,PARTIAL_CLOG
51.6,69.31,666.1,26.6,0.179,0.065,FULL_CLOG
46.5,62.68,606.4,26.7,0.386,0.073,FULL_CLOG
40.45,44.48,120.6,33.4,0.166,0.336,NORMAL
41.0,45.18,125.4,33.4,0.159,0.298,NORMAL
39.46,43.1,116.3,31.3,0.241,0.246,NORMAL
43.36,53.67,313.5,32.9,0.537,0.147,PARTIAL_CLOG
43.72,52.63,279.7,31.9,0.48,0.14,PARTIAL_CLOG
40.04,44.09,107.2,37.8,0.262,0.306,NORMAL
39.89,43.83,100.0,39.4,0.163,0.289,NORMAL
48.42,61.7,572.7,23.2,0.393,0.044,FULL_CLOG
28.32,29.6,38.0,33.4,1.567,0.388,CAVITATION_LEAK
42.62,50.5,309.9,25.4,0.326,0.197,PARTIAL_CLOG
39.82,43.21,98.2,34.5,0.131,0.324,NORMAL
37.13,41.61,110.3,40.6,0.256,0.324,NORMAL
41.71,46.93,118.4,44.1,0.208,0.321,NORMAL
29.15,30.31,59.0,19.8,1.735,0.431,CAVITATION_LEAK
38.72,44.05,131.9,40.4,0.175,0.317,NORMAL
43.6,52.85,253.9,36.4,0.374,0.171,PARTIAL_CLOG
38.94,43.51,106.8,42.8,0.254,0.334,NORMAL
44.72,54.05,363.1,25.7,0.526,0.206,PARTIAL_CLOG
41.96,49.25,263.2,27.7,0.368,0.212,PARTIAL_CLOG
46.0,59.65,573.6,23.8,0.236,0.041,FULL_CLOG
39.89,44.3,120.0,36.8,0.144,0.31,NORMAL
37.67,40.98,119.2,27.8,0.203,0.306,NORMAL
41.09,45.81,115.0,41.1,0.281,0.31,NORMAL
25.97,27.85,64.8,29.1,1.233,0.535,CAVITATION_LEAK
46.1,65.22,707.5,27.0,0.189,0.052,FULL_CLOG
44.14,54.82,250.3,42.7,0.325,0.176,PARTIAL_CLOG
43.18,53.17,267.5,37.4,0.535,0.191,PARTIAL_CLOG
42.95,51.96,234.9,38.4,0.505,0.217,PARTIAL_CLOG
39.68,44.52,109.9,44.0,0.157,0.301,NORMAL
22.7,24.18,44.3,33.3,1.168,0.522,CAVITATION_LEAK
40.65,45.42,142.0,33.6,0.221,0.291,NORMAL
39.66,44.78,103.6,49.4,0.207,0.282,NORMAL
42.14,50.28,271.2,30.0,0.466,0.176,PARTIAL_CLOG
39.3,43.09,109.5,34.6,0.217,0.288,NORMAL
37.47,41.26,117.1,32.3,0.131,0.283,NORMAL
40.55,48.07,274.9,27.3,0.416,0.21,PARTIAL_CLOG
42.12,46.87,108.4,43.8,0.262,0.289,NORMAL
42.42,51.41,241.2,37.3,0.314,0.216,PARTIAL_CLOG
39.48,44.2,106.0,44.5,0.207,0.297,NORMAL
40.55,44.24,127.7,28.9,0.217,0.29,NORMAL
39.69,43.87,108.2,38.6,0.186,0.288,NORMAL
41.0,45.51,111.3,40.5,0.221,0.275,NORMAL
42.31,53.77,297.2,38.6,0.499,0.217,PARTIAL_CLOG
38.66,42.78,115.4,35.7,0.249,0.303,NORMAL
40.91,50.06,266.2,34.4,0.492,0.18,PARTIAL_CLOG
42.26,53.11,333.0,32.6,0.515,0.163,PARTIAL_CLOG
43.89,53.98,250.8,40.2,0.316,0.18,PARTIAL_CLOG
27.23,28.69,34.2,42.9,1.242,0.447,CAVITATION_LEAK
42.82,52.37,253.0,37.8,0.326,0.163,PARTIAL_CLOG
38.94,43.42,117.5,38.1,0.116,0.256,NORMAL
39.02,42.78,136.7,27.5,0.186,0.304,NORMAL
39.19,43.1,115.2,33.9,0.121,0.3,NORMAL
43.85,52.01,256.3,31.8,0.302,0.15,PARTIAL_CLOG
39.14,43.07,114.5,34.4,0.104,0.285,NORMAL
41.29,51.24,276.7,36.0,0.299,0.194,PARTIAL_CLOG
42.95,52.24,240.1,38.7,0.326,0.204,PARTIAL_CLOG
40.47,44.15,122.1,30.1,0.125,0.293,NORMAL
47.77,64.73,592.1,28.7,0.235,0.088,FULL_CLOG
38.46,42.41,145.7,27.1,0.199,0.321,NORMAL
40.28,45.13,118.6,40.9,0.112,0.292,NORMAL
42.76,53.47,244.0,43.9,0.402,0.151,PARTIAL_CLOG
43.09,53.68,270.8,39.1,0.327,0.15,PARTIAL_CLOG
43.07,53.22,267.5,37.9,0.371,0.178,PARTIAL_CLOG
39.49,44.47,130.6,38.2,0.217,0.294,NORMAL
41.21,44.78,107.3,33.2,0.299,0.319,NORMAL
47.52,65.04,543.5,32.2,0.232,0.02,FULL_CLOG
46.35,59.35,777.8,16.7,0.278,0.041,FULL_CLOG
42.53,51.53,257.3,35.0,0.425,0.215,PARTIAL_CLOG
40.28,45.03,110.9,42.8,0.104,0.322,NORMAL
43.79,53.33,257.6,37.0,0.526,0.199,PARTIAL_CLOG
39.42,43.91,112.8,39.8,0.125,0.298,NORMAL
42.29,47.38,131.2,38.7,0.272,0.339,NORMAL
26.07,27.9,29.4,62.1,1.564,0.504,CAVITATION_LEAK
39.72,44.41,105.0,44.7,0.101,0.313,NORMAL
22.62,23.23,48.3,12.5,1.337,0.581,CAVITATION_LEAK
39.97,44.44,122.1,36.6,0.245,0.272,NORMAL
38.71,43.78,111.6,45.4,0.266,0.319,NORMAL
42.75,51.47,274.9,31.7,0.292,0.218,PARTIAL_CLOG
46.5,62.28,637.2,24.8,0.378,0.036,FULL_CLOG
44.29,53.88,317.6,30.2,0.438,0.202,PARTIAL_CLOG
49.74,69.41,685.0,28.7,0.204,0.061,FULL_CLOG
43.99,55.23,193.2,58.2,0.499,0.147,PARTIAL_CLOG
44.97,56.54,278.2,41.6,0.498,0.176,PARTIAL_CLOG
47.14,65.88,780.7,24.0,0.191,0.023,FULL_CLOG
39.36,44.11,103.2,46.0,0.222,0.273,NORMAL
41.14,49.21,206.4,39.1,0.509,0.191,PARTIAL_CLOG
39.76,44.48,119.2,39.6,0.286,0.284,NORMAL
27.37,27.92,49.5,11.1,1.757,0.411,CAVITATION_LEAK
20.27,21.78,53.9,28.0,1.787,0.351,CAVITATION_LEAK
41.26,45.92,116.7,39.9,0.19,0.273,NORMAL
40.91,51.86,295.6,37.1,0.428,0.141,PARTIAL_CLOG
23.87,25.11,46.9,26.6,1.152,0.534,CAVITATION_LEAK
39.84,43.95,91.9,44.7,0.244,0.281,NORMAL
44.42,54.59,251.8,40.4,0.445,0.192,PARTIAL_CLOG
25.22,26.43,37.5,32.3,1.887,0.509,CAVITATION_LEAK
40.41,45.53,105.6,48.5,0.168,0.33,NORMAL
42.52,51.66,218.4,41.8,0.3,0.178,PARTIAL_CLOG
40.24,45.74,103.2,53.3,0.168,0.335,NORMAL
25.8,28.09,31.7,72.2,1.254,0.425,CAVITATION_LEAK
27.86,28.56,52.0,13.4,1.809,0.371,CAVITATION_LEAK
26.53,26.95,53.8,7.9,0.976,0.471,CAVITATION_LEAK
40.48,47.61,247.5,28.8,0.463,0.22,PARTIAL_CLOG
47.66,65.65,604.6,29.8,0.362,0.039,FULL_CLOG
48.64,63.21,619.8,23.5,0.229,0.069,FULL_CLOG
39.95,45.12,91.8,56.3,0.291,0.29,NORMAL
48.39,66.51,644.1,28.1,0.294,0.051,FULL_CLOG
39.14,43.29,119.9,34.6,0.179,0.296,NORMAL
44.29,51.64,267.8,27.4,0.402,0.18,PARTIAL_CLOG
40.57,45.37,83.2,57.6,0.174,0.306,NORMAL
40.84,45.74,126.2,38.8,0.141,0.317,NORMAL
37.51,42.6,105.7,48.1,0.166,0.292,NORMAL
43.91,52.85,291.4,30.7,0.38,0.151,PARTIAL_CLOG
39.97,44.08,116.5,35.3,0.274,0.273,NORMAL
46.35,56.53,218.3,46.7,0.488,0.163,PARTIAL_CLOG
38.84,43.13,106.3,40.4,0.129,0.324,NORMAL
40.76,45.36,116.2,39.6,0.206,0.289,NORMAL
40.53,49.08,347.8,24.6,0.546,0.183,PARTIAL_CLOG
46.85,66.53,615.9,31.9,0.374,0.085,FULL_CLOG
39.87,45.26,97.2,55.4,0.242,0.309,NORMAL
44.72,52.88,222.7,36.6,0.483,0.216,PARTIAL_CLOG
48.31,61.27,742.4,17.5,0.27,0.054,FULL_CLOG
41.56,50.16,275.4,31.2,0.47,0.189,PARTIAL_CLOG
37.88,41.83,95.5,41.4,0.209,0.311,NORMAL
39.76,45.81,114.9,52.8,0.134,0.267,NORMAL
45.76,61.58,703.0,22.5,0.315,0.02,FULL_CLOG
39.77,44.9,122.8,41.8,0.174,0.316,NORMAL
48.64,64.71,606.7,26.5,0.221,0.087,FULL_CLOG
42.34,51.15,264.4,33.3,0.31,0.162,PARTIAL_CLOG
26.88,28.63,44.9,39.0,1.299,0.408,CAVITATION_LEAK
47.85,65.73,733.0,24.4,0.33,0.019,FULL_CLOG
27.31,28.67,47.0,29.0,1.906,0.532,CAVITATION_LEAK
40.86,46.27,114.0,47.5,0.22,0.292,NORMAL
49.3,68.77,651.0,29.9,0.348,0.048,FULL_CLOG
40.2,44.54,114.2,38.0,0.166,0.317,NORMAL
44.81,56.24,289.4,39.5,0.528,0.183,PARTIAL_CLOG
43.08,51.82,301.1,29.0,0.471,0.172,PARTIAL_CLOG
51.37,66.21,643.5,23.1,0.175,0.048,FULL_CLOG
25.93,26.7,55.0,13.9,1.615,0.474,CAVITATION_LEAK
47.86,67.15,648.2,29.7,0.263,0.066,FULL_CLOG
39.25,43.26,116.5,34.4,0.15,0.317,NORMAL
41.23,45.36,101.2,40.8,0.134,0.292,NORMAL
42.35,51.21,242.8,36.5,0.402,0.202,PARTIAL_CLOG
41.72,45.7,103.3,38.5,0.129,0.32,NORMAL
38.66,44.2,118.3,46.8,0.176,0.28,NORMAL
41.49,46.17,93.3,50.1,0.105,0.281,NORMAL
39.07,43.62,117.1,38.8,0.118,0.297,NORMAL
40.85,45.94,119.9,42.4,0.181,0.309,NORMAL
38.17,43.56,142.3,37.9,0.213,0.301,NORMAL
40.36,44.84,94.1,47.6,0.269,0.305,NORMAL
40.04,44.34,107.8,39.8,0.246,0.333,NORMAL
22.12,22.99,55.6,15.7,1.255,0.391,CAVITATION_LEAK
38.9,43.46,109.0,41.9,0.23,0.281,NORMAL
38.95,43.79,118.2,40.9,0.186,0.324,NORMAL
44.84,53.23,241.7,34.7,0.493,0.155,PARTIAL_CLOG
40.92,46.28,109.4,49.0,0.177,0.321,NORMAL
26.63,27.85,41.9,29.2,1.591,0.403,CAVITATION_LEAK
44.18,60.61,698.7,23.5,0.165,0.053,FULL_CLOG
41.08,46.0,110.9,44.4,0.14,0.307,NORMAL
40.38,45.1,125.0,37.8,0.204,0.294,NORMAL
45.38,60.19,653.5,22.7,0.283,0.076,FULL_CLOG
20.49,21.85,55.9,24.2,1.709,0.551,CAVITATION_LEAK
43.34,52.15,251.8,35.0,0.513,0.155,PARTIAL_CLOG
46.0,53.12,310.4,23.0,0.41,0.164,PARTIAL_CLOG
37.95,42.77,115.8,41.6,0.3,0.294,NORMAL
23.69,25.46,37.8,46.9,0.875,0.409,CAVITATION_LEAK
38.64,43.65,93.5,53.6,0.133,0.239,NORMAL
27.62,28.9,32.5,39.4,1.069,0.452,CAVITATION_LEAK
44.19,52.27,261.5,30.9,0.39,0.181,PARTIAL_CLOG
43.94,51.43,293.9,25.5,0.408,0.146,PARTIAL_CLOG
43.64,53.42,221.6,44.2,0.535,0.181,PARTIAL_CLOG
39.12,44.1,112.2,44.3,0.266,0.33,NORMAL
39.45,44.19,102.2,46.3,0.159,0.323,NORMAL
41.26,45.28,105.1,38.3,0.121,0.32,NORMAL
39.26,43.09,107.7,35.5,0.294,0.311,NORMAL
47.94,61.07,557.9,23.6,0.262,0.067,FULL_CLOG
40.43,45.1,111.5,41.9,0.151,0.28,NORMAL
39.63,43.51,130.3,29.8,0.237,0.319,NORMAL
25.71,27.61,27.0,70.0,1.362,0.355,CAVITATION_LEAK
48.39,63.44,673.6,22.3,0.38,0.065,FULL_CLOG
24.32,25.4,42.3,25.4,1.526,0.554,CAVITATION_LEAK
24.12,25.42,51.5,25.3,0.856,0.551,CAVITATION_LEAK
37.27,41.71,110.5,40.2,0.136,0.3,NORMAL
42.55,45.66,112.8,27.6,0.291,0.29,NORMAL
51.45,67.2,710.3,22.2,0.244,0.027,FULL_CLOG
43.65,52.86,251.7,36.6,0.336,0.177,PARTIAL_CLOG
38.54,42.64,115.7,35.4,0.24,0.303,NORMAL
47.73,60.5,669.1,19.1,0.249,0.06,FULL_CLOG
41.18,44.89,117.1,31.7,0.115,0.336,NORMAL
41.17,45.62,112.8,39.5,0.269,0.309,NORMAL
44.38,55.41,248.2,44.4,0.482,0.173,PARTIAL_CLOG
41.62,51.0,236.4,39.6,0.391,0.143,PARTIAL_CLOG
41.55,50.51,259.5,34.6,0.536,0.167,PARTIAL_CLOG
41.62,46.65,120.6,41.7,0.121,0.316,NORMAL
49.48,68.34,677.4,27.8,0.245,0.05,FULL_CLOG
41.38,45.12,114.9,32.5,0.265,0.338,NORMAL
38.96,43.35,96.6,45.5,0.244,0.32,NORMAL
45.74,61.97,512.3,31.7,0.186,0.069,FULL_CLOG
24.92,25.63,54.4,13.0,1.411,0.383,CAVITATION_LEAK
46.83,61.05,768.7,18.5,0.216,0.02,FULL_CLOG
43.69,59.13,605.0,25.5,0.155,0.04,FULL_CLOG
41.36,51.55,295.0,34.5,0.494,0.202,PARTIAL_CLOG
44.49,52.67,243.8,33.5,0.521,0.179,PARTIAL_CLOG
40.51,45.41,116.4,42.1,0.138,0.316,NORMAL
39.09,43.54,132.4,33.6,0.177,0.305,NORMAL
41.14,44.8,102.0,35.8,0.239,0.287,NORMAL
40.37,44.5,104.2,39.7,0.287,0.293,NORMAL
42.54,51.17,273.5,31.5,0.395,0.141,PARTIAL_CLOG
42.29,50.9,320.2,26.9,0.485,0.18,PARTIAL_CLOG
42.93,47.84,107.3,45.8,0.132,0.278,NORMAL
39.04,43.17,147.7,28.0,0.289,0.282,NORMAL
44.77,54.87,289.8,34.9,0.418,0.156,PARTIAL_CLOG
38.93,43.79,103.4,47.0,0.257,0.283,NORMAL
46.25,64.84,623.1,29.8,0.295,0.046,FULL_CLOG
41.82,50.83,251.9,35.8,0.349,0.216,PARTIAL_CLOG
43.83,54.13,222.0,46.4,0.339,0.181,PARTIAL_CLOG
42.89,49.84,239.6,29.0,0.504,0.171,PARTIAL_CLOG
44.95,61.04,667.6,24.1,0.352,0.044,FULL_CLOG
39.19,44.02,125.7,38.4,0.169,0.333,NORMAL
44.46,53.46,273.8,32.9,0.356,0.154,PARTIAL_CLOG
44.0,52.71,249.8,34.9,0.394,0.184,PARTIAL_CLOG
38.2,42.7,105.7,42.5,0.244,0.285,NORMAL
46.93,66.03,624.7,30.6,0.334,0.072,FULL_CLOG
46.88,61.32,633.8,22.8,0.346,0.021,FULL_CLOG
45.98,56.59,302.1,35.1,0.256,0.2,PARTIAL_CLOG
45.74,63.01,731.1,23.6,0.227,0.035,FULL_CLOG
49.3,64.41,693.7,21.8,0.177,0.013,FULL_CLOG
42.41,52.11,247.8,39.2,0.548,0.179,PARTIAL_CLOG
46.38,63.38,660.7,25.7,0.187,0.026,FULL_CLOG
44.37,52.14,291.5,26.7,0.352,0.218,PARTIAL_CLOG
42.51,52.87,264.1,39.2,0.389,0.154,PARTIAL_CLOG
41.18,51.5,322.3,32.0,0.531,0.183,PARTIAL_CLOG
46.27,61.31,662.0,22.7,0.203,0.053,FULL_CLOG
40.0,44.56,94.9,48.0,0.103,0.292,NORMAL
53.42,69.96,666.8,24.8,0.254,0.031,FULL_CLOG
49.23,63.47,698.0,20.4,0.183,0.084,FULL_CLOG
42.26,47.1,124.9,38.8,0.225,0.313,NORMAL
46.0,61.67,607.4,25.8,0.344,0.089,FULL_CLOG
40.06,44.63,103.5,44.1,0.173,0.314,NORMAL
41.56,45.36,124.7,30.5,0.14,0.346,NORMAL
45.2,54.08,318.8,27.9,0.411,0.18,PARTIAL_CLOG
41.4,46.35,112.5,43.9,0.133,0.314,NORMAL
47.42,63.81,715.3,22.9,0.365,0.09,FULL_CLOG
49.2,66.79,568.5,30.9,0.179,0.089,FULL_CLOG
42.92,52.94,278.2,36.0,0.444,0.173,PARTIAL_CLOG
41.29,45.9,105.1,43.8,0.212,0.352,NORMAL
38.89,43.16,115.9,36.9,0.287,0.299,NORMAL
45.29,52.95,265.4,28.9,0.523,0.204,PARTIAL_CLOG
26.43,26.9,38.3,12.2,1.509,0.394,CAVITATION_LEAK
42.48,51.32,258.3,34.2,0.466,0.147,PARTIAL_CLOG
41.79,45.31,126.6,27.8,0.287,0.258,NORMAL
44.58,53.9,259.3,35.9,0.339,0.144,PARTIAL_CLOG
44.25,54.23,302.9,32.9,0.28,0.197,PARTIAL_CLOG
49.87,66.39,568.7,29.0,0.29,0.067,FULL_CLOG
39.77,44.64,122.7,39.7,0.119,0.293,NORMAL
47.46,64.37,643.8,26.3,0.181,0.059,FULL_CLOG
43.41,51.96,294.7,29.0,0.431,0.157,PARTIAL_CLOG
24.81,25.66,45.6,18.5,1.34,0.504,CAVITATION_LEAK
39.62,44.08,103.2,43.3,0.235,0.296,NORMAL
41.6,51.57,250.7,39.8,0.331,0.21,PARTIAL_CLOG
22.45,23.89,22.3,64.4,1.59,0.478,CAVITATION_LEAK
39.23,43.5,102.8,41.5,0.248,0.272,NORMAL
22.53,24.02,57.2,26.0,1.383,0.539,CAVITATION_LEAK
46.35,58.18,264.4,44.7,0.465,0.184,PARTIAL_CLOG
39.44,43.9,106.7,41.7,0.137,0.306,NORMAL
39.93,44.5,120.7,37.9,0.171,0.326,NORMAL
44.38,53.11,280.0,31.2,0.347,0.188,PARTIAL_CLOG
39.75,44.91,111.0,46.5,0.264,0.321,NORMAL
40.49,49.35,292.3,30.3,0.315,0.15,PARTIAL_CLOG
38.65,43.34,100.9,46.5,0.195,0.27,NORMAL
43.63,52.35,298.2,29.2,0.516,0.209,PARTIAL_CLOG
40.37,44.95,115.5,39.7,0.103,0.316,NORMAL
43.82,58.58,630.8,23.4,0.215,0.011,FULL_CLOG
26.9,28.41,47.4,31.8,1.229,0.394,CAVITATION_LEAK
28.23,29.64,31.0,45.4,0.96,0.573,CAVITATION_LEAK
42.92,51.42,320.9,26.5,0.436,0.214,PARTIAL_CLOG
39.79,44.97,112.7,46.0,0.205,0.307,NORMAL
49.7,68.19,627.2,29.5,0.282,0.048,FULL_CLOG
38.98,43.52,109.1,41.7,0.146,0.277,NORMAL
38.87,43.93,124.7,40.6,0.201,0.308,NORMAL
41.38,45.45,107.2,38.0,0.188,0.31,NORMAL
43.59,52.91,334.2,27.9,0.399,0.145,PARTIAL_CLOG
49.44,67.95,712.6,26.0,0.254,0.013,FULL_CLOG
42.43,50.74,262.9,31.6,0.504,0.201,PARTIAL_CLOG
39.51,44.58,134.2,37.8,0.148,0.279,NORMAL
40.22,44.74,130.2,34.7,0.145,0.313,NORMAL
22.97,23.36,46.1,8.6,1.034,0.415,CAVITATION_LEAK
42.27,46.89,104.9,44.0,0.119,0.299,NORMAL
43.99,53.57,311.3,30.8,0.43,0.2,PARTIAL_CLOG
40.73,44.57,108.3,35.5,0.103,0.3,NORMAL
47.9,65.14,804.2,21.4,0.288,0.02,FULL_CLOG
44.7,53.64,324.3,27.6,0.484,0.143,PARTIAL_CLOG
40.12,45.37,111.2,47.2,0.278,0.273,NORMAL
39.04,43.06,97.7,41.2,0.146,0.321,NORMAL
42.84,52.04,312.0,29.5,0.435,0.212,PARTIAL_CLOG
44.63,53.44,268.4,32.8,0.353,0.178,PARTIAL_CLOG
36.23,40.67,101.3,43.7,0.203,0.28,NORMAL
26.18,27.21,57.0,18.1,1.539,0.411,CAVITATION_LEAK
41.39,44.72,107.6,31.0,0.175,0.318,NORMAL
42.7,47.1,112.8,39.0,0.226,0.298,NORMAL
28.86,30.38,40.0,37.9,1.423,0.425,CAVITATION_LEAK
39.36,43.41,104.1,38.9,0.141,0.286,NORMAL
42.79,52.01,276.8,33.3,0.349,0.203,PARTIAL_CLOG
38.81,43.36,116.8,39.0,0.225,0.304,NORMAL
37.7,42.33,107.6,43.1,0.245,0.309,NORMAL
31.43,32.79,40.2,33.8,1.138,0.591,CAVITATION_LEAK
37.51,42.09,114.0,40.1,0.26,0.311,NORMAL
50.27,64.38,741.1,19.0,0.358,0.056,FULL_CLOG
37.93,42.36,97.2,45.6,0.164,0.307,NORMAL
39.37,43.35,125.2,31.8,0.108,0.309,NORMAL
39.82,44.34,112.9,40.0,0.2,0.313,NORMAL
43.87,52.3,309.5,27.2,0.533,0.21,PARTIAL_CLOG
37.12,41.29,109.2,38.1,0.177,0.324,NORMAL
44.25,59.67,715.5,21.6,0.306,0.045,FULL_CLOG
42.05,49.12,222.3,31.8,0.528,0.206,PARTIAL_CLOG
22.19,23.04,43.7,19.3,1.531,0.557,CAVITATION_LEAK
38.61,43.02,139.3,31.7,0.296,0.301,NORMAL
47.15,62.39,633.8,24.0,0.399,0.08,FULL_CLOG
48.35,64.79,670.6,24.5,0.209,0.031,FULL_CLOG
48.2,63.27,505.0,29.8,0.206,0.083,FULL_CLOG
53.26,69.22,542.3,29.4,0.213,0.066,FULL_CLOG
47.01,59.55,645.9,19.4,0.368,0.086,FULL_CLOG
41.13,49.3,279.8,29.2,0.458,0.197,PARTIAL_CLOG
39.35,43.59,96.8,43.9,0.17,0.309,NORMAL
40.24,45.02,118.4,40.4,0.187,0.278,NORMAL
26.12,27.63,66.4,22.8,1.608,0.472,CAVITATION_LEAK
42.86,51.61,313.3,27.9,0.272,0.149,PARTIAL_CLOG
46.38,61.39,720.1,20.8,0.372,0.073,FULL_CLOG
43.96,54.12,261.9,38.8,0.36,0.217,PARTIAL_CLOG
41.83,46.71,112.0,43.6,0.201,0.332,NORMAL
39.99,43.83,114.7,33.5,0.203,0.302,NORMAL
44.52,54.18,244.6,39.5,0.509,0.205,PARTIAL_CLOG
39.91,44.46,116.3,39.1,0.229,0.317,NORMAL
39.23,43.77,115.4,39.3,0.23,0.32,NORMAL
46.03,53.73,274.0,28.1,0.334,0.18,PARTIAL_CLOG
39.46,44.27,96.3,49.9,0.222,0.292,NORMAL
44.43,54.08,251.4,38.4,0.531,0.152,PARTIAL_CLOG
40.65,45.59,113.2,43.7,0.212,0.28,NORMAL
46.43,66.26,561.1,35.3,0.232,0.025,FULL_CLOG
40.54,45.5,109.2,45.4,0.121,0.311,NORMAL
42.85,54.04,267.6,41.8,0.336,0.207,PARTIAL_CLOG
36.26,40.79,130.6,34.6,0.252,0.315,NORMAL
41.1,45.1,134.4,29.8,0.195,0.279,NORMAL
38.04,42.4,113.2,38.6,0.205,0.281,NORMAL
43.44,52.89,275.7,34.3,0.523,0.18,PARTIAL_CLOG
41.86,48.97,310.1,22.9,0.407,0.153,PARTIAL_CLOG
41.35,45.96,111.1,41.5,0.243,0.289,NORMAL
43.9,52.71,272.4,32.3,0.396,0.175,PARTIAL_CLOG
49.67,63.04,589.9,22.7,0.162,0.038,FULL_CLOG
49.59,62.13,734.6,17.1,0.212,0.078,FULL_CLOG
38.79,43.35,99.8,45.6,0.218,0.306,NORMAL
45.04,53.41,229.4,36.5,0.404,0.164,PARTIAL_CLOG
38.8,43.77,116.8,42.6,0.165,0.256,NORMAL
42.4,46.51,143.6,28.6,0.209,0.28,NORMAL
25.65,26.97,59.8,22.1,1.597,0.535,CAVITATION_LEAK
41.24,46.47,109.2,47.8,0.217,0.296,NORMAL
44.75,54.55,232.3,42.2,0.349,0.146,PARTIAL_CLOG
46.37,54.46,355.9,22.7,0.281,0.147,PARTIAL_CLOG
44.8,54.57,269.4,36.3,0.536,0.189,PARTIAL_CLOG
44.76,52.94,260.2,31.4,0.381,0.209,PARTIAL_CLOG
37.76,43.02,121.1,43.4,0.202,0.329,NORMAL
39.71,44.24,113.5,39.9,0.27,0.297,NORMAL
43.73,53.44,305.9,31.7,0.339,0.175,PARTIAL_CLOG
40.87,45.24,110.9,39.4,0.298,0.308,NORMAL
43.1,46.94,91.1,42.1,0.115,0.324,NORMAL
40.09,44.64,119.5,38.1,0.225,0.307,NORMAL
38.19,42.41,120.1,35.1,0.21,0.29,NORMAL
39.05,43.66,98.3,46.8,0.142,0.315,NORMAL
40.79,45.41,99.1,46.7,0.23,0.298,NORMAL
42.85,52.41,286.5,33.4,0.411,0.21,PARTIAL_CLOG
42.92,51.01,282.5,28.6,0.529,0.2,PARTIAL_CLOG
43.12,58.25,633.5,23.9,0.239,0.08,FULL_CLOG
38.19,43.19,120.4,41.5,0.205,0.317,NORMAL
38.25,43.57,119.4,44.5,0.144,0.302,NORMAL
38.35,42.82,121.6,36.7,0.251,0.272,NORMAL
44.24,51.63,273.2,27.0,0.534,0.2,PARTIAL_CLOG
44.95,54.4,280.5,33.7,0.498,0.157,PARTIAL_CLOG
41.4,46.21,113.0,42.6,0.186,0.305,NORMAL
32.16,32.67,40.0,12.9,1.82,0.485,CAVITATION_LEAK
42.54,46.38,124.8,30.7,0.12,0.299,NORMAL
41.97,50.33,256.5,32.6,0.304,0.213,PARTIAL_CLOG
44.17,53.5,239.0,39.0,0.336,0.141,PARTIAL_CLOG
48.88,63.51,782.8,18.7,0.224,0.048,FULL_CLOG
44.72,52.79,281.4,28.7,0.493,0.176,PARTIAL_CLOG
47.66,66.68,636.3,29.9,0.243,0.087,FULL_CLOG
38.43,43.02,104.8,43.8,0.225,0.295,NORMAL
46.43,62.59,509.6,31.7,0.385,0.053,FULL_CLOG
40.93,44.87,115.6,34.1,0.278,0.309,NORMAL
44.85,57.11,542.8,22.6,0.264,0.066,FULL_CLOG
41.4,51.78,288.1,36.0,0.433,0.154,PARTIAL_CLOG
49.2,66.0,595.4,28.2,0.272,0.039,FULL_CLOG
42.8,51.38,253.8,33.8,0.408,0.158,PARTIAL_CLOG
44.58,54.58,281.3,35.5,0.51,0.176,PARTIAL_CLOG
43.44,52.16,309.2,28.2,0.445,0.176,PARTIAL_CLOG
46.64,54.55,290.0,27.3,0.475,0.152,PARTIAL_CLOG
38.83,43.28,108.3,41.0,0.241,0.325,NORMAL
39.24,44.34,136.4,37.4,0.171,0.314,NORMAL
39.46,44.91,111.8,48.7,0.187,0.35,NORMAL
39.24,44.13,122.9,39.8,0.14,0.288,NORMAL
49.7,65.21,732.7,21.2,0.171,0.087,FULL_CLOG
38.89,44.03,107.4,47.9,0.264,0.319,NORMAL
29.39,30.39,36.9,27.2,1.299,0.383,CAVITATION_LEAK
39.16,43.52,106.2,41.1,0.267,0.324,NORMAL
38.27,43.01,131.6,36.0,0.229,0.282,NORMAL
49.28,68.17,676.6,27.9,0.2,0.071,FULL_CLOG
44.47,52.79,274.7,30.3,0.536,0.174,PARTIAL_CLOG
43.59,54.52,277.4,39.4,0.319,0.15,PARTIAL_CLOG
45.27,52.94,252.7,30.4,0.402,0.15,PARTIAL_CLOG
44.91,54.1,264.4,34.7,0.506,0.217,PARTIAL_CLOG
41.31,45.77,106.6,41.8,0.271,0.343,NORMAL
24.82,26.02,39.6,30.3,1.262,0.497,CAVITATION_LEAK
24.0,25.56,59.1,26.3,0.998,0.506,CAVITATION_LEAK
44.22,53.77,278.9,34.2,0.352,0.205,PARTIAL_CLOG
38.82,42.19,120.2,28.1,0.113,0.3,NORMAL
41.07,50.7,267.0,36.1,0.385,0.19,PARTIAL_CLOG
38.89,43.44,112.8,40.3,0.116,0.311,NORMAL
41.75,45.43,138.2,26.6,0.111,0.312,NORMAL
41.02,45.23,130.3,32.3,0.131,0.303,NORMAL
41.13,49.72,265.7,32.3,0.344,0.145,PARTIAL_CLOG
50.71,67.03,739.8,22.1,0.253,0.051,FULL_CLOG
45.92,56.07,266.4,38.1,0.319,0.178,PARTIAL_CLOG
41.8,51.38,348.9,27.4,0.332,0.14,PARTIAL_CLOG
40.83,46.12,105.5,50.2,0.267,0.298,NORMAL
42.05,45.67,100.2,36.1,0.255,0.314,NORMAL
38.41,42.76,133.2,32.7,0.162,0.289,NORMAL
29.44,31.15,35.9,47.6,0.914,0.43,CAVITATION_LEAK
40.85,45.21,127.6,34.1,0.24,0.286,NORMAL
47.12,64.3,507.1,33.9,0.238,0.055,FULL_CLOG
47.84,56.58,267.6,32.7,0.423,0.211,PARTIAL_CLOG
40.67,45.46,113.3,42.2,0.149,0.278,NORMAL
42.97,53.61,277.0,38.4,0.387,0.193,PARTIAL_CLOG
43.69,53.49,324.9,30.2,0.514,0.186,PARTIAL_CLOG
46.04,60.16,680.8,20.7,0.315,0.039,FULL_CLOG
28.4,29.57,54.5,21.5,1.807,0.504,CAVITATION_LEAK
39.75,43.73,125.4,31.7,0.213,0.312,NORMAL
40.12,43.78,125.0,29.3,0.11,0.278,NORMAL
44.81,54.13,241.4,38.6,0.404,0.216,PARTIAL_CLOG
30.14,31.54,46.6,30.1,1.288,0.519,CAVITATION_LEAK
40.19,43.23,101.3,30.0,0.213,0.301,NORMAL
45.41,54.29,300.4,29.6,0.534,0.152,PARTIAL_CLOG
44.47,53.72,270.7,34.2,0.483,0.189,PARTIAL_CLOG
44.21,53.43,248.7,37.1,0.464,0.186,PARTIAL_CLOG
39.87,44.14,101.0,42.3,0.105,0.328,NORMAL
43.01,53.12,292.0,34.6,0.546,0.151,PARTIAL_CLOG
27.93,29.19,49.2,25.6,1.68,0.437,CAVITATION_LEAK
40.14,43.59,94.3,36.6,0.282,0.284,NORMAL
39.46,43.89,118.5,37.4,0.182,0.305,NORMAL
20.36,21.64,43.1,29.8,1.946,0.418,CAVITATION_LEAK
38.15,43.39,124.5,42.0,0.178,0.279,NORMAL
44.52,64.23,683.8,28.8,0.349,0.082,FULL_CLOG
43.71,52.35,213.7,40.4,0.344,0.143,PARTIAL_CLOG
40.65,45.46,110.5,43.5,0.253,0.318,NORMAL
47.01,63.09,663.1,24.3,0.223,0.039,FULL_CLOG
41.5,46.69,137.3,37.8,0.275,0.329,NORMAL
40.84,51.47,280.5,37.9,0.382,0.214,PARTIAL_CLOG
40.79,46.01,98.5,53.0,0.104,0.284,NORMAL
42.98,53.13,309.7,32.7,0.483,0.198,PARTIAL_CLOG
38.82,42.72,122.9,31.8,0.132,0.297,NORMAL
40.76,45.11,123.2,35.3,0.104,0.337,NORMAL
23.87,24.22,41.6,8.5,1.799,0.518,CAVITATION_LEAK
41.58,46.68,111.4,45.8,0.162,0.268,NORMAL
44.28,52.26,240.0,33.2,0.347,0.215,PARTIAL_CLOG
40.6,45.41,119.8,40.2,0.112,0.316,NORMAL
43.97,57.74,647.6,21.3,0.361,0.027,FULL_CLOG
40.11,44.79,116.9,40.0,0.211,0.304,NORMAL
26.12,27.37,59.1,21.2,1.939,0.5,CAVITATION_LEAK
44.79,52.57,303.5,25.6,0.442,0.147,PARTIAL_CLOG
40.4,45.16,100.1,47.6,0.126,0.278,NORMAL
39.38,43.81,90.4,49.0,0.288,0.315,NORMAL
38.38,43.59,122.1,42.7,0.28,0.289,NORMAL
42.44,52.16,272.9,35.6,0.292,0.213,PARTIAL_CLOG
41.16,46.3,109.9,46.7,0.234,0.294,NORMAL
44.88,58.94,642.2,21.9,0.25,0.044,FULL_CLOG
40.16,43.86,93.2,39.7,0.241,0.304,NORMAL
39.66,43.72,118.0,34.4,0.226,0.328,NORMAL
48.22,58.33,271.9,37.2,0.334,0.155,PARTIAL_CLOG
45.08,54.0,277.6,32.1,0.378,0.158,PARTIAL_CLOG
39.22,42.64,110.5,31.0,0.172,0.311,NORMAL
41.38,46.16,118.6,40.3,0.28,0.304,NORMAL
39.85,44.31,111.8,39.9,0.279,0.307,NORMAL
42.1,50.02,241.3,32.8,0.468,0.162,PARTIAL_CLOG
46.57,54.51,293.7,27.0,0.53,0.212,PARTIAL_CLOG
42.04,51.2,262.3,34.9,0.334,0.161,PARTIAL_CLOG
46.47,63.1,704.8,23.6,0.216,0.058,FULL_CLOG
47.55,63.62,637.8,25.2,0.26,0.03,FULL_CLOG
44.15,51.44,299.8,24.3,0.416,0.197,PARTIAL_CLOG
45.82,61.08,560.5,27.2,0.258,0.068,FULL_CLOG
40.27,44.07,120.2,31.7,0.114,0.313,NORMAL
40.03,44.03,122.5,32.7,0.289,0.285,NORMAL
40.59,45.77,89.9,57.6,0.289,0.299,NORMAL
41.7,47.12,113.3,47.9,0.189,0.287,NORMAL
44.02,52.82,280.5,31.4,0.516,0.149,PARTIAL_CLOG
26.71,27.43,37.5,19.1,1.795,0.532,CAVITATION_LEAK
38.04,41.76,110.2,33.8,0.274,0.289,NORMAL
40.55,44.98,118.1,37.5,0.179,0.278,NORMAL
43.16,52.82,228.6,42.3,0.49,0.14,PARTIAL_CLOG
27.6,29.4,41.9,42.9,1.684,0.383,CAVITATION_LEAK
38.4,42.56,108.2,38.5,0.296,0.33,NORMAL
45.91,55.64,255.9,38.1,0.38,0.168,PARTIAL_CLOG
40.99,45.38,135.0,32.5,0.146,0.298,NORMAL
38.39,43.18,132.1,36.3,0.238,0.293,NORMAL
24.18,25.37,44.0,27.1,1.037,0.421,CAVITATION_LEAK
25.93,27.64,49.0,35.0,1.129,0.513,CAVITATION_LEAK
41.29,46.04,91.7,51.8,0.129,0.315,NORMAL
25.39,26.98,47.4,33.6,1.061,0.463,CAVITATION_LEAK
45.22,51.7,279.5,23.2,0.286,0.186,PARTIAL_CLOG
44.6,58.63,634.4,22.1,0.339,0.043,FULL_CLOG
44.5,52.46,301.4,26.4,0.533,0.182,PARTIAL_CLOG
42.85,52.92,283.9,35.5,0.252,0.182,PARTIAL_CLOG
42.48,51.97,239.6,39.6,0.544,0.178,PARTIAL_CLOG
43.55,53.9,298.2,34.7,0.517,0.177,PARTIAL_CLOG
39.17,44.16,96.9,51.4,0.189,0.3,NORMAL
41.53,46.0,112.7,39.7,0.104,0.305,NORMAL
39.74,44.36,111.8,41.4,0.18,0.318,NORMAL
43.6,52.43,248.2,35.6,0.342,0.219,PARTIAL_CLOG
39.86,43.62,128.8,29.2,0.234,0.296,NORMAL
44.1,52.31,288.7,28.4,0.268,0.143,PARTIAL_CLOG
24.9,25.74,49.6,17.0,1.521,0.404,CAVITATION_LEAK
41.36,46.04,129.0,36.3,0.178,0.281,NORMAL
41.71,50.98,224.1,41.4,0.37,0.185,PARTIAL_CLOG
39.87,45.17,113.3,46.8,0.183,0.279,NORMAL
48.6,68.18,809.4,24.2,0.163,0.073,FULL_CLOG
39.19,43.86,123.9,37.7,0.168,0.27,NORMAL
42.81,50.85,265.7,30.2,0.429,0.183,PARTIAL_CLOG
47.78,66.11,594.0,30.9,0.307,0.078,FULL_CLOG
27.3,28.2,48.5,18.6,0.87,0.444,CAVITATION_LEAK
44.75,53.87,253.1,36.0,0.477,0.157,PARTIAL_CLOG
43.8,54.01,266.7,38.3,0.505,0.149,PARTIAL_CLOG
42.05,53.63,280.2,41.3,0.462,0.213,PARTIAL_CLOG
48.37,63.42,425.7,35.3,0.256,0.077,FULL_CLOG
41.91,50.98,294.8,30.8,0.536,0.181,PARTIAL_CLOG
39.02,43.81,126.9,37.7,0.221,0.311,NORMAL
26.73,28.04,32.8,39.9,1.807,0.491,CAVITATION_LEAK
42.7,51.09,298.9,28.1,0.251,0.175,PARTIAL_CLOG
43.87,52.48,262.1,32.8,0.276,0.18,PARTIAL_CLOG
41.13,45.27,119.9,34.6,0.283,0.266,NORMAL
42.04,51.0,276.0,32.5,0.325,0.194,PARTIAL_CLOG
40.69,45.89,129.3,40.2,0.183,0.306,NORMAL
44.51,54.57,303.2,33.2,0.351,0.144,PARTIAL_CLOG
40.84,45.15,115.9,37.2,0.126,0.299,NORMAL
45.66,53.51,322.0,24.4,0.501,0.157,PARTIAL_CLOG
24.56,26.24,40.2,41.8,1.034,0.587,CAVITATION_LEAK
39.89,44.19,112.4,38.3,0.141,0.323,NORMAL
27.0,28.13,44.5,25.4,1.86,0.592,CAVITATION_LEAK
38.66,43.04,113.4,38.6,0.11,0.303,NORMAL
43.72,58.83,707.9,21.3,0.378,0.019,FULL_CLOG
47.72,62.54,708.5,20.9,0.245,0.067,FULL_CLOG
42.98,54.31,280.1,40.4,0.496,0.189,PARTIAL_CLOG
43.45,51.51,302.8,26.6,0.28,0.175,PARTIAL_CLOG
47.54,62.95,610.2,25.3,0.295,0.038,FULL_CLOG
40.3,45.24,97.6,50.7,0.272,0.322,NORMAL
40.75,45.57,126.6,38.1,0.267,0.282,NORMAL
40.67,49.26,258.6,33.2,0.522,0.195,PARTIAL_CLOG
46.6,60.03,703.3,19.1,0.205,0.013,FULL_CLOG
52.56,68.09,521.8,29.8,0.218,0.023,FULL_CLOG
46.61,61.99,578.5,26.6,0.313,0.086,FULL_CLOG
40.64,44.31,104.9,34.9,0.193,0.324,NORMAL
45.57,61.05,561.5,27.6,0.177,0.084,FULL_CLOG
39.5,44.24,116.7,40.6,0.299,0.281,NORMAL
45.09,54.38,285.6,32.5,0.373,0.17,PARTIAL_CLOG
39.48,43.32,117.6,32.7,0.151,0.286,NORMAL
39.12,43.44,114.8,37.6,0.214,0.29,NORMAL
37.69,42.94,122.3,42.9,0.125,0.322,NORMAL
40.37,44.58,107.1,39.3,0.195,0.285,NORMAL
42.0,51.87,318.9,30.9,0.443,0.176,PARTIAL_CLOG
41.24,45.41,92.6,45.1,0.161,0.28,NORMAL
38.79,43.51,122.8,38.4,0.143,0.302,NORMAL
36.97,41.69,119.7,39.4,0.282,0.304,NORMAL
40.11,44.69,103.4,44.3,0.15,0.339,NORMAL
38.81,42.93,106.5,38.7,0.297,0.339,NORMAL
39.54,44.6,116.7,43.4,0.236,0.285,NORMAL
46.09,55.58,301.7,31.5,0.511,0.164,PARTIAL_CLOG
45.33,52.67,330.9,22.2,0.442,0.21,PARTIAL_CLOG
43.31,50.97,265.1,28.9,0.393,0.205,PARTIAL_CLOG
44.17,51.99,263.5,29.7,0.359,0.151,PARTIAL_CLOG
39.51,44.06,95.6,47.6,0.214,0.291,NORMAL
46.41,64.05,668.0,26.4,0.259,0.028,FULL_CLOG
44.41,52.84,301.2,28.0,0.352,0.203,PARTIAL_CLOG
45.59,54.37,276.0,31.8,0.41,0.215,PARTIAL_CLOG
40.23,44.3,112.6,36.1,0.135,0.3,NORMAL
40.04,44.46,119.0,37.1,0.296,0.303,NORMAL
39.31,44.3,119.6,41.7,0.124,0.315,NORMAL
37.41,42.15,122.9,38.6,0.282,0.331,NORMAL
44.62,53.23,284.3,30.3,0.274,0.141,PARTIAL_CLOG
45.64,56.05,274.1,38.0,0.35,0.142,PARTIAL_CLOG
43.71,52.39,315.1,27.5,0.44,0.19,PARTIAL_CLOG
44.99,60.39,602.8,25.5,0.211,0.079,FULL_CLOG
48.66,60.03,747.7,15.2,0.319,0.034,FULL_CLOG
43.5,51.43,237.2,33.4,0.27,0.144,PARTIAL_CLOG
22.98,23.89,47.9,19.0,0.922,0.574,CAVITATION_LEAK
39.17,44.06,123.5,39.6,0.196,0.334,NORMAL
39.96,44.55,123.4,37.1,0.141,0.296,NORMAL
40.43,44.78,112.5,38.6,0.296,0.307,NORMAL
43.46,52.06,298.3,28.8,0.42,0.164,PARTIAL_CLOG
45.86,60.62,561.3,26.3,0.196,0.016,FULL_CLOG
41.63,46.11,104.1,43.1,0.118,0.292,NORMAL
27.68,28.71,35.2,29.5,1.454,0.382,CAVITATION_LEAK
41.06,45.82,120.5,39.5,0.291,0.282,NORMAL
28.66,29.68,51.8,19.6,1.066,0.478,CAVITATION_LEAK
42.43,47.36,105.0,46.9,0.119,0.26,NORMAL
38.12,42.09,119.6,33.2,0.272,0.28,NORMAL
43.4,53.25,254.2,38.7,0.251,0.176,PARTIAL_CLOG
38.83,43.37,132.2,34.3,0.155,0.291,NORMAL
40.62,44.82,119.5,35.1,0.163,0.265,NORMAL
39.25,43.86,124.3,37.1,0.206,0.297,NORMAL
46.54,64.13,633.9,27.8,0.262,0.084,FULL_CLOG
43.36,52.61,291.1,31.8,0.272,0.218,PARTIAL_CLOG
39.57,44.26,113.1,41.4,0.215,0.275,NORMAL
42.46,51.41,287.6,31.1,0.268,0.208,PARTIAL_CLOG
40.99,52.08,275.7,40.2,0.352,0.2,PARTIAL_CLOG
40.33,45.62,116.4,45.5,0.148,0.261,NORMAL
40.23,45.3,121.3,41.9,0.172,0.321,NORMAL
39.81,44.9,109.2,46.7,0.179,0.275,NORMAL
39.4,43.52,129.1,31.9,0.251,0.305,NORMAL
41.5,51.88,276.3,37.6,0.381,0.2,PARTIAL_CLOG
38.77,44.19,126.9,42.7,0.286,0.304,NORMAL
42.89,52.72,203.3,48.4,0.295,0.174,PARTIAL_CLOG
41.97,51.95,267.5,37.3,0.307,0.217,PARTIAL_CLOG
40.05,44.78,132.7,35.6,0.225,0.292,NORMAL
44.8,52.36,334.9,22.6,0.415,0.144,PARTIAL_CLOG
38.89,42.98,100.7,40.6,0.135,0.324,NORMAL
27.33,28.85,54.9,27.8,1.298,0.568,CAVITATION_LEAK
44.73,53.26,251.1,34.0,0.378,0.161,PARTIAL_CLOG
50.04,66.19,604.1,26.7,0.217,0.025,FULL_CLOG
45.61,54.49,295.1,30.1,0.355,0.206,PARTIAL_CLOG
42.69,46.65,112.8,35.1,0.298,0.315,NORMAL
44.01,55.29,253.0,44.6,0.332,0.194,PARTIAL_CLOG
29.66,30.58,38.2,24.0,1.787,0.419,CAVITATION_LEAK
43.85,52.94,282.5,32.2,0.303,0.188,PARTIAL_CLOG
47.6,63.23,614.5,25.4,0.272,0.048,FULL_CLOG
44.87,62.24,784.6,22.1,0.224,0.021,FULL_CLOG
39.59,44.83,98.1,53.4,0.209,0.278,NORMAL
38.57,43.57,118.8,42.1,0.251,0.286,NORMAL
41.45,49.06,270.1,28.2,0.432,0.184,PARTIAL_CLOG
38.83,43.31,121.8,36.8,0.21,0.301,NORMAL
47.35,63.23,619.6,25.6,0.326,0.043,FULL_CLOG
17.59,18.97,33.6,40.9,1.885,0.504,CAVITATION_LEAK
37.97,42.87,131.4,37.3,0.132,0.31,NORMAL
41.22,45.13,127.3,30.7,0.126,0.296,NORMAL
46.7,62.57,721.4,22.0,0.238,0.071,FULL_CLOG
38.39,43.02,115.1,40.2,0.297,0.312,NORMAL
47.1,56.79,597.2,16.2,0.232,0.061,FULL_CLOG
39.92,43.71,114.1,33.3,0.167,0.306,NORMAL
45.75,53.04,286.2,25.5,0.434,0.147,PARTIAL_CLOG
38.23,42.58,123.5,35.2,0.298,0.297,NORMAL
43.26,52.04,275.8,31.8,0.484,0.148,PARTIAL_CLOG
43.62,54.04,280.0,37.2,0.429,0.202,PARTIAL_CLOG
45.52,56.99,318.6,36.0,0.28,0.165,PARTIAL_CLOG
39.29,44.43,113.6,45.2,0.222,0.29,NORMAL
42.93,52.11,286.7,32.0,0.349,0.15,PARTIAL_CLOG
49.25,67.72,567.9,32.5,0.272,0.041,FULL_CLOG
38.0,42.17,124.1,33.6,0.158,0.332,NORMAL
37.74,41.48,114.8,32.6,0.151,0.315,NORMAL
39.97,44.97,105.0,47.6,0.177,0.306,NORMAL
43.81,51.05,305.3,23.7,0.438,0.216,PARTIAL_CLOG
43.56,50.78,298.2,24.2,0.454,0.213,PARTIAL_CLOG
45.73,55.86,240.7,42.1,0.315,0.168,PARTIAL_CLOG
39.6,44.33,114.2,41.4,0.128,0.274,NORMAL
40.46,45.28,122.8,39.2,0.123,0.274,NORMAL
44.18,51.95,271.4,28.6,0.282,0.213,PARTIAL_CLOG
44.03,54.49,275.1,38.0,0.295,0.155,PARTIAL_CLOG
22.54,23.22,41.6,16.5,1.743,0.515,CAVITATION_LEAK
40.5,44.75,126.1,33.7,0.151,0.341,NORMAL
44.11,51.65,280.6,26.9,0.493,0.166,PARTIAL_CLOG
40.49,45.75,112.6,46.7,0.167,0.29,NORMAL
40.17,44.13,119.0,33.3,0.266,0.29,NORMAL
44.66,53.16,271.2,31.4,0.361,0.168,PARTIAL_CLOG
42.67,51.87,284.8,32.3,0.269,0.163,PARTIAL_CLOG
28.8,30.02,50.6,24.2,1.401,0.529,CAVITATION_LEAK
36.38,40.52,122.8,33.7,0.19,0.265,NORMAL
40.48,45.06,125.0,36.7,0.265,0.285,NORMAL
44.05,51.94,284.7,27.7,0.411,0.169,PARTIAL_CLOG
43.79,54.47,228.1,46.8,0.55,0.158,PARTIAL_CLOG
39.68,44.36,132.1,35.4,0.173,0.288,NORMAL
39.94,44.63,113.6,41.3,0.236,0.307,NORMAL
39.81,44.94,96.5,53.1,0.229,0.276,NORMAL
49.24,61.56,681.9,18.1,0.389,0.089,FULL_CLOG
39.75,43.97,106.6,39.6,0.267,0.259,NORMAL
40.25,44.53,111.2,38.5,0.101,0.315,NORMAL
40.0,43.96,128.3,30.8,0.275,0.302,NORMAL
41.09,45.38,108.5,39.5,0.194,0.289,NORMAL
39.28,44.04,107.2,44.4,0.298,0.266,NORMAL
41.97,50.16,261.3,31.3,0.415,0.202,PARTIAL_CLOG
41.88,46.78,101.0,48.5,0.166,0.293,NORMAL
50.03,63.2,601.2,21.9,0.244,0.065,FULL_CLOG
39.71,44.35,118.0,39.3,0.144,0.291,NORMAL
42.26,51.94,255.8,37.9,0.318,0.145,PARTIAL_CLOG
47.69,62.05,697.3,20.6,0.234,0.073,FULL_CLOG
44.33,55.39,293.2,37.7,0.492,0.151,PARTIAL_CLOG
44.21,53.74,242.8,39.3,0.363,0.141,PARTIAL_CLOG
40.99,46.22,116.0,45.1,0.187,0.292,NORMAL
39.97,45.42,98.7,55.2,0.111,0.306,NORMAL
41.84,52.55,276.4,38.8,0.254,0.207,PARTIAL_CLOG
25.27,25.99,48.6,14.8,1.061,0.35,CAVITATION_LEAK
43.29,51.95,282.7,30.7,0.449,0.192,PARTIAL_CLOG
41.82,50.46,268.5,32.2,0.274,0.198,PARTIAL_CLOG
42.83,51.56,323.4,27.0,0.443,0.174,PARTIAL_CLOG
44.92,52.8,273.8,28.8,0.337,0.209,PARTIAL_CLOG
41.9,47.38,119.0,46.1,0.227,0.322,NORMAL
45.61,55.04,299.2,31.5,0.521,0.211,PARTIAL_CLOG
22.59,24.08,52.2,28.5,0.915,0.446,CAVITATION_LEAK
40.27,43.91,127.6,28.5,0.107,0.279,NORMAL
42.25,51.01,295.6,29.6,0.315,0.183,PARTIAL_CLOG
39.0,43.16,122.5,34.0,0.228,0.311,NORMAL
44.04,52.28,271.0,30.4,0.259,0.171,PARTIAL_CLOG
42.16,47.67,137.0,40.2,0.155,0.289,NORMAL
39.99,48.37,269.1,31.2,0.431,0.178,PARTIAL_CLOG
50.6,64.32,573.1,23.9,0.377,0.082,FULL_CLOG
40.28,45.47,124.2,41.8,0.272,0.287,NORMAL
42.55,50.56,254.2,31.5,0.524,0.215,PARTIAL_CLOG
45.45,60.81,787.6,19.5,0.157,0.056,FULL_CLOG
31.33,32.65,50.6,26.1,1.742,0.366,CAVITATION_LEAK
41.82,46.05,135.1,31.3,0.253,0.282,NORMAL
38.59,42.94,122.7,35.4,0.283,0.282,NORMAL
38.57,42.87,110.5,38.9,0.158,0.28,NORMAL
20.67,22.45,46.5,38.1,1.143,0.408,CAVITATION_LEAK
29.58,31.3,29.0,59.3,1.77,0.501,CAVITATION_LEAK
42.44,50.76,265.8,31.3,0.272,0.201,PARTIAL_CLOG
46.81,62.53,745.8,21.1,0.224,0.018,FULL_CLOG
42.34,50.5,299.6,27.2,0.469,0.201,PARTIAL_CLOG
41.53,50.06,299.7,28.5,0.442,0.2,PARTIAL_CLOG
40.63,44.66,137.6,29.3,0.247,0.301,NORMAL
45.0,61.68,716.9,23.3,0.304,0.051,FULL_CLOG
39.69,43.34,114.0,32.0,0.251,0.305,NORMAL
49.01,63.43,491.9,29.3,0.19,0.068,FULL_CLOG
47.01,63.75,808.9,20.7,0.181,0.023,FULL_CLOG
43.69,52.47,267.2,32.9,0.418,0.149,PARTIAL_CLOG
40.33,45.11,118.1,40.5,0.161,0.302,NORMAL
39.19,43.15,101.7,38.8,0.152,0.325,NORMAL
38.12,42.53,124.0,35.5,0.25,0.309,NORMAL
41.06,46.45,98.6,54.7,0.279,0.303,NORMAL
39.59,43.98,106.5,41.3,0.174,0.299,NORMAL
27.64,28.75,43.2,25.9,0.91,0.357,CAVITATION_LEAK
42.9,52.97,266.2,37.8,0.348,0.193,PARTIAL_CLOG
40.43,44.41,137.2,29.0,0.252,0.308,NORMAL
42.58,47.47,112.9,43.3,0.172,0.274,NORMAL
40.92,46.18,109.7,47.9,0.194,0.307,NORMAL
41.79,50.68,323.0,27.5,0.454,0.174,PARTIAL_CLOG
42.9,51.32,317.2,26.5,0.261,0.212,PARTIAL_CLOG
26.6,26.96,39.6,9.1,1.172,0.596,CAVITATION_LEAK
44.34,53.24,272.7,32.6,0.452,0.154,PARTIAL_CLOG
29.94,30.87,45.7,20.4,1.616,0.459,CAVITATION_LEAK
48.89,65.26,589.8,27.8,0.27,0.014,FULL_CLOG
38.09,42.95,95.4,51.0,0.111,0.278,NORMAL
28.25,29.5,43.6,28.6,1.908,0.351,CAVITATION_LEAK
36.73,41.32,101.2,45.3,0.129,0.309,NORMAL
46.29,61.24,565.8,26.4,0.243,0.059,FULL_CLOG
37.97,42.12,122.5,33.9,0.18,0.29,NORMAL
48.47,65.35,614.1,27.5,0.293,0.025,FULL_CLOG
47.67,60.84,663.7,19.8,0.371,0.046,FULL_CLOG
47.83,60.25,657.5,18.9,0.253,0.017,FULL_CLOG
43.88,60.06,698.2,23.2,0.306,0.08,FULL_CLOG
38.21,42.62,118.4,37.3,0.204,0.288,NORMAL
40.64,43.9,107.1,30.5,0.136,0.298,NORMAL
42.12,47.08,122.7,40.4,0.174,0.323,NORMAL
42.4,46.37,121.7,32.7,0.141,0.307,NORMAL
46.48,55.72,316.1,29.2,0.397,0.2,PARTIAL_CLOG
38.7,43.32,140.4,32.9,0.133,0.274,NORMAL
23.49,24.59,53.6,20.4,1.826,0.595,CAVITATION_LEAK
43.47,52.14,292.0,29.7,0.262,0.141,PARTIAL_CLOG
48.55,66.11,753.3,23.3,0.347,0.078,FULL_CLOG
40.16,45.14,85.7,58.2,0.223,0.306,NORMAL
47.99,65.68,651.5,27.1,0.203,0.014,FULL_CLOG
25.67,27.14,38.3,38.4,1.421,0.457,CAVITATION_LEAK
40.49,49.27,316.7,27.7,0.495,0.191,PARTIAL_CLOG
45.37,53.1,288.8,26.8,0.267,0.183,PARTIAL_CLOG
51.45,64.95,571.1,23.6,0.318,0.024,FULL_CLOG
38.68,42.43,116.8,32.2,0.277,0.282,NORMAL
45.24,54.06,229.8,38.4,0.376,0.147,PARTIAL_CLOG
39.64,44.51,109.9,44.4,0.246,0.317,NORMAL
38.4,43.22,124.6,38.7,0.263,0.27,NORMAL
39.62,44.19,105.3,43.5,0.202,0.3,NORMAL
40.82,45.19,109.8,39.8,0.282,0.312,NORMAL
39.04,43.55,111.9,40.4,0.288,0.299,NORMAL
40.92,45.62,109.9,42.8,0.295,0.283,NORMAL
25.63,26.77,49.0,23.3,0.861,0.354,CAVITATION_LEAK
42.95,51.56,334.1,25.8,0.472,0.195,PARTIAL_CLOG
28.82,30.07,48.1,25.9,1.782,0.395,CAVITATION_LEAK
41.31,45.84,119.2,38.0,0.273,0.253,NORMAL
40.38,44.83,115.1,38.7,0.108,0.302,NORMAL
42.62,50.87,245.0,33.7,0.376,0.156,PARTIAL_CLOG
40.51,46.01,139.6,39.3,0.266,0.272,NORMAL
42.29,46.3,137.7,29.1,0.135,0.283,NORMAL
42.05,51.07,286.6,31.5,0.528,0.185,PARTIAL_CLOG
40.11,43.81,122.4,30.3,0.106,0.289,NORMAL
44.8,53.15,248.2,33.6,0.542,0.206,PARTIAL_CLOG
42.57,53.19,319.7,33.2,0.418,0.169,PARTIAL_CLOG
40.72,45.74,111.7,44.9,0.136,0.305,NORMAL
40.07,45.15,120.5,42.1,0.231,0.313,NORMAL
47.92,63.57,645.0,24.3,0.325,0.077,FULL_CLOG
41.57,49.31,262.9,29.4,0.357,0.158,PARTIAL_CLOG
37.6,41.77,103.4,40.4,0.14,0.291,NORMAL
28.66,30.42,51.2,34.3,1.916,0.544,CAVITATION_LEAK
39.39,43.59,104.3,40.3,0.187,0.296,NORMAL
43.58,50.53,283.1,24.5,0.413,0.187,PARTIAL_CLOG
27.79,28.53,37.4,20.0,0.875,0.59,CAVITATION_LEAK
40.29,44.17,103.7,37.4,0.234,0.302,NORMAL
40.51,44.42,136.2,28.7,0.299,0.313,NORMAL
39.07,43.46,119.0,36.9,0.289,0.28,NORMAL
41.82,46.7,105.5,46.3,0.109,0.289,NORMAL
39.79,44.22,143.2,30.9,0.209,0.317,NORMAL
44.92,53.59,270.9,32.0,0.369,0.148,PARTIAL_CLOG
38.41,43.07,137.9,33.8,0.187,0.305,NORMAL
42.83,52.37,301.7,31.6,0.376,0.171,PARTIAL_CLOG
28.43,29.27,44.5,18.9,0.901,0.424,CAVITATION_LEAK
48.04,60.8,614.8,20.8,0.384,0.019,FULL_CLOG
44.37,52.74,269.0,31.1,0.421,0.216,PARTIAL_CLOG
40.23,44.73,117.1,38.4,0.169,0.323,NORMAL
43.51,52.31,313.2,28.1,0.401,0.155,PARTIAL_CLOG
43.83,53.88,286.9,35.0,0.294,0.213,PARTIAL_CLOG
41.04,45.32,109.5,39.1,0.285,0.309,NORMAL
39.4,44.45,100.0,50.5,0.268,0.299,NORMAL
48.63,64.04,670.1,23.0,0.26,0.039,FULL_CLOG
39.43,43.2,107.9,35.0,0.154,0.304,NORMAL
39.9,44.1,120.8,34.8,0.147,0.307,NORMAL
41.27,46.24,100.9,49.3,0.134,0.304,NORMAL
39.36,45.18,109.8,53.0,0.168,0.325,NORMAL
51.36,65.48,582.3,24.3,0.174,0.033,FULL_CLOG
42.27,52.43,311.7,32.6,0.424,0.168,PARTIAL_CLOG
49.9,64.4,573.7,25.3,0.193,0.087,FULL_CLOG
40.9,45.61,91.7,51.3,0.238,0.331,NORMAL
39.7,43.54,122.3,31.3,0.212,0.322,NORMAL
43.14,53.1,245.4,40.6,0.41,0.217,PARTIAL_CLOG
40.15,44.16,104.7,38.2,0.119,0.285,NORMAL
38.22,42.76,130.0,35.0,0.223,0.326,NORMAL
48.27,65.33,656.0,26.0,0.383,0.061,FULL_CLOG
40.15,43.98,112.9,33.9,0.227,0.261,NORMAL
43.41,52.33,305.2,29.2,0.42,0.18,PARTIAL_CLOG
38.65,43.78,96.3,53.3,0.232,0.299,NORMAL
39.99,44.16,102.7,40.6,0.292,0.342,NORMAL
39.32,43.35,128.6,31.3,0.183,0.276,NORMAL
26.09,27.12,51.5,19.9,1.282,0.536,CAVITATION_LEAK
50.19,63.35,504.5,26.1,0.285,0.039,FULL_CLOG
31.61,32.83,22.5,54.5,1.841,0.399,CAVITATION_LEAK
44.03,53.93,263.4,37.6,0.327,0.161,PARTIAL_CLOG
38.16,42.03,97.3,39.8,0.224,0.314,NORMAL
41.95,51.3,286.8,32.6,0.393,0.153,PARTIAL_CLOG
42.33,53.54,302.2,37.1,0.541,0.208,PARTIAL_CLOG
48.3,63.4,660.3,22.9,0.19,0.061,FULL_CLOG
41.96,45.53,108.7,32.9,0.221,0.29,NORMAL
41.83,51.26,269.4,35.0,0.319,0.155,PARTIAL_CLOG
40.23,44.09,107.6,35.8,0.101,0.29,NORMAL
39.42,42.81,104.9,32.3,0.23,0.299,NORMAL
41.6,51.0,263.9,35.6,0.286,0.211,PARTIAL_CLOG
43.38,53.21,285.1,34.5,0.53,0.157,PARTIAL_CLOG
40.67,44.94,124.2,34.4,0.259,0.31,NORMAL
41.43,45.59,104.7,39.8,0.122,0.308,NORMAL
41.72,50.9,219.4,41.9,0.367,0.215,PARTIAL_CLOG
50.27,64.43,633.7,22.3,0.245,0.087,FULL_CLOG
50.24,66.11,673.6,23.6,0.207,0.07,FULL_CLOG
29.84,30.29,41.6,10.7,1.713,0.572,CAVITATION_LEAK
48.9,66.79,627.2,28.5,0.155,0.058,FULL_CLOG
38.67,43.55,129.6,37.6,0.216,0.29,NORMAL
42.81,52.41,239.6,40.1,0.429,0.182,PARTIAL_CLOG
39.05,42.95,109.5,35.7,0.118,0.296,NORMAL
39.18,44.57,119.9,45.0,0.102,0.299,NORMAL
49.54,65.29,635.5,24.8,0.398,0.059,FULL_CLOG
40.4,44.72,96.7,44.7,0.271,0.339,NORMAL
24.84,25.37,38.2,14.0,1.871,0.392,CAVITATION_LEAK
45.68,56.12,248.4,42.0,0.318,0.148,PARTIAL_CLOG
45.61,54.85,303.5,30.5,0.398,0.193,PARTIAL_CLOG
40.93,50.78,302.4,32.6,0.264,0.216,PARTIAL_CLOG
49.56,64.94,580.2,26.5,0.253,0.054,FULL_CLOG
42.12,52.22,280.3,36.0,0.499,0.159,PARTIAL_CLOG
42.25,51.35,269.6,33.7,0.368,0.163,PARTIAL_CLOG
39.55,43.12,106.7,33.4,0.26,0.316,NORMAL
41.45,50.15,218.0,39.9,0.512,0.207,PARTIAL_CLOG
38.71,43.9,140.8,36.9,0.272,0.314,NORMAL
44.28,51.2,258.3,26.8,0.491,0.148,PARTIAL_CLOG
44.42,54.01,253.8,37.8,0.277,0.172,PARTIAL_CLOG
43.23,51.67,310.2,27.2,0.371,0.181,PARTIAL_CLOG
38.24,42.55,122.3,35.2,0.27,0.342,NORMAL
40.06,44.93,132.9,36.7,0.163,0.299,NORMAL
43.8,52.83,277.1,32.6,0.296,0.179,PARTIAL_CLOG
39.54,43.66,127.0,32.4,0.104,0.294,NORMAL
38.23,41.58,101.7,33.0,0.211,0.291,NORMAL
38.31,42.61,114.9,37.5,0.13,0.297,NORMAL
22.77,24.26,57.3,26.0,1.827,0.445,CAVITATION_LEAK
40.41,49.38,241.6,37.1,0.474,0.166,PARTIAL_CLOG
38.87,42.42,113.1,31.4,0.269,0.296,NORMAL
42.68,47.14,83.8,53.2,0.108,0.28,NORMAL
39.85,44.56,104.2,45.2,0.232,0.297,NORMAL
47.36,66.06,774.5,24.1,0.278,0.078,FULL_CLOG
44.9,54.69,335.2,29.2,0.443,0.178,PARTIAL_CLOG
40.92,45.58,141.5,32.9,0.236,0.33,NORMAL
39.63,44.33,115.9,40.5,0.172,0.269,NORMAL
39.46,44.27,97.9,49.1,0.238,0.275,NORMAL
43.27,53.3,292.0,34.4,0.508,0.178,PARTIAL_CLOG
47.38,58.78,725.8,15.7,0.372,0.023,FULL_CLOG
39.42,43.94,129.7,34.9,0.258,0.262,NORMAL
38.49,42.96,132.5,33.8,0.108,0.306,NORMAL
40.61,44.75,117.7,35.2,0.289,0.287,NORMAL
24.62,25.69,45.8,23.3,1.666,0.423,CAVITATION_LEAK
35.85,40.31,116.8,38.2,0.149,0.304,NORMAL
46.08,60.79,756.5,19.5,0.188,0.088,FULL_CLOG
43.22,51.99,283.5,30.9,0.486,0.203,PARTIAL_CLOG
39.33,43.7,134.7,32.5,0.144,0.271,NORMAL
39.38,44.13,107.5,44.2,0.164,0.295,NORMAL
39.0,43.8,110.4,43.4,0.231,0.277,NORMAL
43.19,51.91,256.1,34.0,0.548,0.192,PARTIAL_CLOG
46.27,63.16,633.6,26.6,0.212,0.064,FULL_CLOG
42.92,52.24,235.5,39.6,0.348,0.159,PARTIAL_CLOG
43.28,50.94,274.6,27.9,0.267,0.206,PARTIAL_CLOG
38.95,43.44,132.5,33.9,0.138,0.293,NORMAL
27.56,28.99,50.3,28.4,1.733,0.492,CAVITATION_LEAK
47.72,64.52,761.8,22.1,0.324,0.08,FULL_CLOG
38.39,42.45,104.8,38.7,0.242,0.307,NORMAL
23.81,25.36,53.7,28.8,1.126,0.371,CAVITATION_LEAK
45.47,55.12,277.5,34.8,0.523,0.16,PARTIAL_CLOG
44.21,53.18,290.7,30.9,0.489,0.205,PARTIAL_CLOG
41.23,49.55,254.7,32.6,0.492,0.15,PARTIAL_CLOG
47.25,60.9,607.3,22.5,0.297,0.011,FULL_CLOG
43.38,50.67,250.0,29.2,0.303,0.16,PARTIAL_CLOG
41.86,45.56,114.3,32.3,0.115,0.307,NORMAL
39.96,44.19,102.7,41.2,0.238,0.268,NORMAL
25.14,26.99,34.1,54.2,1.909,0.598,CAVITATION_LEAK
41.52,45.72,119.6,35.1,0.202,0.297,NORMAL
39.4,43.37,112.5,35.4,0.24,0.285,NORMAL
37.08,41.7,115.5,40.0,0.119,0.335,NORMAL
39.52,42.78,122.9,26.5,0.162,0.314,NORMAL
44.53,53.18,302.5,28.6,0.49,0.164,PARTIAL_CLOG
29.63,30.53,62.9,14.3,1.711,0.414,CAVITATION_LEAK
38.35,42.73,126.3,34.7,0.113,0.321,NORMAL
40.27,44.94,116.6,40.1,0.197,0.257,NORMAL
39.45,43.81,109.7,39.8,0.284,0.342,NORMAL
50.19,67.2,610.2,27.9,0.383,0.064,FULL_CLOG
44.72,54.52,323.9,30.3,0.287,0.184,PARTIAL_CLOG
39.29,44.34,119.6,42.2,0.203,0.315,NORMAL
47.19,63.76,725.5,22.8,0.268,0.04,FULL_CLOG
48.39,65.14,714.4,23.4,0.381,0.07,FULL_CLOG
46.81,61.47,545.0,26.9,0.16,0.046,FULL_CLOG
26.72,28.05,54.4,24.4,1.244,0.359,CAVITATION_LEAK
40.25,45.03,103.2,46.3,0.253,0.301,NORMAL
47.02,61.99,596.4,25.1,0.379,0.044,FULL_CLOG
42.39,52.49,200.7,50.4,0.52,0.146,PARTIAL_CLOG
47.09,63.04,785.7,20.3,0.238,0.09,FULL_CLOG
41.8,51.5,278.8,34.8,0.26,0.162,PARTIAL_CLOG
45.11,60.81,774.1,20.3,0.374,0.072,FULL_CLOG
43.9,53.31,237.0,39.7,0.35,0.203,PARTIAL_CLOG
38.82,43.26,120.2,37.0,0.102,0.282,NORMAL
43.75,52.0,259.8,31.8,0.509,0.163,PARTIAL_CLOG
22.6,23.8,51.9,23.1,1.289,0.456,CAVITATION_LEAK
25.44,27.51,56.6,36.6,1.401,0.538,CAVITATION_LEAK
39.75,44.42,106.0,44.1,0.142,0.267,NORMAL
39.31,44.22,100.8,48.7,0.217,0.317,NORMAL
41.57,45.44,112.9,34.3,0.263,0.288,NORMAL
42.18,51.62,229.2,41.2,0.481,0.211,PARTIAL_CLOG
49.32,59.82,680.2,15.4,0.168,0.033,FULL_CLOG
39.34,43.31,100.9,39.4,0.235,0.279,NORMAL
45.84,55.38,262.1,36.4,0.398,0.187,PARTIAL_CLOG
48.44,63.86,414.2,37.2,0.339,0.076,FULL_CLOG
45.91,54.85,279.9,31.9,0.49,0.21,PARTIAL_CLOG
41.54,50.73,291.8,31.5,0.294,0.157,PARTIAL_CLOG
43.2,51.24,282.1,28.5,0.348,0.191,PARTIAL_CLOG
44.28,52.74,269.2,31.4,0.474,0.185,PARTIAL_CLOG
40.7,45.23,98.7,45.8,0.294,0.273,NORMAL
40.73,50.22,326.1,29.1,0.542,0.196,PARTIAL_CLOG
43.97,53.6,247.9,38.8,0.341,0.195,PARTIAL_CLOG
50.03,66.62,508.7,32.6,0.212,0.073,FULL_CLOG
41.66,51.06,221.8,42.4,0.347,0.205,PARTIAL_CLOG
48.68,64.3,636.2,24.6,0.243,0.038,FULL_CLOG
41.62,46.71,125.8,40.5,0.238,0.273,NORMAL
41.58,51.49,272.8,36.3,0.38,0.149,PARTIAL_CLOG
42.22,46.57,101.7,42.8,0.112,0.292,NORMAL
40.79,46.19,130.9,41.3,0.207,0.277,NORMAL
42.04,53.31,280.7,40.2,0.448,0.178,PARTIAL_CLOG
25.68,26.83,52.2,22.1,1.3,0.422,CAVITATION_LEAK
40.62,44.79,127.3,32.7,0.103,0.307,NORMAL
39.57,44.16,74.5,61.6,0.162,0.306,NORMAL
47.1,61.67,566.7,25.7,0.344,0.08,FULL_CLOG
40.92,45.04,116.8,35.3,0.152,0.293,NORMAL
44.64,53.26,298.7,28.9,0.38,0.148,PARTIAL_CLOG
40.57,48.41,330.7,23.7,0.268,0.177,PARTIAL_CLOG
44.67,54.6,238.4,41.6,0.516,0.179,PARTIAL_CLOG
40.81,45.6,121.1,39.6,0.192,0.35,NORMAL
39.66,44.64,109.3,45.6,0.198,0.322,NORMAL
46.7,62.13,672.7,22.9,0.28,0.066,FULL_CLOG
45.43,57.28,246.7,48.1,0.518,0.182,PARTIAL_CLOG
39.89,44.48,99.2,46.3,0.261,0.313,NORMAL
48.08,63.15,741.0,20.3,0.34,0.081,FULL_CLOG
41.84,46.31,129.0,34.6,0.265,0.291,NORMAL
43.13,52.64,271.1,35.1,0.498,0.205,PARTIAL_CLOG
41.54,45.99,104.7,42.5,0.29,0.284,NORMAL
28.04,29.12,50.0,21.6,1.4,0.365,CAVITATION_LEAK
39.65,43.59,108.7,36.2,0.141,0.276,NORMAL
38.36,43.02,131.4,35.5,0.279,0.299,NORMAL
41.23,45.43,138.5,30.3,0.238,0.328,NORMAL
40.94,45.79,124.3,39.0,0.263,0.286,NORMAL
51.78,67.3,684.1,22.7,0.171,0.01,FULL_CLOG
23.06,25.11,42.3,48.6,1.01,0.395,CAVITATION_LEAK
39.33,43.45,106.2,38.8,0.179,0.29,NORMAL
42.34,47.21,126.1,38.6,0.125,0.284,NORMAL
45.27,56.1,221.9,48.8,0.339,0.144,PARTIAL_CLOG
45.54,60.44,614.2,24.3,0.227,0.022,FULL_CLOG
43.83,52.86,253.3,35.7,0.347,0.217,PARTIAL_CLOG
39.61,43.97,99.6,43.8,0.173,0.256,NORMAL
39.85,43.81,104.8,37.8,0.119,0.294,NORMAL
41.54,51.44,287.2,34.5,0.273,0.174,PARTIAL_CLOG
39.98,44.68,118.7,39.7,0.241,0.305,NORMAL
44.71,53.75,285.2,31.7,0.452,0.201,PARTIAL_CLOG
40.16,45.0,105.4,45.9,0.266,0.306,NORMAL
47.08,63.6,738.0,22.4,0.242,0.077,FULL_CLOG
42.78,47.67,115.6,42.3,0.106,0.301,NORMAL
42.46,51.35,279.5,31.8,0.259,0.202,PARTIAL_CLOG
45.7,55.92,288.5,35.4,0.381,0.143,PARTIAL_CLOG
44.19,54.45,291.4,35.2,0.438,0.184,PARTIAL_CLOG
40.88,46.09,115.6,45.1,0.234,0.273,NORMAL
44.44,54.77,257.3,40.1,0.462,0.148,PARTIAL_CLOG
42.21,51.31,268.2,33.9,0.466,0.143,PARTIAL_CLOG
44.47,52.18,312.6,24.7,0.347,0.175,PARTIAL_CLOG
43.86,52.6,241.7,36.2,0.518,0.174,PARTIAL_CLOG
40.98,50.56,276.7,34.6,0.516,0.18,PARTIAL_CLOG
48.96,64.4,535.6,28.8,0.199,0.024,FULL_CLOG
40.39,44.63,106.2,39.9,0.108,0.272,NORMAL
49.56,62.5,563.0,23.0,0.376,0.089,FULL_CLOG
43.96,52.73,265.8,33.0,0.407,0.187,PARTIAL_CLOG
39.0,43.15,116.4,35.7,0.103,0.32,NORMAL
39.13,43.55,109.1,40.5,0.267,0.284,NORMAL
39.23,43.19,119.6,33.1,0.144,0.298,NORMAL
49.14,63.1,771.7,18.1,0.342,0.016,FULL_CLOG
42.54,49.51,287.1,24.3,0.265,0.176,PARTIAL_CLOG
48.5,63.93,609.1,25.3,0.371,0.052,FULL_CLOG
43.78,53.39,268.0,35.9,0.368,0.169,PARTIAL_CLOG
39.98,43.83,122.2,31.6,0.187,0.293,NORMAL
39.68,44.35,88.8,52.6,0.18,0.299,NORMAL
41.29,45.56,130.9,32.6,0.296,0.299,NORMAL
39.98,44.12,108.5,38.2,0.222,0.246,NORMAL
40.63,44.95,100.7,42.8,0.22,0.309,NORMAL
39.3,43.37,93.2,43.7,0.205,0.276,NORMAL
41.95,52.87,299.9,36.4,0.342,0.188,PARTIAL_CLOG
44.38,53.82,257.7,36.6,0.4,0.15,PARTIAL_CLOG
21.47,22.54,45.9,23.3,1.644,0.483,CAVITATION_LEAK
29.86,31.01,35.7,32.2,1.934,0.365,CAVITATION_LEAK
43.26,51.79,317.7,26.9,0.305,0.211,PARTIAL_CLOG
40.84,45.13,126.1,34.0,0.167,0.301,NORMAL
41.78,50.85,272.1,33.3,0.263,0.219,PARTIAL_CLOG
44.97,63.3,617.2,29.7,0.239,0.047,FULL_CLOG
40.22,44.83,130.6,35.3,0.197,0.284,NORMAL
39.75,44.7,105.8,46.8,0.271,0.293,NORMAL
48.49,68.58,585.7,34.3,0.36,0.072,FULL_CLOG
41.42,46.45,127.1,39.6,0.15,0.331,NORMAL
43.64,52.6,321.0,27.9,0.517,0.17,PARTIAL_CLOG
44.77,53.48,314.5,27.7,0.35,0.168,PARTIAL_CLOG
41.07,44.93,107.4,36.0,0.239,0.242,NORMAL
38.54,43.24,107.4,43.7,0.24,0.311,NORMAL
40.61,46.2,124.0,45.1,0.224,0.269,NORMAL
39.23,44.29,118.3,42.7,0.264,0.316,NORMAL
38.23,42.85,89.0,51.9,0.239,0.318,NORMAL
49.43,65.91,723.9,22.8,0.321,0.048,FULL_CLOG
40.61,45.32,90.8,51.9,0.127,0.309,NORMAL
43.76,51.61,239.5,32.8,0.4,0.183,PARTIAL_CLOG
39.36,44.09,108.9,43.5,0.275,0.332,NORMAL
30.28,31.56,42.8,30.0,1.035,0.481,CAVITATION_LEAK
39.14,43.57,120.5,36.8,0.266,0.324,NORMAL
39.37,43.33,121.7,32.5,0.161,0.31,NORMAL
45.5,60.02,651.9,22.3,0.293,0.021,FULL_CLOG
47.43,69.1,683.9,31.7,0.268,0.083,FULL_CLOG
39.86,43.43,120.8,29.6,0.207,0.288,NORMAL
46.91,60.26,585.7,22.8,0.239,0.021,FULL_CLOG
43.84,53.5,353.1,27.4,0.529,0.16,PARTIAL_CLOG
44.22,52.3,264.0,30.6,0.269,0.215,PARTIAL_CLOG
40.97,45.32,130.3,33.4,0.185,0.301,NORMAL
39.8,43.81,141.1,28.4,0.121,0.308,NORMAL
40.76,49.02,256.2,32.2,0.408,0.219,PARTIAL_CLOG
45.74,54.41,347.8,24.9,0.467,0.183,PARTIAL_CLOG
40.07,44.37,123.6,34.8,0.171,0.307,NORMAL
43.26,52.18,307.9,29.0,0.404,0.177,PARTIAL_CLOG
46.22,63.53,648.8,26.7,0.365,0.077,FULL_CLOG
40.25,45.24,132.9,37.6,0.248,0.293,NORMAL
43.05,49.93,254.3,27.0,0.439,0.183,PARTIAL_CLOG
40.77,45.02,124.8,34.0,0.137,0.279,NORMAL
44.48,60.95,690.7,23.8,0.393,0.043,FULL_CLOG
44.96,54.28,162.3,57.5,0.322,0.16,PARTIAL_CLOG
20.4,20.8,28.4,14.3,0.851,0.498,CAVITATION_LEAK
38.68,42.7,103.1,39.0,0.202,0.306,NORMAL
41.18,46.4,112.4,46.5,0.204,0.294,NORMAL
39.63,44.79,108.1,47.7,0.184,0.328,NORMAL
39.2,43.97,101.1,47.1,0.172,0.335,NORMAL
40.51,44.29,122.2,30.9,0.173,0.286,NORMAL
27.88,28.42,57.4,9.3,1.769,0.597,CAVITATION_LEAK
41.01,45.44,98.2,45.1,0.272,0.318,NORMAL
40.05,45.12,118.5,42.8,0.157,0.34,NORMAL
48.74,62.77,582.3,24.1,0.181,0.056,FULL_CLOG
38.43,42.76,93.3,46.4,0.248,0.335,NORMAL
45.36,60.28,655.2,22.8,0.383,0.072,FULL_CLOG
40.64,44.62,144.3,27.6,0.184,0.29,NORMAL
42.34,51.23,264.8,33.6,0.278,0.211,PARTIAL_CLOG
40.08,44.2,102.2,40.3,0.132,0.339,NORMAL
41.05,45.85,120.0,40.0,0.107,0.295,NORMAL
16.9,18.22,31.8,41.6,1.664,0.367,CAVITATION_LEAK
41.83,46.47,110.5,42.0,0.173,0.269,NORMAL
46.07,55.17,305.2,29.8,0.33,0.199,PARTIAL_CLOG
39.92,44.78,112.7,43.1,0.125,0.361,NORMAL
43.47,48.03,108.4,42.1,0.289,0.279,NORMAL
47.58,62.26,733.9,20.0,0.34,0.072,FULL_CLOG
39.92,44.24,104.9,41.2,0.128,0.271,NORMAL
43.38,51.77,219.9,38.1,0.421,0.22,PARTIAL_CLOG
24.68,25.61,53.9,17.4,1.5,0.387,CAVITATION_LEAK
41.17,51.68,322.3,32.6,0.513,0.197,PARTIAL_CLOG
26.06,27.79,40.6,42.6,1.325,0.376,CAVITATION_LEAK
37.91,41.68,114.6,32.9,0.133,0.282,NORMAL
39.33,43.11,117.6,32.2,0.239,0.301,NORMAL
41.05,46.22,107.3,48.1,0.191,0.282,NORMAL
44.57,54.72,230.5,44.0,0.37,0.203,PARTIAL_CLOG
27.35,28.13,49.0,15.9,0.906,0.54,CAVITATION_LEAK
40.99,46.33,115.0,46.4,0.213,0.278,NORMAL
42.67,51.06,288.0,29.1,0.401,0.147,PARTIAL_CLOG
41.32,45.77,115.5,38.6,0.241,0.268,NORMAL
45.3,53.18,302.7,26.0,0.5,0.155,PARTIAL_CLOG
43.06,52.26,264.2,34.8,0.446,0.147,PARTIAL_CLOG
28.1,29.86,34.6,51.1,1.892,0.472,CAVITATION_LEAK
43.79,53.52,261.3,37.3,0.392,0.143,PARTIAL_CLOG
39.72,44.73,110.3,45.5,0.132,0.324,NORMAL
41.63,46.57,101.9,48.5,0.189,0.301,NORMAL
39.92,43.31,119.0,28.5,0.117,0.305,NORMAL
39.91,44.91,107.6,46.4,0.234,0.309,NORMAL
39.57,43.31,112.7,33.2,0.12,0.308,NORMAL
47.39,63.06,623.3,25.1,0.185,0.065,FULL_CLOG
43.0,52.08,276.2,32.9,0.263,0.216,PARTIAL_CLOG
44.64,53.46,253.6,34.8,0.451,0.167,PARTIAL_CLOG
39.28,43.62,109.1,39.7,0.12,0.254,NORMAL
48.54,61.98,556.0,24.2,0.31,0.075,FULL_CLOG
42.49,53.04,224.9,46.9,0.397,0.177,PARTIAL_CLOG
37.83,41.99,114.4,36.3,0.137,0.311,NORMAL
43.3,51.58,241.9,34.2,0.48,0.185,PARTIAL_CLOG
43.89,53.46,260.1,36.8,0.451,0.2,PARTIAL_CLOG
42.34,46.85,108.5,41.6,0.222,0.328,NORMAL
44.75,52.4,309.3,24.7,0.353,0.155,PARTIAL_CLOG
43.35,51.4,247.2,32.6,0.496,0.161,PARTIAL_CLOG
41.99,46.98,124.5,40.1,0.288,0.287,NORMAL
28.36,29.75,61.1,22.6,1.122,0.378,CAVITATION_LEAK
48.09,61.94,553.9,25.0,0.26,0.058,FULL_CLOG
42.9,48.9,250.1,24.0,0.264,0.182,PARTIAL_CLOG
42.76,53.15,286.9,36.2,0.301,0.156,PARTIAL_CLOG
39.45,44.07,113.8,40.6,0.243,0.306,NORMAL
43.81,50.97,290.7,24.6,0.404,0.166,PARTIAL_CLOG
42.58,50.78,329.1,24.9,0.403,0.141,PARTIAL_CLOG
38.26,42.28,105.3,38.2,0.15,0.305,NORMAL
43.81,51.39,285.7,26.6,0.38,0.17,PARTIAL_CLOG
52.47,62.93,625.9,16.7,0.349,0.025,FULL_CLOG
43.62,53.51,351.4,28.1,0.508,0.201,PARTIAL_CLOG
39.73,44.05,127.3,34.0,0.288,0.334,NORMAL
47.48,65.03,612.3,28.7,0.373,0.089,FULL_CLOG
38.58,43.05,125.1,35.7,0.121,0.309,NORMAL
39.11,42.82,139.0,26.7,0.103,0.256,NORMAL
40.22,45.02,114.6,41.9,0.131,0.3,NORMAL
39.38,44.28,107.3,45.7,0.154,0.31,NORMAL
45.18,60.84,706.0,22.2,0.381,0.013,FULL_CLOG
45.42,54.92,259.1,36.7,0.443,0.203,PARTIAL_CLOG
40.59,44.53,144.4,27.3,0.227,0.319,NORMAL
48.86,62.01,640.1,20.5,0.15,0.034,FULL_CLOG
47.84,65.95,592.9,30.5,0.244,0.059,FULL_CLOG
51.47,64.83,676.2,19.8,0.384,0.049,FULL_CLOG
42.01,45.34,125.4,26.5,0.278,0.298,NORMAL
45.1,54.62,301.1,31.6,0.457,0.197,PARTIAL_CLOG
26.63,27.89,49.5,25.4,1.281,0.431,CAVITATION_LEAK
45.46,57.85,640.3,19.4,0.245,0.089,FULL_CLOG
40.26,45.1,116.9,41.4,0.27,0.288,NORMAL
40.6,45.48,105.5,46.2,0.217,0.283,NORMAL
43.14,52.49,336.1,27.8,0.301,0.203,PARTIAL_CLOG
28.26,29.18,44.9,20.5,1.881,0.594,CAVITATION_LEAK
43.86,54.75,268.2,40.6,0.273,0.187,PARTIAL_CLOG
40.91,48.4,253.9,29.5,0.251,0.196,PARTIAL_CLOG
40.62,45.74,90.8,56.4,0.146,0.316,NORMAL
43.49,52.18,294.9,29.5,0.364,0.19,PARTIAL_CLOG
48.46,65.37,663.0,25.5,0.25,0.071,FULL_CLOG
39.6,44.04,114.9,38.7,0.18,0.314,NORMAL
50.99,68.57,603.6,29.1,0.314,0.025,FULL_CLOG
25.95,27.47,49.3,30.8,1.071,0.561,CAVITATION_LEAK
40.86,45.45,120.8,38.0,0.146,0.293,NORMAL
44.92,53.84,283.6,31.5,0.337,0.16,PARTIAL_CLOG
37.7,41.69,116.6,34.2,0.237,0.294,NORMAL
50.81,66.73,633.3,25.1,0.199,0.06,FULL_CLOG
44.76,52.87,245.7,33.0,0.343,0.215,PARTIAL_CLOG
41.77,51.77,279.5,35.8,0.342,0.2,PARTIAL_CLOG
46.75,63.16,615.5,26.7,0.239,0.065,FULL_CLOG
41.41,45.35,123.4,31.9,0.287,0.25,NORMAL
23.15,24.09,46.4,20.2,1.801,0.491,CAVITATION_LEAK
43.85,52.91,321.8,28.1,0.384,0.163,PARTIAL_CLOG
40.06,43.95,103.0,37.7,0.168,0.313,NORMAL
46.92,55.32,220.2,38.1,0.358,0.177,PARTIAL_CLOG
45.2,60.7,738.8,21.0,0.155,0.055,FULL_CLOG
40.62,46.08,119.9,45.5,0.174,0.299,NORMAL
47.15,63.55,735.8,22.3,0.375,0.034,FULL_CLOG
28.12,29.53,39.7,35.3,1.409,0.507,CAVITATION_LEAK
40.24,44.56,122.3,35.4,0.137,0.303,NORMAL
26.19,27.59,34.7,40.4,1.645,0.502,CAVITATION_LEAK
40.71,45.85,102.0,50.5,0.2,0.317,NORMAL
38.39,42.03,97.7,37.3,0.262,0.305,NORMAL
39.91,44.44,116.5,38.8,0.173,0.293,NORMAL
49.89,66.28,601.4,27.3,0.27,0.085,FULL_CLOG
45.5,55.47,253.3,39.3,0.518,0.155,PARTIAL_CLOG
42.11,46.29,88.3,47.3,0.222,0.295,NORMAL
39.53,43.49,116.2,34.0,0.26,0.32,NORMAL
45.84,57.79,282.5,42.3,0.523,0.197,PARTIAL_CLOG
39.7,43.99,111.6,38.4,0.231,0.287,NORMAL
49.06,61.49,790.6,15.7,0.225,0.053,FULL_CLOG
49.72,66.92,742.5,23.2,0.211,0.014,FULL_CLOG
45.56,54.52,316.6,28.3,0.342,0.142,PARTIAL_CLOG
25.45,26.44,45.5,21.8,1.091,0.375,CAVITATION_LEAK
39.27,44.09,104.4,46.1,0.203,0.318,NORMAL
23.68,24.82,35.5,32.0,1.811,0.43,CAVITATION_LEAK
43.18,52.44,283.2,32.7,0.389,0.186,PARTIAL_CLOG
41.69,51.35,298.1,32.4,0.533,0.193,PARTIAL_CLOG
39.46,43.47,116.5,34.4,0.158,0.274,NORMAL
46.2,61.22,655.7,22.9,0.303,0.027,FULL_CLOG
41.17,46.31,110.9,46.3,0.126,0.296,NORMAL
40.58,45.41,108.0,44.8,0.293,0.287,NORMAL
41.55,46.26,104.9,44.8,0.257,0.278,NORMAL
42.48,52.03,331.9,28.8,0.419,0.195,PARTIAL_CLOG
42.24,49.93,263.4,29.2,0.414,0.199,PARTIAL_CLOG
44.63,54.8,267.6,38.0,0.492,0.196,PARTIAL_CLOG
44.04,58.71,726.0,20.2,0.371,0.068,FULL_CLOG
39.79,43.82,120.0,33.6,0.236,0.305,NORMAL
43.45,52.51,262.5,34.5,0.279,0.173,PARTIAL_CLOG
40.8,44.13,99.2,33.5,0.279,0.31,NORMAL
48.98,65.42,619.3,26.6,0.157,0.033,FULL_CLOG
47.34,61.39,711.5,19.7,0.332,0.029,FULL_CLOG
43.81,52.77,255.3,35.1,0.34,0.16,PARTIAL_CLOG
41.47,48.1,269.1,24.6,0.458,0.149,PARTIAL_CLOG
41.58,46.13,110.6,41.1,0.111,0.304,NORMAL
42.0,51.61,257.5,37.3,0.426,0.189,PARTIAL_CLOG
49.87,67.32,606.5,28.8,0.152,0.083,FULL_CLOG
44.68,54.45,266.0,36.8,0.521,0.14,PARTIAL_CLOG
40.65,44.67,104.9,38.4,0.157,0.291,NORMAL
43.59,53.05,298.2,31.7,0.437,0.182,PARTIAL_CLOG
46.63,61.41,618.4,23.9,0.203,0.05,FULL_CLOG
37.7,41.4,116.3,31.9,0.21,0.298,NORMAL
41.6,45.71,106.7,38.6,0.254,0.289,NORMAL
43.26,54.05,270.0,39.9,0.368,0.146,PARTIAL_CLOG
49.51,66.39,634.0,26.6,0.277,0.027,FULL_CLOG
38.4,42.53,105.7,39.0,0.186,0.314,NORMAL
41.91,46.05,117.9,35.1,0.194,0.324,NORMAL
40.74,45.85,114.4,44.7,0.265,0.312,NORMAL
38.85,42.58,100.3,37.2,0.123,0.289,NORMAL
44.8,53.48,256.8,33.8,0.416,0.141,PARTIAL_CLOG
43.14,51.87,315.5,27.7,0.415,0.145,PARTIAL_CLOG
45.81,54.03,267.6,30.7,0.318,0.16,PARTIAL_CLOG
43.85,53.52,283.8,34.1,0.326,0.212,PARTIAL_CLOG
41.94,45.84,96.0,40.6,0.167,0.287,NORMAL
47.2,59.89,634.5,20.0,0.353,0.037,FULL_CLOG
42.66,50.44,274.5,28.4,0.333,0.153,PARTIAL_CLOG
22.82,23.16,32.1,10.4,0.973,0.492,CAVITATION_LEAK
42.87,51.59,279.1,31.2,0.465,0.151,PARTIAL_CLOG
41.77,45.75,118.8,33.5,0.113,0.289,NORMAL
43.73,53.08,316.3,29.6,0.275,0.155,PARTIAL_CLOG
38.74,42.43,119.9,30.8,0.115,0.281,NORMAL
42.85,50.02,282.7,25.4,0.42,0.198,PARTIAL_CLOG
39.99,44.96,123.4,40.3,0.165,0.294,NORMAL
39.47,43.9,134.1,33.1,0.255,0.302,NORMAL
49.28,62.22,632.3,20.5,0.316,0.022,FULL_CLOG
38.82,43.26,129.0,34.3,0.105,0.285,NORMAL
44.95,61.55,587.6,28.3,0.35,0.05,FULL_CLOG
38.46,42.37,116.1,33.7,0.207,0.302,NORMAL
43.07,50.08,275.9,25.4,0.304,0.177,PARTIAL_CLOG
44.46,52.45,280.1,28.5,0.53,0.2,PARTIAL_CLOG
40.23,50.4,275.0,37.0,0.426,0.143,PARTIAL_CLOG
38.16,43.01,118.9,40.8,0.108,0.286,NORMAL
39.38,43.5,104.5,39.4,0.144,0.296,NORMAL
39.68,43.85,105.9,39.4,0.287,0.294,NORMAL
40.81,44.54,107.9,34.6,0.215,0.315,NORMAL
44.0,53.24,267.2,34.6,0.514,0.206,PARTIAL_CLOG
25.88,26.92,51.8,20.0,1.255,0.389,CAVITATION_LEAK
49.47,64.32,644.3,23.0,0.158,0.013,FULL_CLOG
47.28,61.71,593.4,24.3,0.369,0.04,FULL_CLOG
49.25,61.59,615.7,20.0,0.287,0.045,FULL_CLOG
42.54,51.45,335.7,26.5,0.482,0.159,PARTIAL_CLOG
38.63,43.3,110.3,42.4,0.252,0.275,NORMAL
23.9,25.13,56.4,21.7,1.481,0.471,CAVITATION_LEAK
43.91,51.74,317.2,24.7,0.413,0.161,PARTIAL_CLOG
45.7,53.9,275.6,29.8,0.46,0.179,PARTIAL_CLOG
39.87,44.95,110.5,45.9,0.132,0.315,NORMAL
41.03,45.71,118.5,39.5,0.205,0.308,NORMAL
44.69,53.91,325.1,28.4,0.433,0.167,PARTIAL_CLOG
48.15,64.63,784.1,21.0,0.336,0.041,FULL_CLOG
44.34,52.86,274.1,31.1,0.542,0.212,PARTIAL_CLOG
38.18,42.7,106.4,42.5,0.176,0.297,NORMAL
22.82,23.37,47.3,11.7,1.721,0.361,CAVITATION_LEAK
42.32,46.76,113.2,39.3,0.262,0.301,NORMAL
42.28,46.8,104.8,43.2,0.275,0.281,NORMAL
38.26,42.66,112.2,39.2,0.25,0.317,NORMAL
45.07,55.27,261.3,39.0,0.425,0.184,PARTIAL_CLOG
30.08,30.73,57.1,11.5,1.683,0.448,CAVITATION_LEAK
42.75,47.48,122.6,38.6,0.252,0.308,NORMAL
48.96,64.34,634.6,24.3,0.182,0.038,FULL_CLOG
39.24,43.81,111.1,41.1,0.115,0.293,NORMAL
27.51,28.06,44.1,12.5,1.141,0.401,CAVITATION_LEAK
48.26,60.59,678.5,18.2,0.211,0.016,FULL_CLOG
49.3,65.78,733.1,22.5,0.311,0.089,FULL_CLOG
39.92,44.49,134.8,33.9,0.179,0.304,NORMAL
28.49,29.68,48.2,24.8,1.28,0.57,CAVITATION_LEAK
44.09,54.06,276.7,36.0,0.255,0.178,PARTIAL_CLOG
39.18,44.23,132.1,38.3,0.109,0.288,NORMAL
47.73,60.46,608.1,20.9,0.234,0.023,FULL_CLOG
38.8,43.61,108.9,44.2,0.236,0.274,NORMAL
48.26,59.03,729.6,14.8,0.245,0.029,FULL_CLOG
39.85,44.78,116.9,42.2,0.282,0.301,NORMAL
43.64,52.52,231.6,38.4,0.379,0.145,PARTIAL_CLOG
41.46,50.25,246.2,35.7,0.486,0.191,PARTIAL_CLOG
38.8,43.98,138.8,37.3,0.16,0.299,NORMAL
38.25,43.77,110.1,50.1,0.151,0.335,NORMAL
40.23,44.04,134.3,28.3,0.178,0.296,NORMAL
45.76,54.67,312.9,28.5,0.546,0.174,PARTIAL_CLOG
39.04,43.62,109.9,41.6,0.27,0.339,NORMAL
41.35,52.54,239.6,46.7,0.507,0.215,PARTIAL_CLOG
39.87,44.81,106.5,46.3,0.237,0.304,NORMAL
40.7,45.07,128.9,33.9,0.212,0.291,NORMAL
45.54,54.73,293.6,31.3,0.548,0.144,PARTIAL_CLOG
40.39,44.97,108.6,42.2,0.253,0.336,NORMAL
23.81,25.3,53.1,28.0,1.222,0.545,CAVITATION_LEAK
45.76,61.25,573.8,27.0,0.257,0.087,FULL_CLOG
42.16,51.51,286.1,32.7,0.358,0.166,PARTIAL_CLOG
43.97,52.35,275.7,30.4,0.534,0.166,PARTIAL_CLOG
47.33,63.45,728.0,22.1,0.289,0.022,FULL_CLOG
42.02,46.35,145.0,29.8,0.161,0.28,NORMAL
40.24,44.04,90.2,42.1,0.235,0.3,NORMAL
39.73,44.27,103.5,44.0,0.119,0.277,NORMAL
44.49,59.21,667.8,22.0,0.155,0.029,FULL_CLOG
42.05,45.93,119.7,32.4,0.256,0.291,NORMAL
46.14,55.91,241.3,40.5,0.47,0.216,PARTIAL_CLOG
21.37,23.07,49.4,34.3,1.039,0.582,CAVITATION_LEAK
45.39,61.15,537.6,29.3,0.348,0.027,FULL_CLOG
44.86,52.54,270.5,28.4,0.444,0.205,PARTIAL_CLOG
39.28,43.98,119.3,39.4,0.152,0.28,NORMAL
48.56,63.7,822.6,18.4,0.254,0.036,FULL_CLOG
43.55,50.98,241.4,30.8,0.44,0.19,PARTIAL_CLOG
40.86,45.18,102.9,41.9,0.183,0.267,NORMAL
40.27,44.77,98.2,45.9,0.186,0.314,NORMAL
27.6,28.22,43.5,14.2,1.067,0.532,CAVITATION_LEAK
43.94,53.26,279.6,33.4,0.306,0.141,PARTIAL_CLOG
48.39,64.12,668.5,23.5,0.236,0.061,FULL_CLOG
48.14,59.22,715.4,15.5,0.15,0.038,FULL_CLOG
44.74,54.59,284.2,34.6,0.358,0.199,PARTIAL_CLOG
40.3,48.27,280.1,28.5,0.274,0.141,PARTIAL_CLOG
40.7,44.3,127.0,28.3,0.269,0.3,NORMAL
39.07,43.4,126.9,34.1,0.103,0.273,NORMAL
38.63,42.91,96.0,44.6,0.111,0.332,NORMAL
47.0,65.47,584.1,31.6,0.2,0.057,FULL_CLOG
43.26,55.03,223.0,52.8,0.535,0.152,PARTIAL_CLOG
49.29,69.64,736.3,27.6,0.201,0.016,FULL_CLOG
40.12,44.49,105.0,41.6,0.223,0.301,NORMAL
41.87,50.35,197.7,42.9,0.388,0.154,PARTIAL_CLOG
45.52,54.89,230.6,40.6,0.514,0.218,PARTIAL_CLOG
40.16,48.44,256.2,32.3,0.399,0.212,PARTIAL_CLOG
45.2,52.88,304.0,25.3,0.419,0.212,PARTIAL_CLOG
40.51,44.96,132.7,33.6,0.169,0.314,NORMAL
44.58,52.72,250.5,32.5,0.464,0.194,PARTIAL_CLOG
40.28,45.1,96.7,49.9,0.189,0.34,NORMAL
40.89,45.83,122.4,40.3,0.152,0.268,NORMAL
45.41,55.46,306.0,32.8,0.368,0.164,PARTIAL_CLOG
45.23,53.56,260.6,32.0,0.458,0.172,PARTIAL_CLOG
29.35,30.43,38.5,28.1,1.591,0.373,CAVITATION_LEAK
44.72,53.39,285.2,30.4,0.459,0.143,PARTIAL_CLOG
43.45,51.69,290.9,28.3,0.321,0.158,PARTIAL_CLOG
42.35,49.65,291.0,25.1,0.363,0.167,PARTIAL_CLOG
42.3,49.49,209.8,34.3,0.487,0.205,PARTIAL_CLOG
39.91,44.14,133.5,31.7,0.293,0.315,NORMAL
40.39,44.89,110.7,40.7,0.163,0.275,NORMAL
39.82,43.88,105.2,38.6,0.159,0.277,NORMAL
42.98,53.05,245.1,41.1,0.434,0.211,PARTIAL_CLOG
39.5,44.61,94.1,54.4,0.17,0.27,NORMAL
39.7,44.12,127.2,34.8,0.225,0.293,NORMAL
39.97,43.89,148.6,26.4,0.285,0.322,NORMAL
27.6,28.99,62.2,22.2,1.545,0.53,CAVITATION_LEAK
42.24,46.42,123.4,33.9,0.163,0.336,NORMAL
45.51,56.25,245.7,43.7,0.44,0.153,PARTIAL_CLOG
38.17,43.46,111.4,47.5,0.209,0.329,NORMAL
43.88,52.89,274.6,32.8,0.277,0.192,PARTIAL_CLOG
39.55,43.51,113.2,35.0,0.228,0.286,NORMAL
41.61,46.18,124.4,36.8,0.202,0.308,NORMAL
44.75,53.8,301.8,30.0,0.432,0.212,PARTIAL_CLOG
39.34,43.98,120.5,38.5,0.121,0.28,NORMAL
40.06,45.56,121.2,45.4,0.264,0.338,NORMAL
39.55,43.8,106.0,40.0,0.109,0.321,NORMAL
38.19,42.97,128.2,37.2,0.187,0.273,NORMAL
40.18,44.91,101.4,46.6,0.228,0.291,NORMAL
41.67,46.64,128.7,38.6,0.293,0.29,NORMAL
52.33,70.04,479.0,37.0,0.281,0.027,FULL_CLOG
43.98,53.08,257.5,35.3,0.351,0.159,PARTIAL_CLOG
42.99,51.86,278.2,31.9,0.494,0.155,PARTIAL_CLOG
41.05,45.46,147.2,30.0,0.198,0.312,NORMAL
24.19,24.72,48.9,11.0,1.01,0.533,CAVITATION_LEAK
42.97,47.36,105.1,41.8,0.203,0.295,NORMAL
39.41,43.24,126.3,30.4,0.269,0.321,NORMAL
44.16,53.16,270.4,33.3,0.292,0.179,PARTIAL_CLOG
39.93,44.29,148.6,29.4,0.101,0.31,NORMAL
39.28,44.0,119.2,39.6,0.146,0.31,NORMAL
44.85,54.64,282.6,34.7,0.466,0.153,PARTIAL_CLOG
44.6,61.67,548.8,31.1,0.305,0.038,FULL_CLOG
46.33,55.25,264.0,33.8,0.529,0.167,PARTIAL_CLOG
42.14,50.33,294.5,27.8,0.413,0.19,PARTIAL_CLOG
20.88,21.69,54.2,15.0,1.71,0.473,CAVITATION_LEAK
39.3,44.43,128.5,39.9,0.196,0.31,NORMAL
40.28,44.9,101.5,45.5,0.248,0.288,NORMAL
40.4,45.75,113.4,47.2,0.166,0.302,NORMAL
39.98,44.05,105.8,38.5,0.16,0.317,NORMAL
39.3,44.51,97.2,53.6,0.253,0.263,NORMAL
33.36,34.97,52.6,30.7,1.859,0.534,CAVITATION_LEAK
44.05,54.3,280.1,36.6,0.411,0.18,PARTIAL_CLOG
43.61,52.71,272.2,33.4,0.407,0.181,PARTIAL_CLOG
39.33,44.09,120.3,39.5,0.139,0.303,NORMAL
50.44,68.06,764.9,23.0,0.257,0.048,FULL_CLOG
29.13,31.7,45.9,56.0,1.734,0.575,CAVITATION_LEAK
45.38,57.67,663.6,18.5,0.34,0.027,FULL_CLOG
40.24,44.89,124.3,37.4,0.245,0.322,NORMAL
45.84,53.62,269.9,28.8,0.344,0.184,PARTIAL_CLOG
38.6,42.09,115.0,30.4,0.199,0.317,NORMAL
37.87,42.94,126.2,40.2,0.291,0.284,NORMAL
39.36,43.91,104.1,43.7,0.129,0.306,NORMAL
42.87,53.72,286.3,37.9,0.498,0.153,PARTIAL_CLOG
44.42,53.34,265.4,33.6,0.455,0.203,PARTIAL_CLOG
40.73,45.37,129.5,35.8,0.102,0.303,NORMAL
39.43,43.84,131.1,33.6,0.141,0.264,NORMAL
43.64,52.33,267.8,32.5,0.403,0.182,PARTIAL_CLOG
39.09,44.68,129.4,43.3,0.106,0.303,NORMAL
40.31,44.48,119.8,34.8,0.218,0.324,NORMAL
40.09,44.74,118.8,39.1,0.249,0.296,NORMAL
50.03,66.71,549.4,30.4,0.244,0.061,FULL_CLOG
40.19,44.72,108.5,41.8,0.189,0.324,NORMAL
38.66,42.71,91.4,44.3,0.227,0.317,NORMAL
39.29,44.25,122.8,40.4,0.234,0.278,NORMAL
22.68,24.81,48.2,44.2,0.951,0.575,CAVITATION_LEAK
42.38,50.56,316.1,25.9,0.473,0.175,PARTIAL_CLOG
43.53,50.17,313.4,21.2,0.542,0.187,PARTIAL_CLOG
40.47,45.25,98.7,48.4,0.205,0.268,NORMAL
44.29,54.15,258.9,38.1,0.359,0.141,PARTIAL_CLOG
39.06,43.32,90.4,47.1,0.236,0.304,NORMAL
42.41,50.85,269.7,31.3,0.519,0.217,PARTIAL_CLOG
26.4,27.74,44.9,30.0,1.346,0.359,CAVITATION_LEAK
42.63,50.66,289.0,27.8,0.47,0.167,PARTIAL_CLOG
49.51,64.75,608.2,25.0,0.166,0.068,FULL_CLOG
42.38,49.87,304.8,24.6,0.299,0.204,PARTIAL_CLOG
39.64,44.43,110.6,43.2,0.203,0.268,NORMAL
25.69,26.75,34.1,31.0,0.982,0.532,CAVITATION_LEAK
39.73,43.92,117.6,35.6,0.296,0.298,NORMAL
43.6,52.17,260.4,32.9,0.517,0.178,PARTIAL_CLOG
40.93,45.82,125.3,39.0,0.232,0.304,NORMAL
41.11,44.82,117.4,31.6,0.249,0.311,NORMAL
39.71,44.52,126.5,38.0,0.287,0.263,NORMAL
38.78,43.46,112.3,41.7,0.12,0.309,NORMAL
42.62,52.8,243.5,41.8,0.517,0.192,PARTIAL_CLOG
42.03,50.98,251.8,35.5,0.414,0.217,PARTIAL_CLOG
39.07,43.77,91.6,51.2,0.232,0.295,NORMAL
40.5,45.29,126.9,37.7,0.278,0.285,NORMAL
40.44,48.39,279.9,28.4,0.528,0.176,PARTIAL_CLOG
40.56,45.7,110.8,46.3,0.294,0.307,NORMAL
42.53,51.81,258.9,35.8,0.47,0.166,PARTIAL_CLOG
43.07,50.2,300.4,23.7,0.491,0.163,PARTIAL_CLOG
47.12,63.0,487.2,32.6,0.261,0.063,FULL_CLOG
43.41,53.61,283.7,35.9,0.407,0.167,PARTIAL_CLOG
40.84,44.88,116.7,34.6,0.214,0.352,NORMAL
42.28,50.16,277.4,28.4,0.422,0.213,PARTIAL_CLOG
39.39,43.86,104.8,42.6,0.287,0.3,NORMAL
40.24,45.09,101.7,47.7,0.279,0.292,NORMAL
48.52,66.66,695.9,26.1,0.337,0.013,FULL_CLOG
39.51,44.5,140.4,35.5,0.164,0.301,NORMAL
49.99,64.38,617.0,23.3,0.243,0.056,FULL_CLOG
47.83,65.01,587.9,29.2,0.376,0.069,FULL_CLOG
48.56,65.38,700.2,24.0,0.214,0.055,FULL_CLOG
26.42,27.64,51.1,23.9,1.877,0.482,CAVITATION_LEAK
39.01,43.89,112.3,43.4,0.266,0.292,NORMAL
40.46,45.46,107.5,46.5,0.251,0.298,NORMAL
43.17,52.4,287.4,32.1,0.499,0.198,PARTIAL_CLOG
41.62,46.56,113.1,43.7,0.23,0.314,NORMAL
43.14,51.67,222.9,38.3,0.316,0.172,PARTIAL_CLOG
44.01,53.46,260.1,36.4,0.395,0.182,PARTIAL_CLOG
42.85,50.97,313.3,25.9,0.481,0.186,PARTIAL_CLOG
40.66,44.5,116.0,33.1,0.24,0.293,NORMAL
40.77,45.7,135.5,36.4,0.27,0.312,NORMAL
41.44,46.38,107.4,46.0,0.129,0.324,NORMAL
36.3,41.0,107.3,43.8,0.266,0.274,NORMAL
50.22,63.56,733.1,18.2,0.287,0.059,FULL_CLOG
42.13,46.63,115.4,39.1,0.294,0.324,NORMAL
40.91,44.66,110.0,34.1,0.101,0.29,NORMAL
41.99,47.03,105.7,47.7,0.266,0.289,NORMAL
42.63,53.77,244.4,45.6,0.314,0.218,PARTIAL_CLOG
42.43,50.89,259.3,32.6,0.465,0.173,PARTIAL_CLOG
37.5,41.85,101.9,42.7,0.121,0.288,NORMAL
40.09,44.75,131.8,35.4,0.245,0.282,NORMAL
38.48,43.01,103.8,43.6,0.203,0.263,NORMAL
39.73,44.49,123.2,38.6,0.129,0.334,NORMAL
43.85,52.35,245.9,34.5,0.509,0.19,PARTIAL_CLOG
43.03,51.78,272.6,32.1,0.411,0.189,PARTIAL_CLOG
40.88,46.06,118.8,43.6,0.205,0.303,NORMAL
39.0,44.24,123.7,42.4,0.252,0.303,NORMAL
22.62,24.08,56.1,26.0,1.899,0.543,CAVITATION_LEAK
42.78,49.85,286.0,24.7,0.318,0.146,PARTIAL_CLOG
44.41,53.94,231.0,41.3,0.35,0.18,PARTIAL_CLOG
41.73,46.39,122.2,38.2,0.252,0.338,NORMAL
44.61,52.98,317.2,26.4,0.52,0.171,PARTIAL_CLOG
38.96,42.51,121.5,29.2,0.185,0.289,NORMAL
43.61,53.77,235.8,43.1,0.373,0.179,PARTIAL_CLOG
23.86,24.85,47.8,20.7,1.094,0.479,CAVITATION_LEAK
38.43,43.58,109.3,47.0,0.165,0.27,NORMAL
40.04,44.93,103.7,47.1,0.209,0.347,NORMAL
39.72,44.46,111.2,42.6,0.212,0.327,NORMAL
40.33,45.03,129.6,36.2,0.251,0.319,NORMAL
37.37,42.1,108.8,43.5,0.1,0.331,NORMAL
38.05,43.24,120.7,43.0,0.201,0.313,NORMAL
47.98,67.05,717.8,26.6,0.25,0.051,FULL_CLOG
43.85,52.85,260.1,34.6,0.491,0.171,PARTIAL_CLOG
40.44,44.59,125.4,33.1,0.247,0.266,NORMAL
28.72,30.36,39.6,41.3,1.339,0.503,CAVITATION_LEAK
39.12,44.59,126.6,43.2,0.123,0.316,NORMAL
30.27,31.83,55.3,28.3,1.021,0.545,CAVITATION_LEAK
38.21,42.25,106.0,38.1,0.261,0.286,NORMAL
45.05,61.26,555.9,29.2,0.201,0.061,FULL_CLOG
44.44,54.24,257.4,38.1,0.358,0.166,PARTIAL_CLOG
49.89,67.03,650.4,26.4,0.238,0.048,FULL_CLOG
21.42,22.44,63.5,16.0,1.707,0.543,CAVITATION_LEAK
39.03,43.31,131.4,32.6,0.296,0.315,NORMAL
22.9,24.27,51.0,26.8,1.589,0.445,CAVITATION_LEAK
39.89,43.45,114.1,31.2,0.149,0.314,NORMAL
38.8,43.07,115.7,36.9,0.179,0.28,NORMAL
42.66,47.47,112.6,42.7,0.13,0.317,NORMAL
43.42,52.0,277.7,30.9,0.274,0.142,PARTIAL_CLOG
39.41,43.31,139.7,28.0,0.287,0.25,NORMAL
44.45,53.76,262.5,35.5,0.282,0.183,PARTIAL_CLOG
42.68,49.66,279.3,25.0,0.377,0.151,PARTIAL_CLOG
48.29,61.37,626.5,20.9,0.282,0.089,FULL_CLOG
46.7,60.92,637.2,22.3,0.247,0.086,FULL_CLOG
39.35,43.53,117.1,35.7,0.193,0.292,NORMAL
42.24,47.37,107.8,47.5,0.165,0.273,NORMAL
39.36,44.27,111.5,44.0,0.238,0.253,NORMAL
38.7,43.36,122.6,38.0,0.13,0.306,NORMAL
40.89,46.14,83.7,62.6,0.27,0.292,NORMAL
42.48,46.74,144.3,29.5,0.287,0.245,NORMAL
38.89,44.19,126.5,41.9,0.201,0.284,NORMAL
26.86,27.96,42.7,25.6,0.933,0.524,CAVITATION_LEAK
41.94,51.38,280.1,33.7,0.472,0.184,PARTIAL_CLOG
40.09,45.93,103.6,56.4,0.219,0.315,NORMAL
42.93,52.34,326.5,28.8,0.521,0.173,PARTIAL_CLOG
40.03,45.04,100.5,49.9,0.194,0.308,NORMAL
40.36,43.74,118.9,28.4,0.299,0.333,NORMAL
45.69,55.6,295.1,33.6,0.398,0.176,PARTIAL_CLOG
40.12,50.3,267.8,38.0,0.47,0.209,PARTIAL_CLOG
39.82,44.45,103.1,44.9,0.238,0.282,NORMAL
24.76,26.47,57.3,29.9,1.459,0.59,CAVITATION_LEAK
49.35,67.88,707.5,26.2,0.346,0.017,FULL_CLOG
43.94,52.01,280.8,28.7,0.388,0.202,PARTIAL_CLOG
43.69,52.45,205.6,42.6,0.282,0.203,PARTIAL_CLOG
43.53,51.38,248.6,31.6,0.446,0.199,PARTIAL_CLOG
41.04,44.87,124.9,30.7,0.259,0.26,NORMAL
39.45,44.3,126.5,38.4,0.137,0.288,NORMAL
41.33,45.41,119.2,34.3,0.201,0.286,NORMAL
42.45,51.27,198.1,44.5,0.383,0.141,PARTIAL_CLOG
42.28,52.57,254.1,40.5,0.361,0.144,PARTIAL_CLOG
41.7,47.01,91.6,58.0,0.29,0.283,NORMAL
26.28,27.32,21.7,47.9,1.559,0.377,CAVITATION_LEAK
21.67,23.23,47.6,32.8,1.671,0.489,CAVITATION_LEAK
46.72,55.14,215.0,39.1,0.255,0.18,PARTIAL_CLOG
40.35,50.67,273.6,37.7,0.334,0.154,PARTIAL_CLOG
46.49,61.4,666.6,22.4,0.237,0.052,FULL_CLOG
40.47,44.21,110.0,34.0,0.242,0.292,NORMAL
48.91,64.37,719.3,21.5,0.262,0.015,FULL_CLOG
40.42,46.56,123.3,49.8,0.203,0.283,NORMAL
46.74,62.94,792.5,20.4,0.321,0.056,FULL_CLOG
40.26,44.4,115.7,35.8,0.255,0.337,NORMAL
44.37,60.33,573.2,27.8,0.392,0.066,FULL_CLOG
27.36,28.87,39.1,38.8,1.167,0.389,CAVITATION_LEAK
39.69,44.56,116.8,41.7,0.125,0.319,NORMAL
42.54,52.42,285.0,34.7,0.485,0.204,PARTIAL_CLOG
29.95,30.92,48.2,20.2,1.659,0.378,CAVITATION_LEAK
43.39,52.82,255.4,36.9,0.509,0.141,PARTIAL_CLOG
46.13,58.97,546.7,23.5,0.211,0.053,FULL_CLOG
41.74,50.45,293.5,29.6,0.306,0.189,PARTIAL_CLOG
40.84,45.4,101.2,45.1,0.223,0.31,NORMAL
39.4,43.86,99.0,45.0,0.232,0.35,NORMAL
39.17,42.69,108.0,32.5,0.161,0.337,NORMAL
47.17,64.65,602.5,29.0,0.242,0.043,FULL_CLOG
38.93,43.95,93.1,53.9,0.124,0.292,NORMAL
45.93,55.67,319.6,30.5,0.286,0.166,PARTIAL_CLOG
45.18,54.68,307.6,30.9,0.301,0.153,PARTIAL_CLOG
40.93,51.15,263.5,38.8,0.463,0.165,PARTIAL_CLOG
46.28,60.6,753.5,19.0,0.169,0.076,FULL_CLOG
23.67,24.75,44.6,24.1,1.11,0.492,CAVITATION_LEAK
39.6,43.44,123.1,31.2,0.156,0.288,NORMAL
43.33,57.41,686.8,20.5,0.156,0.082,FULL_CLOG
48.5,60.85,727.1,17.0,0.343,0.046,FULL_CLOG
41.34,50.14,244.0,36.1,0.33,0.218,PARTIAL_CLOG
28.98,30.46,33.1,44.7,0.985,0.57,CAVITATION_LEAK
39.39,43.68,121.7,35.2,0.263,0.345,NORMAL
38.66,42.67,112.9,35.5,0.243,0.315,NORMAL
47.05,60.39,553.2,24.1,0.196,0.027,FULL_CLOG
39.98,44.35,97.1,44.9,0.111,0.314,NORMAL
47.2,64.07,723.6,23.3,0.365,0.044,FULL_CLOG
47.84,63.8,477.1,33.5,0.239,0.011,FULL_CLOG
40.58,45.41,104.5,46.3,0.299,0.292,NORMAL
47.84,61.82,781.0,17.9,0.287,0.054,FULL_CLOG
39.44,43.82,109.1,40.2,0.203,0.284,NORMAL
44.32,54.92,251.4,42.2,0.397,0.173,PARTIAL_CLOG
42.19,52.1,256.6,38.6,0.394,0.174,PARTIAL_CLOG
26.44,27.1,47.3,13.8,1.709,0.514,CAVITATION_LEAK
39.2,44.31,119.2,42.9,0.225,0.26,NORMAL
43.73,52.05,284.3,29.2,0.512,0.152,PARTIAL_CLOG
42.64,51.49,298.9,29.6,0.256,0.181,PARTIAL_CLOG
43.15,51.98,295.1,29.9,0.378,0.178,PARTIAL_CLOG
41.6,50.46,276.5,32.0,0.526,0.186,PARTIAL_CLOG
39.78,44.16,129.0,33.9,0.154,0.296,NORMAL
40.11,44.95,100.6,48.1,0.256,0.29,NORMAL
41.27,45.61,116.3,37.3,0.214,0.329,NORMAL
51.27,67.65,691.6,23.7,0.314,0.02,FULL_CLOG
39.95,44.62,125.3,37.2,0.174,0.311,NORMAL
42.28,45.99,104.6,35.4,0.181,0.324,NORMAL
21.18,22.19,46.5,21.6,0.924,0.493,CAVITATION_LEAK
41.03,45.38,105.6,41.2,0.288,0.332,NORMAL
29.41,30.59,43.5,27.4,1.245,0.369,CAVITATION_LEAK
44.21,53.62,233.6,40.3,0.294,0.183,PARTIAL_CLOG
44.12,58.49,664.6,21.6,0.333,0.014,FULL_CLOG
40.22,44.05,117.0,32.8,0.188,0.272,NORMAL
41.69,46.42,106.4,44.5,0.137,0.296,NORMAL
39.35,47.12,288.8,26.9,0.26,0.199,PARTIAL_CLOG
49.54,68.48,677.3,28.0,0.305,0.034,FULL_CLOG
44.91,55.01,289.6,34.9,0.371,0.201,PARTIAL_CLOG
42.17,46.55,110.6,39.6,0.168,0.321,NORMAL
49.22,62.22,674.5,19.3,0.316,0.084,FULL_CLOG
49.1,66.05,677.9,25.0,0.281,0.089,FULL_CLOG
43.09,51.63,269.6,31.7,0.393,0.211,PARTIAL_CLOG
49.38,65.56,771.7,21.0,0.361,0.032,FULL_CLOG
47.47,67.66,661.6,30.5,0.325,0.067,FULL_CLOG
46.3,54.98,300.2,28.9,0.414,0.16,PARTIAL_CLOG
39.84,44.84,125.7,39.8,0.128,0.325,NORMAL
44.17,53.65,288.8,32.8,0.463,0.142,PARTIAL_CLOG
39.0,43.41,126.4,34.9,0.183,0.308,NORMAL
39.87,43.98,122.8,33.5,0.234,0.284,NORMAL
40.33,44.04,132.1,28.1,0.111,0.315,NORMAL
41.45,46.93,110.8,49.5,0.282,0.277,NORMAL
41.53,45.34,107.8,35.3,0.174,0.296,NORMAL
40.25,45.08,90.2,53.5,0.207,0.279,NORMAL
45.87,61.84,640.6,24.9,0.306,0.013,FULL_CLOG
24.65,25.55,31.1,28.7,1.025,0.378,CAVITATION_LEAK
40.02,44.53,107.5,42.0,0.15,0.283,NORMAL
28.43,29.57,51.6,22.1,1.809,0.374,CAVITATION_LEAK
44.38,53.95,316.6,30.2,0.36,0.218,PARTIAL_CLOG
38.86,43.35,117.1,38.4,0.245,0.311,NORMAL
39.76,44.32,83.6,54.6,0.173,0.244,NORMAL
43.99,52.77,236.3,37.1,0.468,0.2,PARTIAL_CLOG
45.86,61.06,608.3,25.0,0.33,0.034,FULL_CLOG
45.7,55.88,289.8,35.1,0.38,0.166,PARTIAL_CLOG
39.4,43.44,135.5,29.8,0.103,0.306,NORMAL
41.27,45.42,129.4,32.1,0.262,0.289,NORMAL
40.82,45.84,118.8,42.3,0.214,0.318,NORMAL
39.22,43.26,120.7,33.4,0.136,0.299,NORMAL
39.73,44.44,133.1,35.4,0.166,0.304,NORMAL
39.26,43.59,132.4,32.7,0.145,0.277,NORMAL
45.76,64.49,809.5,23.1,0.342,0.029,FULL_CLOG
24.26,26.24,47.1,42.0,1.939,0.539,CAVITATION_LEAK
40.87,44.47,119.7,30.0,0.257,0.317,NORMAL
31.2,33.11,50.5,37.8,1.209,0.421,CAVITATION_LEAK
40.17,44.81,107.9,43.1,0.174,0.289,NORMAL
43.89,53.14,273.4,33.8,0.47,0.194,PARTIAL_CLOG
40.84,45.68,107.0,45.2,0.218,0.274,NORMAL
42.62,50.94,265.7,31.3,0.465,0.199,PARTIAL_CLOG
25.24,26.35,51.7,21.4,1.244,0.425,CAVITATION_LEAK
40.98,49.7,258.5,33.7,0.448,0.142,PARTIAL_CLOG
38.92,43.29,110.9,39.4,0.134,0.303,NORMAL
42.86,53.86,261.8,42.0,0.48,0.145,PARTIAL_CLOG
39.06,42.73,109.1,33.6,0.288,0.284,NORMAL
47.53,64.28,740.9,22.6,0.279,0.054,FULL_CLOG
42.0,51.41,329.1,28.6,0.485,0.147,PARTIAL_CLOG
41.35,46.46,110.0,46.4,0.109,0.276,NORMAL
42.08,51.03,248.8,36.0,0.507,0.198,PARTIAL_CLOG
43.25,52.4,272.2,33.6,0.362,0.184,PARTIAL_CLOG
41.5,45.93,109.3,40.5,0.292,0.316,NORMAL
43.76,53.5,314.9,30.9,0.306,0.152,PARTIAL_CLOG
39.85,45.26,103.6,52.2,0.201,0.303,NORMAL
40.75,49.57,303.8,29.0,0.39,0.198,PARTIAL_CLOG
47.27,61.06,689.3,20.0,0.209,0.027,FULL_CLOG
46.59,63.6,581.3,29.3,0.3,0.065,FULL_CLOG
41.88,51.19,254.5,36.6,0.484,0.154,PARTIAL_CLOG
42.04,49.09,288.7,24.4,0.48,0.18,PARTIAL_CLOG
39.4,43.26,141.6,27.3,0.194,0.298,NORMAL
49.73,65.29,776.5,20.0,0.364,0.075,FULL_CLOG
40.86,45.63,111.1,42.9,0.254,0.316,NORMAL
43.76,52.17,275.4,30.5,0.297,0.214,PARTIAL_CLOG
38.28,43.44,111.3,46.4,0.134,0.277,NORMAL
39.8,44.5,126.4,37.2,0.23,0.286,NORMAL
42.8,52.31,279.6,34.0,0.312,0.197,PARTIAL_CLOG
41.15,45.4,117.0,36.3,0.144,0.335,NORMAL
40.11,49.75,279.5,34.5,0.254,0.217,PARTIAL_CLOG
41.08,46.04,112.2,44.2,0.123,0.332,NORMAL
38.04,43.22,127.6,40.6,0.102,0.27,NORMAL
42.79,52.05,276.2,33.5,0.427,0.204,PARTIAL_CLOG
38.15,42.91,114.9,41.4,0.29,0.324,NORMAL
40.14,44.9,125.0,38.1,0.293,0.298,NORMAL
43.77,52.0,243.6,33.8,0.368,0.186,PARTIAL_CLOG
37.98,43.14,103.5,49.8,0.288,0.314,NORMAL
47.35,65.49,520.9,34.8,0.263,0.07,FULL_CLOG
41.72,46.63,103.5,47.4,0.129,0.292,NORMAL
37.71,42.1,98.7,44.5,0.131,0.287,NORMAL
42.77,51.95,268.6,34.2,0.318,0.185,PARTIAL_CLOG
39.52,45.05,101.9,54.3,0.261,0.305,NORMAL
38.82,43.48,129.1,36.1,0.214,0.3,NORMAL
39.67,43.75,116.3,35.1,0.269,0.29,NORMAL
37.74,41.35,116.9,30.8,0.213,0.268,NORMAL
49.72,67.89,801.0,22.7,0.249,0.031,FULL_CLOG
41.96,45.79,113.1,33.9,0.161,0.305,NORMAL
50.03,65.28,652.2,23.4,0.312,0.072,FULL_CLOG
45.63,61.91,586.7,27.7,0.243,0.051,FULL_CLOG
41.84,46.99,122.4,42.1,0.21,0.288,NORMAL
25.47,26.35,30.1,29.1,1.841,0.485,CAVITATION_LEAK
41.73,45.82,98.4,41.5,0.169,0.345,NORMAL
24.37,25.38,28.9,35.0,1.901,0.368,CAVITATION_LEAK
39.65,43.82,108.0,38.6,0.204,0.313,NORMAL
40.52,49.0,277.9,30.5,0.298,0.194,PARTIAL_CLOG
46.27,56.3,247.3,40.5,0.484,0.212,PARTIAL_CLOG
40.66,44.38,128.1,29.0,0.236,0.3,NORMAL
45.19,53.99,275.6,31.9,0.397,0.177,PARTIAL_CLOG
45.28,55.98,300.3,35.6,0.53,0.169,PARTIAL_CLOG
41.45,45.81,104.4,41.7,0.128,0.312,NORMAL
40.61,45.48,129.8,37.5,0.201,0.307,NORMAL
42.22,50.83,252.4,34.1,0.461,0.152,PARTIAL_CLOG
44.25,52.14,271.3,29.1,0.344,0.195,PARTIAL_CLOG
24.01,25.35,49.2,27.2,1.055,0.43,CAVITATION_LEAK
49.31,67.17,714.3,25.0,0.197,0.068,FULL_CLOG
24.03,24.71,50.3,13.6,1.868,0.389,CAVITATION_LEAK
44.73,52.81,238.0,33.9,0.414,0.145,PARTIAL_CLOG
39.07,44.12,97.7,51.7,0.267,0.306,NORMAL
40.07,44.8,99.4,47.6,0.181,0.316,NORMAL
47.74,68.22,632.4,32.4,0.205,0.072,FULL_CLOG
44.61,52.61,336.1,23.8,0.396,0.189,PARTIAL_CLOG
39.65,44.03,121.3,36.1,0.248,0.296,NORMAL
41.25,46.81,125.1,44.4,0.196,0.28,NORMAL
26.8,28.1,44.6,29.2,1.27,0.557,CAVITATION_LEAK
45.62,52.97,273.1,26.9,0.402,0.207,PARTIAL_CLOG
39.04,42.93,105.0,37.1,0.291,0.309,NORMAL
44.31,54.57,289.5,35.4,0.43,0.202,PARTIAL_CLOG
39.84,44.64,102.4,46.9,0.208,0.313,NORMAL
41.4,45.82,115.4,38.4,0.293,0.302,NORMAL
40.17,44.84,108.7,43.0,0.244,0.27,NORMAL
39.07,43.68,106.7,43.2,0.194,0.31,NORMAL
48.87,67.96,685.2,27.9,0.321,0.039,FULL_CLOG
41.53,46.54,111.5,45.0,0.166,0.241,NORMAL
46.48,64.62,614.1,29.5,0.325,0.031,FULL_CLOG
49.81,62.17,558.2,22.1,0.354,0.014,FULL_CLOG
40.61,45.38,125.6,38.0,0.293,0.299,NORMAL
43.82,52.4,264.5,32.4,0.325,0.205,PARTIAL_CLOG
43.54,52.56,229.5,39.3,0.504,0.214,PARTIAL_CLOG
49.33,65.2,730.1,21.7,0.264,0.079,FULL_CLOG
40.51,44.89,115.9,37.9,0.166,0.3,NORMAL
39.83,47.76,261.9,30.3,0.477,0.193,PARTIAL_CLOG
40.81,50.28,285.8,33.1,0.315,0.144,PARTIAL_CLOG
39.12,43.17,136.2,29.7,0.104,0.29,NORMAL
39.51,43.24,124.2,30.1,0.258,0.319,NORMAL
43.0,53.26,244.3,42.0,0.503,0.19,PARTIAL_CLOG
44.54,54.34,221.5,44.2,0.474,0.188,PARTIAL_CLOG
40.76,44.93,121.0,34.4,0.195,0.314,NORMAL
44.21,53.48,261.9,35.4,0.516,0.155,PARTIAL_CLOG
40.48,45.96,98.3,55.8,0.255,0.281,NORMAL
46.09,55.81,275.3,35.3,0.499,0.199,PARTIAL_CLOG
37.82,41.47,123.8,29.5,0.297,0.308,NORMAL
46.86,63.23,659.1,24.8,0.213,0.031,FULL_CLOG
39.06,43.46,110.6,39.7,0.125,0.3,NORMAL
39.73,44.69,113.4,43.7,0.235,0.294,NORMAL
41.03,45.94,118.6,41.4,0.207,0.33,NORMAL
39.57,44.52,116.1,42.6,0.108,0.312,NORMAL
43.75,53.75,301.7,33.1,0.483,0.172,PARTIAL_CLOG
40.07,44.58,89.0,50.7,0.257,0.307,NORMAL
46.17,58.37,608.3,20.1,0.295,0.023,FULL_CLOG
40.71,45.57,107.2,45.4,0.119,0.285,NORMAL
39.94,45.1,102.9,50.1,0.118,0.292,NORMAL
39.71,43.47,128.6,29.3,0.267,0.29,NORMAL
41.58,46.12,115.5,39.3,0.119,0.282,NORMAL
37.73,43.8,113.2,53.6,0.16,0.293,NORMAL
41.64,45.66,117.3,34.3,0.195,0.324,NORMAL
44.74,53.72,265.0,33.9,0.382,0.168,PARTIAL_CLOG
40.63,45.44,95.1,50.5,0.193,0.3,NORMAL
43.63,52.55,333.3,26.8,0.356,0.185,PARTIAL_CLOG
43.81,52.81,252.6,35.6,0.455,0.205,PARTIAL_CLOG
41.56,45.66,109.2,37.6,0.223,0.299,NORMAL
43.49,52.49,299.7,30.0,0.463,0.173,PARTIAL_CLOG
28.39,29.97,60.2,26.2,0.955,0.405,CAVITATION_LEAK
42.66,51.57,294.9,30.2,0.546,0.173,PARTIAL_CLOG
44.42,55.06,289.7,36.7,0.289,0.145,PARTIAL_CLOG
40.37,45.2,120.3,40.1,0.186,0.3,NORMAL
47.47,65.08,623.3,28.3,0.309,0.075,FULL_CLOG
45.79,62.36,554.5,29.9,0.156,0.021,FULL_CLOG
43.02,50.59,359.7,21.0,0.4,0.157,PARTIAL_CLOG
29.43,31.04,51.8,31.2,1.558,0.412,CAVITATION_LEAK
38.79,43.77,113.4,43.9,0.175,0.294,NORMAL
41.48,46.64,104.4,49.4,0.178,0.302,NORMAL
47.69,63.32,725.7,21.5,0.362,0.011,FULL_CLOG
46.51,60.31,748.9,18.4,0.247,0.015,FULL_CLOG
40.13,44.54,135.4,32.6,0.236,0.291,NORMAL
40.98,45.96,106.7,46.6,0.102,0.292,NORMAL
39.48,43.25,117.3,32.2,0.287,0.296,NORMAL
41.57,45.5,121.0,32.5,0.126,0.318,NORMAL
45.5,61.19,709.2,22.1,0.382,0.01,FULL_CLOG
42.06,49.4,291.7,25.1,0.528,0.167,PARTIAL_CLOG
38.8,43.03,135.4,31.3,0.127,0.335,NORMAL
39.51,43.36,94.7,40.6,0.13,0.37,NORMAL
39.97,44.81,117.7,41.2,0.269,0.283,NORMAL
39.85,44.82,103.5,48.0,0.133,0.314,NORMAL
43.16,51.74,212.8,40.3,0.379,0.176,PARTIAL_CLOG
30.76,31.97,49.5,24.5,1.866,0.511,CAVITATION_LEAK
47.02,63.85,712.0,23.6,0.159,0.061,FULL_CLOG
40.38,45.08,97.8,48.0,0.153,0.292,NORMAL
46.25,62.23,697.8,22.9,0.19,0.063,FULL_CLOG
48.44,62.89,486.0,29.7,0.222,0.058,FULL_CLOG
48.03,68.24,710.8,28.4,0.245,0.038,FULL_CLOG
40.13,47.38,266.5,27.2,0.304,0.169,PARTIAL_CLOG
40.24,44.91,129.2,36.2,0.286,0.324,NORMAL
39.96,43.95,105.5,37.9,0.228,0.307,NORMAL
38.3,43.25,96.8,51.2,0.155,0.329,NORMAL
41.38,45.36,117.0,34.0,0.138,0.319,NORMAL
39.6,45.01,117.3,46.1,0.122,0.312,NORMAL
42.1,50.47,264.5,31.7,0.443,0.162,PARTIAL_CLOG
42.77,50.74,279.4,28.5,0.491,0.176,PARTIAL_CLOG
43.41,52.17,288.5,30.4,0.321,0.203,PARTIAL_CLOG
38.4,42.81,119.7,36.8,0.111,0.305,NORMAL
19.15,20.86,46.3,36.9,1.149,0.529,CAVITATION_LEAK
27.9,29.32,34.5,41.2,1.595,0.576,CAVITATION_LEAK
48.62,64.18,675.7,23.0,0.218,0.067,FULL_CLOG
27.42,27.83,51.9,7.9,0.898,0.521,CAVITATION_LEAK
42.92,51.88,282.7,31.7,0.535,0.174,PARTIAL_CLOG
28.26,29.98,45.4,37.9,0.993,0.359,CAVITATION_LEAK
39.59,44.54,102.3,48.4,0.141,0.267,NORMAL
40.01,43.88,99.3,39.0,0.247,0.308,NORMAL
38.65,42.9,123.6,34.4,0.245,0.3,NORMAL
43.26,46.8,117.5,30.1,0.104,0.262,NORMAL
42.64,47.46,116.5,41.3,0.26,0.31,NORMAL
44.26,52.86,216.2,39.8,0.294,0.173,PARTIAL_CLOG
47.44,62.42,745.8,20.1,0.274,0.039,FULL_CLOG
44.54,52.48,209.6,37.9,0.526,0.219,PARTIAL_CLOG
40.09,43.8,94.0,39.4,0.293,0.288,NORMAL
50.79,68.06,700.8,24.6,0.209,0.058,FULL_CLOG
45.41,55.32,301.3,32.9,0.549,0.21,PARTIAL_CLOG
40.54,46.39,114.1,51.3,0.166,0.31,NORMAL
44.69,54.63,285.9,34.8,0.344,0.207,PARTIAL_CLOG
41.44,46.11,97.2,48.1,0.168,0.333,NORMAL
40.37,44.83,121.5,36.7,0.179,0.305,NORMAL
25.92,27.13,42.6,28.5,0.933,0.357,CAVITATION_LEAK
39.7,44.33,127.7,36.3,0.28,0.29,NORMAL
43.52,53.0,306.0,31.0,0.395,0.195,PARTIAL_CLOG
51.76,69.55,693.9,25.6,0.347,0.078,FULL_CLOG
41.81,51.37,327.6,29.2,0.549,0.155,PARTIAL_CLOG
39.79,43.93,119.3,34.7,0.247,0.316,NORMAL
39.63,44.48,120.5,40.2,0.24,0.307,NORMAL
38.62,42.36,106.3,35.1,0.108,0.314,NORMAL
45.07,55.28,247.3,41.3,0.462,0.199,PARTIAL_CLOG
40.23,43.9,122.5,30.0,0.247,0.33,NORMAL
40.04,44.59,126.0,36.1,0.274,0.296,NORMAL
27.23,27.25,34.5,0.7,1.835,0.571,CAVITATION_LEAK
40.22,49.5,246.2,37.7,0.549,0.203,PARTIAL_CLOG
40.54,44.7,129.6,32.1,0.174,0.327,NORMAL
47.7,56.7,303.5,29.7,0.331,0.198,PARTIAL_CLOG
44.59,53.66,218.9,41.4,0.353,0.152,PARTIAL_CLOG
40.12,43.47,117.0,28.6,0.207,0.287,NORMAL
39.28,44.04,117.7,40.5,0.208,0.267,NORMAL
47.96,61.32,632.1,21.1,0.261,0.08,FULL_CLOG
43.47,52.93,280.4,33.8,0.276,0.17,PARTIAL_CLOG
40.89,47.71,265.8,25.7,0.258,0.166,PARTIAL_CLOG
40.76,45.44,146.8,31.8,0.133,0.33,NORMAL
39.16,43.28,123.9,33.3,0.204,0.309,NORMAL
39.26,43.36,133.2,30.8,0.188,0.298,NORMAL
41.45,44.95,112.7,31.0,0.105,0.271,NORMAL
39.57,43.96,128.8,34.1,0.243,0.298,NORMAL
41.26,45.92,122.3,38.1,0.18,0.286,NORMAL
47.31,61.11,634.0,21.8,0.394,0.042,FULL_CLOG
22.15,22.9,42.0,17.8,0.986,0.385,CAVITATION_LEAK
49.73,65.32,543.7,28.7,0.21,0.062,FULL_CLOG
46.27,58.46,684.3,17.8,0.379,0.085,FULL_CLOG
42.18,46.21,112.2,35.9,0.226,0.294,NORMAL
22.35,23.62,46.1,27.5,1.916,0.446,CAVITATION_LEAK
42.1,47.45,125.1,42.8,0.236,0.308,NORMAL
28.18,29.5,38.6,34.2,1.248,0.561,CAVITATION_LEAK
31.14,32.6,56.7,25.7,1.171,0.534,CAVITATION_LEAK
45.64,54.9,256.2,36.1,0.512,0.214,PARTIAL_CLOG
22.55,22.58,60.8,0.5,1.676,0.363,CAVITATION_LEAK
42.12,51.29,288.5,31.8,0.376,0.163,PARTIAL_CLOG
40.37,45.1,113.8,41.6,0.276,0.275,NORMAL
40.89,45.34,138.3,32.2,0.114,0.3,NORMAL
43.43,51.21,234.9,33.1,0.286,0.2,PARTIAL_CLOG
39.58,44.44,111.2,43.7,0.174,0.294,NORMAL
43.75,51.98,287.6,28.6,0.504,0.198,PARTIAL_CLOG
25.95,26.89,49.7,18.9,1.469,0.464,CAVITATION_LEAK
39.28,44.15,103.8,46.9,0.198,0.296,NORMAL
46.26,61.83,708.9,22.0,0.376,0.07,FULL_CLOG
27.56,29.09,51.6,29.6,1.021,0.493,CAVITATION_LEAK
25.38,26.38,45.8,21.9,1.324,0.391,CAVITATION_LEAK
25.98,26.79,50.2,16.1,0.914,0.532,CAVITATION_LEAK
44.67,53.39,320.7,27.2,0.429,0.184,PARTIAL_CLOG
23.15,24.89,39.3,44.4,1.04,0.363,CAVITATION_LEAK
49.83,64.03,699.5,20.3,0.281,0.058,FULL_CLOG
41.05,45.24,107.9,38.9,0.137,0.313,NORMAL
42.18,52.26,314.7,32.0,0.375,0.194,PARTIAL_CLOG
43.52,53.41,323.3,30.6,0.308,0.148,PARTIAL_CLOG
39.69,43.68,106.2,37.6,0.279,0.266,NORMAL
42.32,53.28,269.9,40.6,0.535,0.182,PARTIAL_CLOG
43.95,54.13,261.5,38.9,0.395,0.149,PARTIAL_CLOG
38.72,43.61,138.3,35.4,0.19,0.284,NORMAL
44.05,52.96,307.7,29.0,0.542,0.209,PARTIAL_CLOG
51.33,69.43,564.7,32.1,0.193,0.016,FULL_CLOG
43.4,52.79,299.6,31.3,0.449,0.208,PARTIAL_CLOG
40.51,45.89,107.3,50.1,0.207,0.274,NORMAL
40.82,45.67,117.3,41.3,0.119,0.29,NORMAL
40.26,45.34,111.3,45.7,0.176,0.238,NORMAL
30.79,31.73,49.6,18.8,1.606,0.366,CAVITATION_LEAK
40.73,44.49,110.8,34.0,0.167,0.277,NORMAL
46.42,55.37,285.9,31.3,0.368,0.19,PARTIAL_CLOG
39.92,43.45,122.2,28.9,0.124,0.284,NORMAL
39.99,44.05,112.4,36.1,0.105,0.297,NORMAL
44.49,60.61,421.5,38.2,0.217,0.076,FULL_CLOG
43.07,52.78,309.7,31.4,0.4,0.196,PARTIAL_CLOG
36.04,39.52,100.6,34.6,0.2,0.295,NORMAL
40.34,44.42,132.6,30.7,0.183,0.338,NORMAL
37.34,42.32,113.6,43.9,0.239,0.313,NORMAL
44.04,53.14,283.4,32.1,0.375,0.212,PARTIAL_CLOG
43.57,54.74,284.4,39.3,0.345,0.157,PARTIAL_CLOG
40.7,44.66,97.3,40.6,0.179,0.294,NORMAL
39.57,44.51,111.3,44.4,0.285,0.305,NORMAL
42.22,46.92,86.0,54.6,0.165,0.304,NORMAL
26.69,27.58,62.1,14.3,1.319,0.506,CAVITATION_LEAK
30.32,31.62,51.9,25.0,0.977,0.368,CAVITATION_LEAK
44.53,49.11,107.6,42.5,0.262,0.281,NORMAL
48.79,63.64,685.2,21.7,0.168,0.07,FULL_CLOG
43.03,47.35,124.6,34.7,0.225,0.297,NORMAL
40.06,44.45,98.1,44.8,0.299,0.285,NORMAL
47.92,64.14,504.4,32.2,0.229,0.082,FULL_CLOG
25.41,26.85,44.9,32.0,1.286,0.544,CAVITATION_LEAK
30.21,30.16,53.0,-0.9,1.59,0.585,CAVITATION_LEAK
44.24,53.04,303.6,29.0,0.331,0.161,PARTIAL_CLOG
40.56,45.08,104.2,43.4,0.202,0.31,NORMAL
47.04,62.59,665.1,23.4,0.344,0.041,FULL_CLOG
40.92,44.99,96.1,42.3,0.148,0.309,NORMAL
40.87,50.1,304.6,30.3,0.53,0.145,PARTIAL_CLOG
40.9,45.85,123.3,40.1,0.231,0.318,NORMAL
40.34,48.86,282.1,30.2,0.357,0.19,PARTIAL_CLOG
39.47,43.85,112.4,39.0,0.173,0.268,NORMAL
39.99,44.1,121.5,33.9,0.221,0.285,NORMAL
29.38,30.67,40.0,32.4,0.977,0.482,CAVITATION_LEAK
38.96,43.92,123.4,40.2,0.163,0.306,NORMAL
43.82,50.99,254.1,28.2,0.462,0.157,PARTIAL_CLOG
40.5,44.52,115.9,34.7,0.242,0.306,NORMAL
39.72,44.0,126.4,33.8,0.144,0.286,NORMAL
38.37,43.67,121.5,43.6,0.113,0.276,NORMAL
40.14,44.84,112.2,41.9,0.29,0.311,NORMAL
46.39,63.46,715.3,23.9,0.212,0.032,FULL_CLOG
41.04,45.84,102.4,46.9,0.118,0.313,NORMAL
24.66,26.41,25.8,67.8,1.157,0.494,CAVITATION_LEAK
39.23,46.84,293.8,25.9,0.431,0.153,PARTIAL_CLOG
38.83,43.47,112.3,41.3,0.2,0.301,NORMAL
44.98,54.59,245.7,39.1,0.521,0.182,PARTIAL_CLOG
43.82,52.45,298.4,28.9,0.459,0.153,PARTIAL_CLOG
45.15,61.07,755.9,21.1,0.367,0.036,FULL_CLOG
40.44,44.88,104.7,42.4,0.278,0.31,NORMAL
39.87,43.78,99.8,39.2,0.279,0.324,NORMAL
46.67,63.63,658.1,25.8,0.34,0.044,FULL_CLOG
27.82,29.39,44.9,35.1,1.815,0.372,CAVITATION_LEAK
46.95,58.81,693.3,17.1,0.196,0.014,FULL_CLOG
41.57,45.45,135.5,28.7,0.292,0.285,NORMAL
47.74,61.29,710.6,19.1,0.254,0.019,FULL_CLOG
42.89,51.08,296.7,27.6,0.473,0.143,PARTIAL_CLOG
43.07,50.63,291.5,25.9,0.348,0.218,PARTIAL_CLOG
38.56,43.24,139.2,33.6,0.177,0.277,NORMAL
43.8,52.53,285.0,30.6,0.366,0.152,PARTIAL_CLOG
38.23,42.95,122.7,38.5,0.242,0.288,NORMAL
39.64,44.06,109.9,40.3,0.139,0.285,NORMAL
49.64,65.95,769.2,21.2,0.256,0.051,FULL_CLOG
39.52,44.14,122.5,37.8,0.188,0.289,NORMAL
40.56,44.2,107.7,33.8,0.228,0.331,NORMAL
38.13,42.06,111.9,35.2,0.194,0.335,NORMAL
25.9,27.68,42.6,41.6,1.715,0.523,CAVITATION_LEAK
41.73,50.8,332.9,27.2,0.322,0.173,PARTIAL_CLOG
40.15,44.65,105.9,42.5,0.2,0.271,NORMAL
49.73,67.09,790.9,21.9,0.294,0.067,FULL_CLOG
45.58,62.24,660.1,25.2,0.198,0.044,FULL_CLOG
38.8,42.82,118.9,33.9,0.276,0.278,NORMAL
42.65,53.72,332.1,33.3,0.42,0.206,PARTIAL_CLOG
47.99,62.59,489.3,29.8,0.17,0.057,FULL_CLOG
43.81,52.9,276.9,32.8,0.432,0.169,PARTIAL_CLOG
40.7,44.73,112.8,35.7,0.234,0.31,NORMAL
47.28,61.97,636.0,23.1,0.169,0.035,FULL_CLOG
44.3,52.67,305.5,27.4,0.302,0.16,PARTIAL_CLOG
42.37,46.83,128.3,34.8,0.285,0.288,NORMAL
39.96,43.68,98.7,37.7,0.138,0.333,NORMAL
42.69,46.78,105.1,39.0,0.223,0.315,NORMAL
40.18,44.88,108.0,43.5,0.154,0.279,NORMAL
50.48,65.59,759.4,19.9,0.362,0.046,FULL_CLOG
39.64,43.65,108.2,37.1,0.286,0.281,NORMAL
40.31,44.81,120.7,37.3,0.147,0.313,NORMAL
44.59,52.62,323.4,24.8,0.45,0.155,PARTIAL_CLOG
41.42,45.67,103.5,41.1,0.259,0.325,NORMAL
26.25,27.39,40.1,28.4,1.386,0.588,CAVITATION_LEAK
39.15,44.13,135.1,36.9,0.138,0.319,NORMAL
38.54,42.82,127.8,33.5,0.251,0.285,NORMAL
39.63,44.3,126.8,36.8,0.263,0.329,NORMAL
42.23,46.86,115.2,40.2,0.248,0.281,NORMAL
39.39,43.5,126.3,32.6,0.103,0.319,NORMAL
41.93,49.94,290.2,27.6,0.323,0.149,PARTIAL_CLOG
30.03,31.51,40.3,36.6,1.276,0.481,CAVITATION_LEAK
41.33,45.57,127.0,33.4,0.188,0.292,NORMAL
43.94,55.69,277.0,42.4,0.407,0.189,PARTIAL_CLOG
43.59,50.89,309.0,23.6,0.389,0.214,PARTIAL_CLOG
50.41,65.2,594.5,24.9,0.216,0.036,FULL_CLOG
41.13,45.41,118.1,36.2,0.145,0.318,NORMAL
40.56,44.88,111.5,38.7,0.184,0.315,NORMAL
40.58,45.38,116.0,41.4,0.282,0.309,NORMAL
45.54,55.03,251.0,37.8,0.412,0.166,PARTIAL_CLOG
49.95,62.85,658.8,19.6,0.329,0.078,FULL_CLOG
38.51,42.72,130.1,32.4,0.165,0.291,NORMAL
38.98,43.0,113.2,35.5,0.101,0.303,NORMAL
27.41,28.32,48.1,18.9,1.933,0.545,CAVITATION_LEAK
43.19,58.72,629.9,24.7,0.221,0.059,FULL_CLOG
27.17,28.58,56.6,25.0,1.52,0.381,CAVITATION_LEAK
50.44,67.33,742.2,22.8,0.237,0.027,FULL_CLOG
40.57,45.1,106.6,42.5,0.275,0.289,NORMAL
43.36,51.47,267.1,30.4,0.534,0.185,PARTIAL_CLOG
42.14,49.82,295.2,26.0,0.529,0.182,PARTIAL_CLOG
39.85,44.92,111.5,45.5,0.15,0.27,NORMAL
45.34,53.28,239.3,33.1,0.547,0.219,PARTIAL_CLOG
43.29,52.3,249.2,36.1,0.375,0.151,PARTIAL_CLOG
39.64,44.85,135.2,38.5,0.216,0.294,NORMAL
43.96,61.31,606.0,28.6,0.291,0.079,FULL_CLOG
42.09,49.7,235.4,32.3,0.526,0.164,PARTIAL_CLOG
27.8,29.27,41.6,35.3,0.89,0.494,CAVITATION_LEAK
39.8,44.88,111.6,45.6,0.225,0.28,NORMAL
41.54,46.09,117.9,38.7,0.184,0.284,NORMAL
43.72,53.51,254.9,38.4,0.317,0.174,PARTIAL_CLOG
40.87,46.13,143.3,36.7,0.142,0.333,NORMAL
43.54,51.65,224.4,36.1,0.493,0.204,PARTIAL_CLOG
49.55,65.23,747.9,21.0,0.161,0.058,FULL_CLOG
39.79,44.69,129.5,37.8,0.222,0.359,NORMAL
43.34,53.18,259.5,37.9,0.3,0.189,PARTIAL_CLOG
42.58,50.77,303.5,27.0,0.315,0.144,PARTIAL_CLOG
39.25,43.89,115.4,40.2,0.284,0.276,NORMAL
22.46,23.69,46.9,26.2,1.593,0.565,CAVITATION_LEAK
45.96,62.17,472.6,34.3,0.261,0.06,FULL_CLOG
44.78,53.44,248.1,34.9,0.269,0.182,PARTIAL_CLOG
42.99,51.45,273.7,30.9,0.291,0.218,PARTIAL_CLOG
44.98,53.78,267.4,32.9,0.266,0.171,PARTIAL_CLOG
27.09,28.81,34.8,49.3,1.228,0.46,CAVITATION_LEAK
44.18,54.43,273.2,37.5,0.345,0.208,PARTIAL_CLOG
44.68,54.37,321.9,30.1,0.538,0.167,PARTIAL_CLOG
49.34,64.99,623.4,25.1,0.222,0.042,FULL_CLOG
36.66,41.15,106.1,42.3,0.185,0.29,NORMAL
45.8,62.32,597.2,27.7,0.195,0.067,FULL_CLOG
41.37,46.69,94.7,56.1,0.282,0.284,NORMAL
40.0,44.75,126.7,37.5,0.126,0.284,NORMAL
40.8,45.57,95.2,50.1,0.216,0.285,NORMAL
25.92,26.98,34.1,31.1,1.58,0.455,CAVITATION_LEAK
49.47,67.57,655.0,27.6,0.344,0.016,FULL_CLOG
43.0,52.12,299.3,30.5,0.395,0.203,PARTIAL_CLOG
40.45,50.84,260.2,39.9,0.455,0.144,PARTIAL_CLOG
45.59,54.65,256.9,35.2,0.488,0.148,PARTIAL_CLOG
31.37,32.87,35.3,42.4,1.196,0.503,CAVITATION_LEAK
41.39,51.01,279.0,34.5,0.433,0.197,PARTIAL_CLOG
41.31,46.72,114.7,47.1,0.265,0.313,NORMAL
38.62,42.99,97.0,45.0,0.277,0.286,NORMAL
49.96,64.78,884.9,16.7,0.365,0.038,FULL_CLOG
45.41,53.83,282.6,29.8,0.304,0.179,PARTIAL_CLOG
36.92,41.2,125.2,34.1,0.293,0.297,NORMAL
41.91,46.53,111.8,41.4,0.229,0.282,NORMAL
49.83,65.34,547.3,28.3,0.18,0.039,FULL_CLOG
38.61,41.83,127.3,25.2,0.221,0.333,NORMAL
43.49,52.14,272.5,31.7,0.529,0.195,PARTIAL_CLOG
27.7,29.29,47.6,33.3,0.998,0.587,CAVITATION_LEAK
40.43,44.88,125.7,35.5,0.119,0.322,NORMAL
38.56,42.39,120.4,31.8,0.113,0.293,NORMAL
42.89,53.41,312.9,33.6,0.362,0.164,PARTIAL_CLOG
49.7,66.4,646.7,25.8,0.212,0.027,FULL_CLOG
41.79,51.07,326.1,28.4,0.315,0.153,PARTIAL_CLOG
25.67,27.29,33.4,48.2,0.935,0.428,CAVITATION_LEAK
41.88,45.56,124.2,29.6,0.13,0.329,NORMAL
42.79,51.54,245.6,35.6,0.262,0.169,PARTIAL_CLOG
42.69,49.22,223.0,29.3,0.407,0.162,PARTIAL_CLOG
48.67,66.02,608.8,28.5,0.286,0.051,FULL_CLOG
39.82,43.85,133.0,30.3,0.156,0.308,NORMAL
48.08,63.86,622.3,25.4,0.252,0.063,FULL_CLOG
44.66,53.38,320.0,27.2,0.409,0.213,PARTIAL_CLOG
41.1,45.39,95.8,44.8,0.203,0.302,NORMAL
39.5,43.89,104.1,42.2,0.261,0.305,NORMAL
47.11,64.54,585.5,29.8,0.396,0.047,FULL_CLOG
40.77,45.27,75.0,60.0,0.19,0.315,NORMAL
40.5,43.98,108.6,32.0,0.152,0.312,NORMAL
40.5,44.84,132.0,32.9,0.291,0.299,NORMAL
49.06,63.8,550.8,26.8,0.268,0.062,FULL_CLOG
