temp_c,humidity_pct,solar_rad_wm2,wind_speed_ms,soil_moisture_pct,crop_kc,et0_penman_monteith_mm_day,recommended_water_dose_liters
41.3,77.7,233.5,4.62,16.5,0.86,4.5,5.88
32.6,54.0,495.7,3.08,27.1,0.69,9.21,4.41
25.6,80.5,596.7,4.26,24.0,0.66,9.79,6.0
37.3,27.3,684.0,5.44,21.7,0.83,9.65,8.93
31.2,70.4,631.2,2.54,36.7,0.69,10.1,0.98
22.2,19.2,976.2,3.91,36.8,1.04,9.77,1.42
33.0,76.8,853.4,5.17,41.6,0.82,9.76,1.12
41.7,62.2,1036.2,4.79,18.7,0.98,9.89,12.0
39.9,40.9,605.0,3.74,38.6,0.82,9.97,1.15
33.3,28.3,271.7,2.8,28.1,1.05,6.97,4.47
27.8,72.2,1012.2,2.95,29.7,1.09,9.98,5.31
20.3,57.2,203.5,3.1,38.9,1.07,4.03,0.6
30.2,40.2,859.7,2.59,40.3,0.89,10.01,1.25
37.6,46.1,226.6,4.69,33.8,0.69,7.01,0.83
27.4,72.9,847.0,1.25,22.4,0.84,9.91,8.74
24.1,38.7,997.2,6.3,26.7,0.86,9.81,6.12
42.2,21.3,530.9,5.17,30.5,1.13,9.63,4.7
39.4,78.8,404.8,2.29,36.9,0.93,5.43,0.71
34.6,42.1,392.3,0.76,31.7,0.97,6.83,2.2
21.6,39.4,618.0,4.77,23.0,1.04,9.95,10.5
21.8,29.3,345.3,4.91,24.5,0.93,7.4,6.16
20.7,77.8,772.0,6.28,13.5,0.95,9.85,12.0
34.0,30.2,513.1,2.02,39.7,0.77,9.84,1.06
21.0,59.6,474.6,1.0,14.6,0.68,7.6,8.58
39.9,76.7,592.1,5.99,29.4,1.01,8.67,4.5
43.8,17.4,661.2,2.05,38.1,1.07,8.96,1.35
27.5,73.0,320.6,4.83,24.6,0.86,6.19,4.68
29.8,43.7,801.6,0.86,36.0,0.92,10.02,1.3
36.5,61.1,950.5,5.06,36.1,0.8,9.96,1.12
42.4,41.1,436.3,1.26,13.8,0.88,6.3,9.52
41.2,63.7,353.3,4.67,24.4,0.75,6.68,4.56
19.5,32.8,846.4,3.69,32.7,1.03,9.57,2.51
22.4,16.5,356.0,6.23,24.7,0.9,8.91,7.04
37.6,81.3,235.1,0.72,28.4,0.92,3.32,1.83
35.9,16.1,726.4,2.25,29.8,0.67,9.79,3.14
21.5,72.7,403.8,0.92,16.5,0.96,6.6,9.61
31.1,26.8,346.0,5.78,24.4,0.75,9.73,6.62
38.3,42.5,1034.4,4.06,12.9,0.84,9.73,12.0
23.7,72.6,448.1,3.71,16.5,0.86,7.7,10.0
40.7,29.4,967.9,1.29,27.4,0.87,9.72,5.71
19.4,75.6,351.5,3.43,29.2,0.76,6.13,2.47
38.3,49.8,896.1,2.89,16.4,1.08,9.88,12.0
34.0,40.6,626.7,2.39,34.7,0.86,9.88,1.19
26.2,61.4,266.8,5.13,23.2,0.96,6.01,5.73
36.7,38.9,823.6,0.87,39.6,0.96,9.94,1.33
38.3,39.3,958.3,4.38,23.6,0.95,10.01,9.19
42.3,66.3,338.6,5.44,16.5,0.93,6.67,9.4
27.6,36.7,816.8,5.94,34.7,1.06,9.83,1.46
35.8,29.1,578.3,4.98,29.0,1.06,9.71,5.56
33.7,71.5,840.8,2.19,23.6,0.86,9.68,8.01
31.7,71.4,806.8,4.1,22.7,0.97,9.93,9.96
41.2,49.8,222.6,1.35,16.5,0.7,4.45,4.73
18.1,51.9,351.9,1.2,22.2,0.7,5.68,4.23
25.3,63.7,600.4,4.33,12.9,0.89,9.49,12.0
32.0,50.6,993.6,5.61,27.1,1.1,10.12,7.73
22.6,44.2,490.8,0.9,38.9,0.97,8.26,1.13
41.6,84.6,734.5,1.14,35.9,0.98,7.11,0.98
34.8,25.3,210.3,3.89,12.9,0.73,7.56,9.92
30.4,56.5,804.5,1.81,38.4,0.88,9.62,1.18
39.2,77.0,712.6,4.17,25.6,0.85,9.87,6.81
29.7,63.1,808.1,1.79,17.7,1.04,10.07,12.0
32.5,76.7,969.0,1.2,34.6,0.72,10.12,1.02
18.1,38.5,324.5,3.77,21.7,0.92,6.19,6.33
27.5,34.0,422.4,5.67,19.6,1.11,9.8,12.0
21.6,74.6,1046.4,4.61,16.8,1.1,9.74,12.0
35.9,42.6,332.8,5.41,26.6,1.08,9.03,7.11
30.5,64.7,812.5,2.1,14.8,0.84,9.99,12.0
25.8,25.3,816.3,5.82,35.6,1.12,9.59,1.5
30.2,67.9,780.5,2.76,26.1,1.05,9.9,8.01
23.5,53.4,393.3,5.61,25.4,1.08,7.97,7.07
42.1,33.8,382.9,3.33,12.1,1.12,8.72,12.0
19.4,49.6,766.4,2.11,36.5,1.12,10.0,1.57
40.5,63.8,358.3,2.06,26.8,0.77,5.56,3.07
31.3,15.8,762.3,3.91,25.2,0.71,9.78,5.87
34.1,59.6,618.6,0.97,34.8,1.0,9.88,1.38
25.9,52.9,528.6,6.08,13.9,0.93,9.95,12.0
43.1,30.4,455.2,2.13,23.0,0.81,7.26,5.97
25.3,67.7,1005.4,2.51,29.3,0.99,9.93,5.16
33.3,36.2,631.9,1.9,25.8,0.68,10.05,5.42
43.8,34.4,677.1,0.52,17.4,0.67,6.35,6.17
40.9,48.0,1006.9,4.66,21.0,0.83,9.94,9.61
31.9,62.3,755.8,4.04,21.0,0.75,9.99,8.7
43.7,80.0,1014.2,5.36,41.8,1.01,8.14,1.15
36.2,24.9,290.4,0.75,21.8,1.12,6.11,7.59
23.4,42.8,919.6,6.07,18.2,0.98,9.8,12.0
28.5,19.7,485.1,2.49,36.7,0.98,9.79,1.34
26.7,68.1,888.9,5.98,24.6,0.65,9.7,5.6
26.9,46.3,927.3,1.14,25.3,0.91,9.83,7.4
37.8,64.5,430.8,4.96,28.5,1.06,8.49,5.27
33.2,37.6,547.5,3.98,29.9,0.98,9.66,4.5
19.0,74.1,817.1,2.65,29.7,0.76,9.89,3.69
40.8,52.4,284.2,0.97,13.0,1.07,4.77,9.15
25.7,81.1,842.2,4.13,36.6,1.13,10.02,1.59
43.9,20.5,293.9,0.66,17.8,0.79,5.19,5.79
42.8,51.0,977.3,3.51,20.8,0.75,9.66,8.62
42.5,68.7,434.9,4.13,17.2,0.82,6.28,7.52
39.1,57.0,689.3,4.9,35.0,0.68,9.72,0.93
23.7,16.6,299.6,6.45,29.5,1.09,8.42,4.62
31.8,83.1,429.1,2.06,34.7,1.11,6.79,1.06
23.8,35.9,543.4,2.43,31.6,0.97,9.85,3.26
24.8,32.4,614.0,2.55,15.1,1.03,9.67,12.0
33.9,49.0,200.1,4.89,21.0,0.98,6.12,7.01
19.1,53.0,955.4,6.09,27.2,0.84,9.68,5.55
43.2,68.6,206.5,6.35,21.1,0.97,5.69,6.34
41.9,42.5,857.6,6.17,18.2,1.07,9.79,12.0
27.9,45.8,600.0,5.78,38.1,1.05,9.76,1.44
31.4,52.4,645.3,6.45,34.4,0.69,9.67,0.94
30.1,42.6,377.0,2.76,22.4,0.88,7.55,7.06
40.9,79.0,716.3,6.19,35.0,0.85,9.59,1.14
35.9,74.6,656.6,5.07,30.8,1.03,9.76,4.03
25.2,46.8,339.6,1.51,12.1,0.9,6.76,11.31
29.6,15.0,402.4,0.77,23.4,0.82,7.93,6.41
29.2,78.1,256.9,1.79,20.7,1.0,4.78,5.7
42.9,23.7,256.3,5.17,18.5,0.89,9.95,11.98
22.6,32.1,211.7,4.29,19.5,0.78,5.46,5.44
20.3,25.7,387.4,1.85,40.3,1.1,7.1,1.09
40.9,27.6,777.7,4.95,26.6,0.71,9.65,4.99
41.3,71.2,468.8,1.35,37.4,0.66,5.86,0.54
40.7,55.6,491.3,5.43,18.4,0.72,9.56,9.44
31.3,81.9,312.1,5.26,17.2,0.73,5.8,6.2
35.2,31.2,689.2,6.34,38.7,0.92,9.92,1.28
32.6,49.0,490.8,1.4,26.9,0.96,8.66,5.91
19.8,83.4,774.9,5.94,38.9,0.87,9.73,1.19
33.5,72.9,830.2,2.55,13.9,0.75,9.95,12.0
18.4,66.0,697.0,3.0,39.5,0.72,9.77,0.98
26.4,28.2,434.7,3.31,24.5,0.9,9.15,7.35
42.2,68.9,632.3,4.26,16.7,0.93,8.21,11.52
25.9,39.3,414.1,6.47,32.5,0.8,9.59,2.09
42.4,52.1,967.5,4.1,35.9,0.76,9.53,1.01
24.5,57.6,851.4,6.06,13.4,0.69,9.96,12.0
26.2,57.7,619.1,2.03,41.6,0.66,9.99,0.93
34.3,65.9,1020.6,2.89,32.9,0.7,9.53,1.61
37.8,61.3,664.7,3.53,21.6,1.02,9.64,11.0
31.0,19.8,479.3,2.44,16.5,0.82,10.1,12.0
40.9,47.0,281.1,6.36,23.8,0.66,9.11,5.75
19.0,61.5,662.2,4.85,18.6,0.9,9.8,11.98
42.0,35.7,931.4,3.37,26.8,0.92,9.74,6.38
23.1,36.9,936.7,5.01,35.5,0.86,9.65,1.17
41.0,23.7,713.9,3.3,31.8,0.71,9.77,2.25
28.4,44.3,534.4,0.6,25.1,1.03,9.3,8.12
39.7,84.1,752.8,3.76,15.6,0.99,9.33,12.0
35.5,35.0,847.8,4.25,40.7,0.85,9.89,1.17
22.6,52.2,549.9,6.39,20.1,0.84,10.06,10.45
41.9,67.0,604.8,0.74,20.3,0.73,6.41,5.68
24.4,15.9,778.5,3.57,31.4,1.03,9.85,3.64
24.3,78.0,945.2,1.09,35.1,0.95,9.95,1.32
39.2,42.1,872.4,1.39,41.5,0.69,9.66,0.94
20.8,75.8,219.0,4.16,41.1,0.84,4.07,0.48
23.8,17.7,305.7,1.89,39.4,1.1,6.74,1.04
31.1,25.2,924.9,5.0,25.1,0.88,9.75,7.27
39.6,37.6,908.7,3.59,17.0,0.81,9.96,11.96
21.8,39.2,530.5,1.81,29.5,0.97,9.29,4.54
32.2,74.3,696.6,3.46,12.5,0.75,10.07,12.0
36.5,15.8,970.0,0.51,17.9,0.91,9.55,12.0
40.4,59.9,974.8,5.68,12.1,0.98,9.81,12.0
42.3,24.2,865.6,0.58,17.4,1.08,9.58,12.0
38.4,72.6,378.2,0.54,26.2,1.0,5.16,3.9
35.0,69.5,820.7,4.17,23.8,0.84,9.69,7.75
29.3,50.0,285.9,6.34,23.1,1.03,7.44,7.73
20.9,29.9,959.8,5.64,36.9,1.1,9.62,1.48
36.5,59.4,326.8,2.01,32.2,0.89,6.0,1.55
43.8,25.9,763.0,1.68,40.1,0.65,8.68,0.79
37.2,28.3,718.7,4.26,25.4,1.09,9.57,8.64
18.4,58.9,860.4,5.44,20.2,0.73,9.7,8.76
30.9,84.4,668.8,2.67,15.7,0.71,10.18,11.48
34.0,77.4,250.6,3.09,32.2,0.8,4.67,1.12
35.9,56.5,800.0,1.19,37.3,0.84,9.53,1.12
36.7,52.7,525.7,1.42,17.5,1.05,8.28,12.0
32.5,84.9,472.2,3.91,38.4,0.84,7.65,0.9
23.8,53.3,1042.9,1.12,27.8,0.67,9.82,4.23
42.5,44.4,701.8,1.71,16.3,0.97,8.49,12.0
36.1,78.7,804.1,1.91,31.3,0.99,10.13,3.66
24.2,31.4,647.4,3.16,27.6,1.06,10.19,7.04
26.4,21.8,854.5,0.77,12.8,0.85,9.76,12.0
42.0,59.4,839.3,3.5,24.0,0.69,9.93,6.44
41.1,21.7,758.6,6.07,35.5,0.93,9.94,1.29
28.5,41.1,1048.1,0.65,28.7,0.71,9.96,4.04
19.0,44.7,590.8,4.29,20.5,0.66,9.7,7.72
19.3,53.3,800.3,5.52,39.9,1.04,10.09,1.47
25.4,84.4,878.1,2.37,19.1,0.85,9.79,10.94
34.4,30.5,519.6,1.29,19.6,0.91,9.47,11.04
33.2,41.3,588.6,0.76,22.6,0.98,9.8,10.0
34.5,24.3,1023.8,4.36,38.8,0.85,9.78,1.16
36.6,57.5,227.4,3.81,27.2,0.68,5.74,2.65
18.5,65.9,485.0,1.88,32.5,0.78,7.68,1.64
20.7,48.7,613.3,5.49,41.3,0.75,9.5,0.99
27.3,32.2,201.2,4.91,35.5,1.14,6.22,0.99
22.0,58.5,964.3,2.16,17.2,1.02,9.67,12.0
20.0,52.7,443.3,5.02,35.7,0.88,8.3,1.02
34.7,27.0,419.0,1.97,34.5,0.68,8.71,0.83
39.2,43.4,897.3,4.55,19.0,0.71,9.8,9.19
37.6,45.5,436.3,1.21,21.8,1.06,7.6,8.9
39.2,83.8,759.0,4.65,33.3,1.12,9.8,2.31
35.3,74.5,898.3,1.93,19.2,0.67,9.58,8.36
37.1,66.4,873.6,3.93,18.2,1.11,9.77,12.0
25.1,77.2,864.7,1.53,33.1,0.84,9.98,1.89
43.8,66.5,275.3,4.86,38.4,0.76,5.04,0.53
22.8,78.2,267.9,0.87,14.3,0.7,4.45,5.28
23.6,18.8,460.8,1.49,25.4,1.04,8.73,7.47
25.5,46.9,230.6,1.6,30.2,0.88,5.1,2.03
43.4,67.3,625.4,0.75,32.3,1.07,5.57,1.71
43.7,55.8,535.6,4.97,41.9,0.76,8.17,0.87
38.7,27.3,673.5,6.39,32.5,0.99,9.88,2.67
34.4,38.8,454.0,5.17,30.6,0.71,9.52,2.83
31.5,37.2,612.9,5.66,41.7,0.69,9.64,0.94
43.2,33.3,484.5,0.54,13.8,0.72,5.92,7.31
36.1,39.0,365.9,1.21,14.2,1.05,6.9,12.0
42.6,51.0,752.0,3.85,28.8,0.98,9.84,5.37
26.2,74.8,772.4,6.37,22.8,0.73,9.81,7.4
26.7,66.9,904.8,4.46,14.9,0.84,9.8,12.0
40.2,73.5,943.5,2.74,21.2,1.03,9.82,11.66
21.9,76.9,798.8,1.38,32.2,0.79,9.64,2.24
42.6,44.1,784.4,1.42,38.4,1.11,8.84,1.37
31.2,39.2,248.2,2.68,14.8,1.11,5.84,10.65
42.1,19.0,293.3,4.78,28.2,0.93,9.71,5.45
26.8,80.1,890.7,0.69,20.9,0.97,9.98,11.33
36.6,19.6,398.0,5.61,32.0,0.98,9.77,2.95
30.6,66.9,502.2,6.15,28.5,0.78,9.77,4.45
34.3,41.5,323.5,5.83,39.8,0.83,9.09,1.06
31.1,81.4,365.9,5.98,13.1,0.72,6.59,8.42
43.1,44.4,859.1,0.59,26.1,1.11,7.87,6.74
36.0,72.2,422.6,6.37,17.8,1.01,8.04,11.53
24.5,34.8,581.7,2.7,28.1,0.67,9.83,4.06
41.7,35.9,328.9,5.72,37.6,0.92,9.89,1.28
25.6,56.7,776.2,1.62,39.3,0.82,9.82,1.13
27.7,84.9,819.0,3.18,23.9,1.06,9.9,9.81
20.7,51.2,507.4,0.76,36.4,0.82,8.17,0.94
41.4,80.5,867.0,0.74,20.4,0.97,8.78,10.35
25.4,70.0,403.9,6.16,12.2,0.73,7.57,10.27
24.7,70.7,788.1,5.36,37.7,0.93,9.95,1.29
41.9,45.5,820.5,3.68,15.6,0.8,9.88,12.0
38.9,42.1,1023.4,3.65,12.5,0.73,9.52,12.0
21.7,28.4,397.5,4.99,22.6,0.96,8.65,8.65
38.0,82.5,279.7,2.55,23.4,0.97,4.46,4.25
41.7,82.2,423.6,5.07,14.3,1.14,5.77,11.11
20.0,67.3,304.4,3.41,36.4,0.98,5.31,0.73
39.5,35.7,344.2,4.33,24.2,0.91,9.17,7.66
32.2,32.2,484.0,6.29,26.7,1.11,9.9,7.93
35.4,84.2,551.9,3.33,19.9,1.06,8.38,11.13
30.8,19.7,968.2,3.01,27.3,0.92,9.86,6.14
36.1,74.0,366.3,5.93,35.0,0.91,6.99,0.89
18.9,39.9,1026.0,5.92,39.2,1.12,9.95,1.56
37.8,44.3,888.6,6.45,41.1,0.96,9.95,1.34
18.9,73.2,949.3,3.81,24.8,1.01,9.78,8.57
29.8,21.3,990.0,2.57,41.7,0.69,9.68,0.94
21.9,39.8,840.3,1.94,20.8,1.01,9.69,11.52
39.4,81.6,870.5,0.7,12.2,0.78,10.0,12.0
26.2,63.9,572.1,4.86,35.0,0.71,9.94,0.99
29.8,67.8,633.9,1.9,17.4,1.07,9.8,12.0
29.1,68.0,992.6,4.14,13.6,1.0,9.77,12.0
38.1,19.2,521.5,6.0,39.7,0.85,9.53,1.14
30.5,29.2,235.7,6.2,35.8,0.87,8.21,0.99
38.5,49.4,848.3,0.53,15.1,0.75,9.62,11.72
19.9,40.8,687.2,2.4,35.3,0.65,9.82,0.9
23.0,43.8,892.6,5.52,37.3,0.82,9.98,1.15
32.3,69.7,264.2,3.72,39.2,0.72,5.22,0.53
42.6,16.0,728.0,5.35,28.3,0.86,9.84,5.06
19.9,61.2,410.6,5.62,33.1,1.07,7.71,1.85
19.1,15.0,967.8,3.16,34.9,0.71,9.83,0.97
22.1,19.4,293.4,2.65,32.7,0.7,6.29,1.14
34.7,43.6,916.6,3.23,31.4,1.1,9.8,3.86
28.4,73.9,275.3,4.42,28.4,1.02,5.54,3.34
39.5,25.1,221.3,2.7,26.4,0.68,7.08,3.58
19.9,53.8,399.8,5.15,41.9,0.69,7.54,0.73
23.1,62.5,483.1,5.92,22.1,0.99,9.23,9.88
25.8,31.1,732.5,2.19,14.6,0.84,9.88,12.0
34.3,50.9,312.0,6.29,35.0,1.01,8.22,1.16
35.8,78.8,571.7,4.24,18.4,0.85,9.06,10.56
21.2,50.9,373.6,5.77,28.0,1.13,7.69,5.44
42.5,26.0,927.0,1.12,14.9,1.0,9.61,12.0
26.9,58.9,238.2,2.01,30.6,0.67,4.39,1.25
36.5,56.5,502.5,2.43,40.3,0.82,8.44,0.96
31.6,16.9,736.7,2.32,33.7,0.93,9.78,1.64
23.8,21.3,976.1,1.53,18.4,0.72,9.95,9.8
40.0,26.0,937.8,5.71,41.1,0.65,9.67,0.88
39.3,24.5,960.9,3.01,21.2,0.69,9.88,7.84
28.3,33.2,253.4,6.28,25.1,0.91,7.39,5.71
33.3,46.8,914.8,4.0,26.9,0.97,9.83,6.69
24.7,41.0,862.9,1.33,41.7,0.7,9.74,0.95
35.9,77.3,967.1,3.78,14.1,0.98,10.11,12.0
26.0,57.8,464.8,6.46,32.9,0.96,9.14,2.11
39.9,76.3,975.0,3.89,22.9,1.12,9.8,11.22
23.7,51.9,542.2,0.51,14.3,1.07,8.76,12.0
18.4,21.3,739.0,6.1,40.1,1.12,9.72,1.53
25.0,47.4,560.6,1.91,29.7,1.13,9.54,5.3
23.0,72.5,563.5,4.63,34.6,0.87,10.03,1.22
31.2,28.6,664.6,3.59,19.2,0.89,9.75,11.38
23.3,21.4,502.5,2.45,34.8,0.79,9.6,1.06
37.8,38.1,873.8,2.2,36.9,0.9,9.79,1.24
24.3,42.2,738.6,6.07,24.9,0.73,9.63,6.02
36.4,36.4,786.3,5.97,29.2,0.99,9.96,5.22
33.0,24.5,396.4,3.58,41.2,0.66,9.65,0.9
43.6,32.6,1024.1,2.05,37.4,0.77,9.94,1.07
44.0,62.8,761.1,1.11,25.3,0.75,5.54,3.46
40.6,42.0,367.6,1.44,31.9,1.12,6.57,2.32
37.8,59.3,837.9,3.63,35.5,0.72,9.95,1.01
28.0,52.5,347.7,2.35,12.7,1.1,6.71,12.0
37.6,53.4,253.9,0.75,29.7,0.71,4.72,1.66
42.9,32.4,648.4,3.23,41.5,0.98,9.84,1.34
18.6,51.5,670.5,4.98,40.4,0.81,9.56,1.08
32.0,16.7,360.6,5.85,37.0,0.81,9.77,1.11
23.7,45.2,496.1,4.01,15.2,1.15,9.41,12.0
32.5,55.1,1003.9,4.84,41.8,0.76,9.81,1.05
30.1,27.7,442.3,2.68,30.3,0.75,9.43,3.15
33.0,33.0,332.2,3.48,18.7,0.94,7.89,10.03
32.3,30.4,1043.7,4.88,32.2,1.02,9.73,2.91
43.0,19.9,457.0,4.87,37.7,1.14,9.68,1.55
32.4,39.4,778.2,3.05,15.4,1.0,9.68,12.0
40.0,83.5,396.8,3.76,39.5,0.93,5.32,0.69
26.3,39.8,667.6,6.04,39.6,0.85,9.81,1.17
29.4,47.2,528.3,4.29,12.4,0.95,9.88,12.0
30.2,60.7,1017.3,4.36,39.0,0.95,9.85,1.31
25.2,60.4,567.9,5.21,40.4,0.76,9.83,1.04
27.9,81.5,696.5,1.19,13.1,0.99,9.89,12.0
33.6,75.0,1003.1,3.64,20.8,0.75,10.16,9.02
33.1,70.6,1040.8,6.26,23.2,0.89,9.82,8.75
34.5,81.6,286.4,2.67,22.5,0.78,4.94,4.06
27.1,31.2,909.2,2.27,34.8,0.81,9.94,1.12
26.2,58.2,524.8,4.11,22.7,0.96,9.99,9.85
33.9,77.1,705.6,1.83,40.7,0.68,9.88,0.94
21.5,58.7,518.8,3.84,41.8,0.66,9.02,0.83
24.6,83.4,540.9,1.43,21.5,0.72,8.76,7.07
19.1,22.0,335.0,3.98,27.3,0.73,7.04,3.51
19.9,45.8,686.9,4.11,28.7,0.75,9.92,4.2
24.3,83.4,664.7,3.01,29.4,1.04,9.67,5.16
18.5,41.6,361.0,2.8,23.2,0.87,6.75,5.86
24.4,66.8,660.5,1.97,17.0,0.88,9.8,12.0
35.0,17.1,1027.1,2.49,13.6,0.97,9.93,12.0
19.6,63.6,807.2,3.49,15.2,1.01,9.85,12.0
29.4,80.4,608.8,1.99,39.0,0.65,9.81,0.89
41.7,41.8,978.7,5.2,20.4,1.08,9.84,12.0
38.6,16.5,689.0,4.75,14.3,1.14,9.9,12.0
25.9,17.0,314.8,2.12,30.7,0.71,7.25,2.12
42.0,77.4,665.4,1.08,14.3,0.98,6.28,10.35
26.6,65.6,353.8,0.5,14.1,0.65,6.08,6.74
19.9,22.5,852.4,4.08,30.6,0.67,9.81,2.75
43.8,18.8,1022.1,1.77,29.7,0.79,9.77,3.77
40.6,71.3,506.7,0.58,13.2,1.07,5.67,10.77
30.1,71.7,569.7,2.65,25.8,0.98,9.66,7.47
35.3,23.4,558.3,6.27,25.1,0.87,9.78,7.26
35.5,36.1,442.5,4.64,28.4,0.87,9.67,4.97
23.1,69.6,875.1,5.65,34.1,0.88,9.81,1.26
23.2,51.8,725.1,1.37,20.5,0.81,9.76,9.48
30.2,82.0,254.4,0.94,25.0,1.09,3.96,3.69
41.7,48.7,913.0,0.57,35.8,0.93,9.81,1.28
18.3,62.4,359.0,6.23,39.7,0.89,6.72,0.84
38.3,50.7,1032.3,2.3,38.7,0.88,9.72,1.2
19.5,81.0,520.2,3.26,26.3,1.12,8.4,7.06
30.4,42.9,724.0,2.87,27.6,1.01,9.82,6.47
34.6,31.1,266.2,4.88,27.9,0.72,8.62,3.94
35.9,37.9,493.0,2.36,38.1,0.87,9.38,1.14
19.5,74.7,882.0,3.71,37.2,0.79,9.92,1.1
28.9,49.9,605.6,6.47,21.3,1.14,9.75,12.0
33.2,39.8,968.9,3.16,16.9,0.86,10.1,12.0
19.7,53.1,688.9,3.81,23.4,0.68,9.73,6.54
21.5,24.3,989.3,3.52,20.7,0.86,9.7,9.9
35.3,15.4,1035.2,5.32,40.5,0.81,9.78,1.11
31.6,34.6,585.8,2.1,20.0,0.95,9.69,11.47
22.2,57.4,680.4,1.52,17.4,0.76,9.61,10.59
31.9,64.8,909.7,5.02,39.0,0.67,9.91,0.93
41.7,72.9,388.3,2.99,14.6,0.7,4.94,5.74
18.4,79.9,932.4,5.98,19.8,0.79,9.69,9.66
34.7,43.8,703.1,4.36,25.2,0.82,9.6,6.66
19.9,66.8,816.7,3.89,29.9,1.07,9.82,5.01
18.2,20.2,267.9,0.92,21.8,0.79,4.59,3.97
21.9,19.0,851.3,4.88,26.9,0.67,9.88,4.66
29.0,23.7,464.2,4.62,18.0,1.04,9.9,12.0
38.9,46.4,884.4,4.34,29.2,1.08,9.56,5.46
25.3,29.8,632.8,2.11,24.2,0.9,9.83,8.06
34.3,35.1,433.4,6.18,37.5,0.79,9.88,1.1
28.7,60.4,1009.8,2.43,24.5,1.04,9.94,9.23
24.1,40.1,850.3,1.41,25.3,0.65,9.58,5.21
31.4,54.0,1037.8,6.42,29.8,1.11,9.56,5.15
38.7,43.9,509.8,4.98,15.7,1.08,10.03,12.0
39.6,26.8,751.8,2.99,16.7,0.92,9.68,12.0
40.0,20.2,719.9,6.12,35.7,0.79,9.72,1.07
26.8,31.5,784.4,1.05,20.2,0.67,9.89,8.1
38.6,19.0,232.6,1.03,32.5,1.15,5.53,1.71
23.5,58.3,448.0,4.59,14.9,1.03,8.39,12.0
37.2,70.7,972.9,1.57,36.7,0.82,9.93,1.14
42.7,38.8,560.2,6.0,41.6,0.66,9.59,0.89
18.4,42.1,1016.5,5.54,23.2,0.97,9.72,9.38
29.4,72.1,381.5,2.34,27.2,1.14,6.5,5.11
34.8,30.6,1047.8,5.83,25.3,1.0,9.68,8.1
36.2,23.3,792.9,0.76,38.8,0.69,9.98,0.97
22.6,50.1,859.9,3.79,12.3,0.85,10.01,12.0
43.3,60.2,537.3,6.11,31.6,0.7,8.78,2.12
34.0,57.0,971.0,5.63,31.6,1.11,9.88,3.76
22.3,65.0,663.6,2.64,23.5,0.82,9.88,7.84
18.5,19.0,778.8,1.6,18.6,1.02,9.7,12.0
38.4,45.0,280.6,1.76,19.2,0.69,5.87,5.31
20.1,31.7,736.9,3.59,36.0,0.71,9.61,0.96
21.7,68.1,947.2,4.08,14.0,0.99,9.66,12.0
32.9,76.1,351.5,0.7,28.9,1.07,5.59,3.3
33.7,34.7,827.1,2.98,21.2,0.75,9.64,8.33
35.9,21.7,221.6,5.48,20.0,0.86,9.13,9.78
28.2,32.7,987.3,3.17,27.2,0.96,9.69,6.39
38.1,22.3,1035.5,1.52,38.9,1.05,9.97,1.46
43.3,37.6,501.1,6.23,30.5,0.96,10.03,4.11
25.0,52.7,291.0,2.1,35.7,0.7,5.63,0.55
36.3,83.2,759.8,5.29,30.0,0.92,9.89,4.24
42.1,43.0,225.4,1.66,32.9,1.09,4.9,1.28
35.8,30.4,610.1,3.04,25.0,1.08,9.49,8.82
35.7,26.7,431.0,3.44,39.8,0.94,9.67,1.28
23.8,27.1,602.3,3.5,27.1,1.15,9.75,7.79
31.9,28.5,215.5,3.6,28.6,0.7,6.65,2.71
32.6,68.4,243.9,1.85,27.7,0.89,4.58,2.62
36.2,19.3,213.6,3.6,21.5,1.04,7.72,9.05
43.9,84.8,726.3,3.39,18.9,0.72,5.06,4.84
18.9,51.6,676.1,1.75,14.2,1.14,9.85,12.0
19.7,53.1,398.2,6.43,33.5,0.83,7.57,1.2
20.0,40.0,749.6,5.69,20.7,0.83,9.92,9.75
37.3,63.3,951.6,5.83,23.7,0.76,9.71,7.04
21.5,48.0,435.7,4.61,39.6,0.79,8.68,0.96
34.2,38.0,907.2,1.46,29.0,0.94,9.75,4.99
26.4,33.6,763.1,3.91,14.9,0.86,9.73,12.0
29.9,79.8,228.7,5.43,36.0,0.75,4.53,0.47
23.6,35.4,518.9,0.73,19.7,1.05,8.91,11.92
40.5,45.5,631.6,3.48,28.6,0.68,9.89,3.89
33.2,39.5,821.9,2.88,27.3,1.07,9.79,7.07
42.6,21.0,444.1,1.77,19.1,0.79,8.11,8.37
32.9,28.0,1035.3,2.77,15.5,0.9,9.87,12.0
21.2,28.3,781.9,6.4,18.3,0.84,9.8,11.32
22.4,63.6,516.9,4.84,14.9,0.94,9.32,12.0
43.7,43.5,282.5,2.3,20.3,1.05,5.75,7.38
36.9,69.7,354.2,4.13,41.9,1.14,6.71,1.07
19.3,64.6,614.5,1.98,24.1,0.8,9.84,7.34
36.3,28.4,620.5,4.17,37.9,0.93,9.86,1.28
28.7,54.4,852.6,5.88,28.5,0.88,9.63,4.98
26.0,67.0,817.3,3.84,32.0,1.15,10.19,3.64
22.0,59.3,371.1,4.9,16.7,1.05,7.2,11.39
39.8,57.0,705.7,3.22,20.2,0.85,9.89,10.29
19.7,66.8,217.5,3.64,27.3,0.89,4.11,2.47
25.5,19.0,538.8,4.67,38.4,0.77,9.46,1.02
26.0,66.2,849.5,5.37,13.3,1.03,9.76,12.0
22.2,34.1,539.6,4.46,27.2,1.07,9.81,7.2
31.2,55.0,910.3,6.36,13.5,1.13,9.68,12.0
18.3,32.0,1029.7,5.42,25.7,0.93,9.68,7.23
25.8,73.7,716.1,5.16,30.9,0.99,9.75,3.84
42.3,48.6,323.3,5.57,34.3,0.87,8.71,1.06
26.1,60.0,522.7,2.19,16.2,0.95,9.31,12.0
27.4,70.6,208.1,3.09,17.0,0.82,4.23,5.15
30.3,77.7,712.3,3.89,26.1,1.02,9.71,7.62
32.6,66.2,898.3,3.27,41.9,0.66,9.75,0.9
39.0,25.4,735.4,5.58,22.7,0.66,9.81,6.75
22.9,74.8,868.2,0.66,24.8,1.01,9.83,8.61
40.7,58.3,879.9,1.76,25.0,1.12,9.87,9.44
37.7,57.7,923.4,5.79,14.4,0.97,9.73,12.0
36.8,79.5,426.7,0.85,35.2,1.01,6.14,0.87
20.3,32.4,940.6,1.86,19.6,1.06,9.87,12.0
18.6,31.8,756.0,2.61,33.1,0.83,9.74,1.82
33.4,50.9,446.3,5.0,26.3,0.7,9.32,4.98
40.4,67.6,1039.2,3.86,30.4,1.12,9.67,4.74
33.2,46.3,1007.7,6.23,13.6,1.12,10.04,12.0
23.5,59.4,688.3,1.87,38.7,0.87,9.55,1.16
20.4,46.7,916.7,5.73,19.3,0.76,10.0,9.84
36.2,57.7,422.3,2.2,32.1,1.1,7.17,2.38
36.8,72.6,553.6,1.97,35.9,1.0,8.14,1.14
22.5,27.6,356.4,3.49,28.2,0.65,7.46,2.96
18.7,63.7,642.1,0.93,22.1,0.7,10.07,7.65
28.6,70.1,621.6,2.81,41.3,1.14,9.8,1.57
33.2,46.3,380.9,2.63,20.4,0.67,7.69,6.26
36.4,37.6,771.9,1.46,40.5,0.79,9.66,1.07
39.1,15.9,300.1,5.66,16.7,0.92,9.88,12.0
33.9,70.8,252.4,2.82,23.7,0.74,4.81,3.42
20.9,38.0,527.2,6.39,16.2,0.77,9.77,11.55
35.7,40.0,548.4,5.9,12.1,0.83,9.75,12.0
43.6,38.5,471.8,1.67,19.8,0.78,6.54,6.47
41.5,49.9,419.3,3.53,14.6,1.05,7.94,12.0
40.7,64.2,488.0,4.11,41.6,0.9,7.77,0.98
25.9,69.0,338.9,5.41,34.8,0.79,6.57,0.73
37.5,42.5,542.9,5.81,12.1,0.81,9.69,12.0
40.1,61.4,968.9,4.24,18.7,0.67,9.83,8.85
35.6,65.4,390.8,0.71,32.1,0.67,6.29,1.29
24.5,35.8,781.8,3.39,24.0,1.01,9.83,9.29
42.8,21.8,320.5,5.81,37.0,0.71,9.47,0.94
29.7,77.6,500.8,4.78,27.1,0.89,8.83,5.4
21.4,62.4,473.0,5.72,31.6,1.07,8.47,3.1
20.9,60.4,996.5,4.54,29.9,0.83,9.69,3.83
34.8,19.1,563.8,0.76,31.1,0.82,9.83,3.05
29.4,72.3,786.9,6.31,18.9,1.09,9.79,12.0
20.5,54.6,712.1,6.01,23.2,1.08,9.93,10.7
37.2,74.4,319.9,1.26,13.5,1.09,4.84,9.23
38.8,83.2,998.6,1.18,29.6,0.94,9.66,4.48
36.9,82.0,494.0,3.73,25.8,1.13,7.38,6.61
23.3,74.9,238.0,5.04,34.8,1.06,4.77,0.71
35.9,15.8,455.4,2.79,18.2,0.86,9.89,11.76
18.3,77.0,485.3,1.32,25.1,0.96,7.64,6.25
25.9,20.3,278.8,3.56,17.4,0.71,7.25,7.45
28.4,74.6,727.0,2.53,30.4,0.93,9.97,4.01
39.7,34.6,494.7,2.61,37.4,0.78,9.43,1.03
28.2,57.7,734.8,4.37,35.0,0.79,9.62,1.07
18.3,17.7,205.7,5.81,40.3,0.71,5.74,0.57
27.2,69.0,1034.7,3.85,41.2,0.83,9.77,1.13
31.0,22.8,344.9,4.63,35.2,0.89,9.29,1.16
42.7,43.7,760.4,4.46,20.6,0.95,9.7,11.03
42.5,72.2,808.4,3.81,18.6,0.8,8.76,9.52
22.7,63.7,345.9,2.36,25.4,1.05,6.07,5.22
22.8,15.4,295.0,2.77,41.8,0.91,6.65,0.85
22.2,43.2,329.7,2.39,24.4,0.97,6.3,5.52
38.5,17.9,409.8,6.0,18.0,0.79,9.83,10.88
18.2,62.1,343.0,5.46,40.3,1.06,6.35,0.94
21.3,82.8,772.9,3.98,23.6,0.96,9.76,9.07
32.0,60.9,557.7,5.97,32.7,1.08,9.69,2.67
24.4,30.7,657.1,5.82,35.6,0.73,9.5,0.97
20.4,39.9,240.2,6.07,37.3,0.84,5.96,0.7
27.4,83.4,932.1,1.83,36.6,0.71,9.81,0.97
25.1,30.7,345.0,4.81,37.1,0.76,8.11,0.86
31.3,54.3,506.1,4.16,32.0,0.85,9.98,2.61
43.5,43.0,261.1,4.9,24.1,1.1,7.85,7.96
21.2,68.8,316.3,2.08,32.0,0.93,5.47,1.57
27.7,75.7,765.9,4.67,37.1,0.82,9.66,1.1
42.2,38.9,788.7,2.96,22.5,1.02,9.9,10.62
40.8,61.2,775.4,5.5,20.9,0.66,9.47,7.34
28.3,53.4,669.3,5.27,22.3,0.84,9.92,8.82
36.2,34.5,1009.6,1.77,28.5,0.95,9.91,5.47
20.3,34.0,631.1,1.6,13.6,0.94,9.66,12.0
36.5,52.7,582.0,4.81,35.4,0.95,9.81,1.31
43.3,25.8,410.4,3.8,16.2,0.76,9.48,11.05
32.0,71.8,284.0,3.84,16.0,0.82,5.64,7.19
31.0,19.8,665.9,5.02,17.9,1.12,9.92,12.0
22.9,21.6,467.7,5.63,29.3,1.14,9.65,5.71
34.5,39.0,645.4,1.93,20.6,0.81,9.61,9.29
33.4,23.3,375.2,3.83,23.0,0.97,9.71,9.51
35.0,48.3,912.4,5.47,39.9,0.77,10.09,1.09
18.7,43.0,1049.7,5.74,37.4,0.83,9.87,1.15
32.3,65.5,474.0,2.22,37.6,1.05,8.23,1.21
33.5,81.7,916.0,1.12,29.3,0.9,9.75,4.56
23.4,67.7,942.0,1.9,38.0,1.07,9.83,1.48
23.4,27.6,1046.7,6.17,35.4,0.96,9.85,1.33
25.2,80.5,491.3,3.27,40.6,0.96,8.2,1.11
36.5,42.4,842.6,3.01,13.9,0.67,10.0,11.45
33.8,48.2,394.5,0.58,12.9,1.02,6.8,12.0
40.0,44.5,731.1,0.81,17.3,1.14,9.77,12.0
25.7,34.6,799.1,4.51,39.9,0.89,9.78,1.21
41.7,77.7,830.0,4.04,30.2,0.73,9.26,3.06
37.3,38.3,376.1,3.95,24.8,1.14,9.17,9.1
28.3,55.5,921.4,1.16,27.4,0.8,9.82,5.23
20.5,31.8,557.8,2.61,36.9,0.85,9.83,1.18
24.7,70.8,383.9,5.37,39.9,0.69,7.23,0.7
42.9,69.2,661.2,1.55,33.9,0.71,6.39,0.74
26.1,35.7,933.9,5.8,34.8,0.76,9.59,1.02
26.6,62.7,1022.0,1.23,21.6,0.92,10.04,10.38
22.9,64.3,836.0,1.51,26.0,0.93,9.96,7.19
39.0,54.4,204.8,3.37,38.6,0.95,5.64,0.75
25.2,57.0,314.5,6.17,35.6,0.94,6.8,0.9
26.6,55.2,264.8,2.48,32.5,0.9,5.58,1.35
28.8,20.7,286.0,4.45,14.0,1.05,8.38,12.0
29.3,61.9,525.6,4.03,13.2,1.12,9.83,12.0
28.7,47.9,487.7,1.4,15.9,0.78,8.93,10.95
31.1,45.7,296.6,1.99,29.4,0.72,6.29,2.29
39.2,75.2,949.9,6.08,28.1,0.86,9.67,5.13
39.3,16.6,723.1,1.61,40.3,0.66,9.88,0.92
38.8,32.6,877.0,4.67,32.8,1.09,9.65,2.59
20.6,23.5,515.8,6.29,20.8,0.77,9.71,8.83
38.8,17.5,548.7,1.22,16.8,0.92,9.63,12.0
21.1,34.3,470.0,2.9,37.5,0.71,8.75,0.87
21.2,84.2,572.7,1.84,25.8,0.93,9.18,6.76
42.6,33.9,718.8,1.83,31.6,0.67,9.04,2.07
39.3,61.5,619.0,1.21,29.0,1.03,8.4,4.76
32.4,23.3,912.2,4.4,15.2,1.13,9.88,12.0
40.7,57.1,965.1,4.98,13.7,0.8,9.91,12.0
43.7,83.9,599.2,4.56,23.3,0.78,5.25,4.04
33.9,35.4,403.8,6.05,22.8,0.87,9.84,8.8
33.9,74.4,1003.4,1.37,32.2,0.96,9.74,2.75
37.6,84.8,824.8,2.42,31.0,0.74,9.88,2.88
24.0,56.2,744.1,2.57,41.1,1.05,9.76,1.44
22.3,36.7,833.6,1.89,37.7,0.75,9.94,1.04
37.7,62.1,264.6,1.35,26.9,0.65,4.77,2.2
27.0,74.1,257.5,3.42,27.0,0.91,4.88,3.11
21.5,27.0,330.2,5.51,32.2,0.71,7.59,1.58
26.2,46.7,325.3,6.23,15.4,1.0,7.97,12.0
27.3,37.3,557.6,1.28,42.0,0.73,9.88,1.02
43.1,34.8,333.8,5.44,27.6,1.06,10.12,7.03
36.1,75.3,926.3,5.45,39.3,0.89,9.88,1.22
31.8,44.5,691.4,2.83,41.0,0.93,9.89,1.29
43.2,38.7,513.0,1.16,29.4,0.74,6.24,2.36
41.5,57.2,259.2,6.44,15.1,0.72,7.73,9.09
31.3,30.4,702.4,4.43,29.2,0.97,9.75,4.98
41.5,31.1,299.1,6.39,29.9,0.78,9.92,3.64
28.5,51.4,831.7,3.4,35.7,0.84,9.85,1.16
24.0,43.6,882.3,2.87,13.4,0.89,9.95,12.0
24.0,35.6,662.4,1.98,26.0,0.76,10.12,6.03
35.2,18.8,327.2,6.4,39.7,1.05,9.68,1.42
31.0,51.5,868.8,2.02,41.7,1.12,9.94,1.56
35.1,72.2,461.7,0.64,17.7,0.87,7.07,8.69
35.8,74.6,389.3,3.57,38.1,1.11,6.96,1.08
18.6,31.5,600.0,2.76,16.4,1.09,9.91,12.0
19.4,57.0,984.2,2.07,37.2,0.73,9.89,1.01
31.8,74.9,452.8,4.31,20.3,0.74,8.11,7.29
23.0,43.6,969.7,2.69,40.8,0.89,9.94,1.24
34.4,80.2,245.6,2.91,32.9,0.91,4.57,1.02
32.4,78.2,271.0,0.64,24.0,0.82,4.29,3.3
33.2,29.6,793.8,4.03,20.4,0.81,9.74,9.51
25.9,33.1,362.0,1.23,19.1,0.87,7.17,8.18
34.6,27.6,469.1,1.78,32.4,1.0,8.87,2.45
39.6,28.7,315.9,4.8,38.9,0.69,9.79,0.95
43.9,78.6,482.4,2.38,34.6,1.01,4.05,0.57
39.8,80.2,438.4,1.48,37.0,1.11,5.55,0.87
32.5,18.6,825.9,3.96,35.4,1.03,10.04,1.45
23.0,56.6,796.7,1.79,41.4,0.75,9.87,1.03
35.7,54.5,1011.7,2.13,34.7,0.69,9.74,0.95
42.4,42.3,815.8,4.23,18.3,0.9,9.7,11.96
23.5,59.2,790.6,4.94,35.7,1.13,9.84,1.55
24.7,81.3,790.1,4.94,21.7,1.06,9.97,11.79
21.9,26.9,950.5,3.39,41.9,0.93,9.82,1.28
37.2,23.4,451.8,3.23,23.3,0.72,9.78,6.97
28.6,17.3,455.1,5.23,20.8,1.01,9.7,11.55
19.6,40.5,830.0,1.66,19.2,1.06,9.86,12.0
40.7,38.6,394.4,1.41,31.8,1.12,6.81,2.51
32.5,45.2,975.2,4.49,15.3,0.96,9.69,12.0
26.6,50.2,654.6,2.96,40.6,0.91,9.95,1.26
26.9,68.0,455.1,4.76,20.8,0.96,8.69,9.84
25.5,42.4,859.7,2.04,20.9,1.12,9.81,12.0
29.8,38.1,465.5,2.45,13.4,0.96,9.16,12.0
26.8,72.9,1018.8,5.88,19.4,0.78,9.63,9.7
32.2,74.5,1035.5,3.03,24.6,0.97,9.91,8.53
38.1,31.3,766.8,4.05,23.1,1.09,9.87,10.8
35.5,37.0,296.6,1.14,20.2,0.93,5.96,6.84
25.7,72.8,423.7,1.57,13.2,0.9,7.04,11.23
31.7,20.6,638.1,0.72,21.0,1.02,10.08,11.94
39.8,37.8,923.7,3.05,35.3,0.98,9.86,1.35
19.8,46.4,357.2,6.43,25.2,0.68,7.26,4.15
20.0,28.1,288.7,5.74,20.7,1.01,6.97,8.39
32.5,27.6,263.3,4.3,21.1,0.85,7.94,7.83
34.6,44.7,630.9,5.67,28.6,1.12,9.81,6.3
23.5,67.8,952.0,4.07,21.1,1.14,9.95,12.0
37.4,73.8,236.0,2.71,30.9,0.87,3.97,1.37
34.8,83.5,380.5,1.54,41.7,1.13,5.5,0.87
42.0,20.2,789.3,4.42,13.2,0.81,10.01,12.0
22.4,30.2,902.0,1.66,17.1,0.99,9.78,12.0
37.5,68.0,886.3,3.0,17.4,0.69,9.74,9.7
20.2,52.8,867.3,5.45,25.4,0.72,9.6,5.71
32.7,37.9,310.3,1.28,13.2,1.08,6.3,12.0
32.3,29.4,537.7,1.27,26.3,1.1,9.85,8.13
28.1,34.6,1037.0,1.85,39.9,0.92,10.02,1.28
40.0,45.1,1040.6,3.81,12.3,0.82,9.86,12.0
18.1,27.4,712.1,2.01,22.9,0.88,9.75,8.67
31.5,82.5,802.9,3.52,34.8,1.08,9.86,1.5
23.6,22.5,1008.6,2.31,16.6,0.76,9.97,11.34
37.3,84.0,582.4,3.54,14.3,0.8,8.39,11.27
19.1,73.9,316.3,2.17,30.9,1.04,5.35,2.2
39.6,44.6,768.6,6.38,12.3,1.12,9.84,12.0
39.8,66.8,1016.1,3.46,36.1,0.7,9.71,0.95
39.7,62.0,792.6,4.96,14.0,1.05,9.65,12.0
22.0,29.9,882.8,4.7,27.7,0.97,9.62,6.02
34.4,38.7,559.3,3.44,34.2,0.77,9.86,1.06
18.4,50.9,282.0,1.93,19.3,1.03,5.08,6.8
40.0,59.6,343.5,3.56,15.1,1.01,6.8,11.21
36.8,53.0,1035.3,4.59,17.3,0.72,9.88,10.38
31.8,48.1,619.2,3.26,37.6,0.9,9.96,1.26
37.0,46.0,210.2,0.99,33.2,1.03,4.44,1.01
20.5,49.9,1012.1,0.61,17.9,0.75,9.92,10.39
31.7,45.4,623.1,2.47,33.5,0.88,9.65,1.66
25.6,52.9,910.8,1.4,33.3,0.71,9.79,1.48
43.3,77.2,666.2,5.94,41.9,0.8,6.99,0.79
40.3,59.3,286.4,1.55,23.7,0.76,4.9,3.54
37.1,65.6,723.2,2.87,37.9,0.9,9.98,1.26
42.3,56.8,1047.8,4.77,25.4,0.72,9.81,5.83
27.0,60.0,229.5,5.39,38.9,0.84,5.6,0.66
41.4,55.5,915.5,3.37,14.7,0.79,9.84,12.0
26.5,16.9,400.2,1.59,17.3,1.02,7.96,11.87
37.1,85.0,534.8,2.13,37.5,1.0,7.39,1.03
37.1,17.4,516.8,3.01,36.6,0.7,9.98,0.97
18.5,42.7,964.0,2.69,21.2,1.13,9.91,12.0
27.4,22.4,628.8,2.59,29.9,1.02,9.71,4.71
18.5,21.8,580.1,1.29,23.5,0.96,9.57,8.93
43.9,70.5,895.3,5.98,12.3,0.89,8.63,12.0
21.2,44.8,241.6,0.68,12.8,0.74,4.3,5.74
32.1,71.1,273.5,3.14,13.6,1.13,5.25,10.34
38.6,34.1,218.4,6.38,29.8,0.65,9.32,2.93
23.2,33.0,784.8,4.46,20.4,1.0,9.96,12.0
30.6,32.6,646.8,2.63,16.3,0.9,9.79,12.0
33.8,58.1,944.6,1.38,40.2,1.1,9.81,1.51
22.2,72.0,623.8,6.28,15.6,0.84,9.68,12.0
38.2,46.7,388.5,0.58,32.2,0.91,6.2,1.66
25.8,41.5,884.4,4.59,38.8,1.02,9.82,1.4
23.5,83.2,450.2,5.78,16.9,0.67,7.6,7.6
32.5,23.2,995.3,0.65,18.4,0.68,9.77,9.03
28.7,49.1,412.9,4.85,29.2,0.76,9.03,3.6
41.9,43.6,342.6,6.49,27.3,0.72,9.54,4.69
40.9,21.9,619.3,4.34,27.6,0.65,9.83,4.18
30.6,33.8,242.9,2.99,28.6,0.96,6.16,3.39
27.3,17.0,230.9,5.75,40.5,1.05,8.09,1.19
26.5,76.4,621.6,3.83,13.6,1.13,9.77,12.0
25.0,57.5,382.8,5.0,34.8,0.87,7.52,0.92
32.2,72.1,207.9,4.03,19.0,0.79,4.48,4.68
38.9,51.5,451.6,0.73,23.2,1.08,6.82,7.34
26.1,57.0,605.8,1.78,14.7,1.07,10.22,12.0
22.9,64.1,535.1,0.97,25.4,0.96,8.52,6.78
30.4,78.6,315.1,1.14,36.1,0.79,5.05,0.56
19.8,21.4,692.7,0.59,15.0,1.1,10.0,12.0
36.2,38.2,803.8,3.03,20.3,0.74,9.57,8.66
31.5,64.6,774.2,1.57,23.2,0.67,9.8,6.56
30.9,82.1,534.7,5.63,15.1,1.05,8.99,12.0
25.8,83.7,317.0,5.0,34.9,0.93,5.52,0.72
41.5,59.7,624.6,3.94,35.6,0.77,9.11,0.99
20.4,28.6,956.9,3.43,37.1,0.99,9.75,1.35
40.6,23.3,598.4,2.04,29.5,1.03,9.96,5.19
27.8,81.2,366.3,3.35,27.2,1.07,6.51,4.77
40.9,45.4,279.1,4.35,19.9,0.79,7.71,7.64
36.9,28.6,1002.3,5.19,31.7,0.66,9.76,2.19
20.7,80.4,831.6,0.99,25.3,0.91,9.84,7.38
39.6,22.3,466.0,4.75,41.1,1.08,9.92,1.5
35.7,66.1,451.0,4.96,41.0,0.75,8.67,0.91
18.8,58.8,960.9,3.85,39.2,0.86,9.86,1.19
21.5,21.1,350.9,1.79,22.8,0.78,7.04,5.62
34.5,38.7,654.8,3.74,23.0,0.66,9.71,6.43
35.2,25.5,806.5,3.52,37.6,1.1,9.97,1.53
37.4,57.3,536.9,3.35,33.9,0.72,9.42,1.12
36.7,48.4,233.9,3.26,33.1,1.03,5.97,1.38
35.1,15.3,393.6,1.16,20.4,0.82,8.08,8.07
37.9,83.3,966.5,1.6,37.0,0.79,9.85,1.09
33.0,39.5,644.7,1.08,29.4,1.12,9.78,5.64
24.8,33.1,893.1,1.95,25.4,0.98,9.78,7.88
41.7,30.6,672.3,2.08,38.0,0.99,9.57,1.33
18.5,26.1,1002.1,1.97,23.8,1.03,9.7,9.46
27.5,84.9,972.8,1.77,31.6,0.82,9.76,2.73
37.0,35.7,610.5,4.91,26.0,0.93,9.71,7.06
29.1,43.4,470.5,5.41,29.8,0.79,9.67,3.67
18.6,76.0,711.4,2.46,13.2,1.07,9.96,12.0
19.7,59.9,773.7,2.33,25.8,0.95,9.78,7.35
34.9,40.8,623.6,5.56,28.7,0.77,10.13,4.44
43.1,77.9,898.9,4.24,26.8,1.1,8.38,6.61
32.3,67.5,355.8,2.26,37.4,0.94,6.53,0.86
31.2,31.0,484.3,4.78,21.3,0.9,9.77,10.0
26.3,60.1,783.4,2.57,38.5,0.67,9.7,0.91
24.7,79.6,409.7,4.02,24.1,1.1,7.1,7.26
18.5,49.8,573.9,6.46,32.8,1.13,9.99,2.77
25.1,66.4,1019.2,2.31,14.6,0.93,9.79,12.0
29.7,83.0,732.0,6.08,18.0,0.87,9.87,12.0
23.1,63.3,1006.7,2.42,34.8,0.83,9.84,1.14
20.3,22.2,814.1,3.74,12.4,0.78,9.79,12.0
36.7,32.1,816.0,3.26,41.1,0.94,9.79,1.29
41.3,56.7,703.1,5.2,17.7,0.71,9.65,9.8
42.4,34.3,320.9,0.87,39.0,1.11,5.36,0.83
34.1,82.0,641.8,4.26,27.5,0.74,9.9,4.84
19.4,43.4,414.8,5.06,28.9,1.02,8.04,4.52
37.3,47.0,1048.9,3.33,14.5,0.8,9.83,12.0
20.9,64.1,426.9,1.13,23.0,0.76,7.18,5.56
35.4,51.7,396.1,1.97,16.7,0.93,7.33,10.22
38.3,41.8,730.3,4.58,27.8,1.03,9.8,6.47
36.9,20.4,634.3,5.87,28.5,1.01,9.91,5.84
42.7,56.8,218.1,3.03,33.3,0.77,5.03,0.81
37.2,75.7,310.1,3.86,38.3,0.82,5.49,0.63
36.0,63.0,889.4,1.87,26.0,1.08,9.87,8.29
24.8,41.7,611.1,2.97,19.0,1.01,9.79,12.0
42.0,23.9,324.1,2.52,22.0,1.01,7.83,8.57
22.7,72.1,595.5,4.43,37.4,0.78,9.82,1.08
41.5,80.9,415.2,6.41,16.4,1.05,6.13,9.78
26.1,42.2,390.1,5.38,30.8,0.83,8.55,2.86
21.4,66.0,1014.1,1.65,12.4,0.85,9.85,12.0
39.5,43.8,507.7,3.97,19.4,0.79,10.08,10.35
18.1,50.2,239.5,0.9,29.7,0.71,4.0,1.38
39.6,73.6,1024.8,1.98,25.7,0.86,9.72,6.71
24.8,20.8,875.6,1.53,26.8,0.66,10.22,4.81
41.0,52.1,416.3,2.51,31.8,0.88,6.92,1.98
36.0,30.0,547.6,4.57,19.0,1.01,9.99,12.0
35.3,38.8,932.9,3.5,20.4,1.13,9.77,12.0
27.5,60.1,503.8,6.1,32.5,0.69,9.81,1.82
19.5,16.9,682.3,1.78,28.1,0.79,9.78,4.72
39.6,56.6,654.6,2.69,12.4,0.9,9.84,12.0
22.4,34.8,541.1,2.48,32.1,0.74,9.56,2.13
27.7,61.9,743.6,1.92,30.6,0.71,9.83,2.92
33.6,24.9,602.3,6.46,14.4,0.88,9.74,12.0
30.5,66.5,218.0,2.82,34.4,0.94,4.27,0.56
23.2,60.2,892.2,6.14,27.7,1.06,9.97,6.85
21.7,83.0,296.2,2.84,18.1,1.15,4.65,7.42
21.2,78.8,594.5,1.72,28.8,1.04,9.85,5.74
40.4,34.8,692.9,1.22,29.9,0.76,9.89,3.59
18.8,16.9,799.7,5.63,39.6,1.02,9.6,1.38
43.4,60.9,549.2,0.69,34.3,0.92,5.31,0.68
23.2,57.2,825.2,6.29,21.1,0.88,9.69,9.86
20.9,16.9,311.6,3.01,15.5,1.12,6.58,11.7
33.0,23.6,755.4,1.98,37.6,1.0,9.53,1.34
20.1,55.9,902.4,4.2,37.4,0.99,9.67,1.34
33.7,78.8,956.0,1.3,17.3,0.66,9.69,9.26
40.1,78.5,692.6,0.93,13.9,1.08,8.15,12.0
19.2,25.6,466.0,5.47,33.4,1.05,9.57,2.06
38.8,41.9,338.9,3.05,33.7,0.8,7.41,1.07
28.3,18.0,493.7,3.61,17.3,0.8,9.84,11.38
22.1,47.8,659.0,1.56,32.0,0.68,9.52,1.98
22.6,67.7,366.9,0.87,20.4,0.68,6.18,5.08
41.9,70.3,1009.6,2.71,19.8,0.98,10.12,12.0
20.9,49.9,962.6,3.54,21.7,0.74,9.53,7.86
40.5,21.7,228.0,5.09,27.6,1.11,9.65,7.0
32.2,41.7,677.7,3.51,36.1,1.07,9.91,1.49
19.0,80.2,870.9,5.2,27.0,0.82,9.93,5.75
30.1,31.1,408.6,1.19,20.9,0.84,7.68,7.55
39.3,37.4,645.3,0.88,38.5,0.81,9.67,1.1
36.9,67.3,545.1,1.45,13.7,0.7,8.04,9.73
30.7,66.4,367.1,5.13,35.9,0.67,7.67,0.71
40.4,78.9,722.5,5.06,35.5,0.88,9.48,1.16
21.1,42.2,1044.6,1.35,19.6,1.12,9.99,12.0
41.7,51.0,510.5,0.69,17.9,1.11,6.45,10.03
40.0,47.7,669.5,4.61,38.2,1.05,9.9,1.46
36.4,79.9,478.7,5.63,28.8,0.96,8.0,4.34
39.3,68.9,945.4,5.02,13.4,1.08,9.97,12.0
32.1,73.2,934.9,1.72,38.7,0.91,9.8,1.24
35.6,24.3,352.0,4.0,22.5,0.74,9.4,7.32
32.6,70.4,965.0,5.04,22.3,0.99,9.79,10.37
27.2,45.3,328.8,2.03,31.3,1.11,6.41,2.6
32.8,16.6,281.1,3.67,31.8,0.66,8.26,1.76
24.7,19.2,755.0,2.39,22.6,0.78,10.05,8.12
29.4,62.5,528.0,1.85,16.3,0.78,9.15,10.98
25.3,41.0,651.1,6.32,28.6,0.7,9.89,4.0
21.2,75.8,754.7,5.98,30.8,0.76,9.96,3.1
26.4,66.4,244.9,3.17,37.8,0.84,4.97,0.59
40.2,16.5,449.0,1.32,26.5,1.12,8.65,7.13
27.9,63.1,591.8,4.87,31.4,1.08,9.49,3.69
37.4,28.5,426.6,2.03,13.6,1.12,8.48,12.0
22.6,44.6,241.6,1.51,38.8,0.71,4.6,0.46
29.0,58.7,273.7,2.79,21.8,0.66,5.4,3.95
21.0,76.1,881.5,3.68,31.0,0.7,9.82,2.71
21.6,46.9,974.7,1.08,39.5,1.11,9.82,1.52
34.1,71.6,329.4,3.93,36.3,0.73,6.53,0.67
33.8,69.8,411.9,0.59,31.1,0.94,6.64,2.35
23.5,44.0,754.4,5.85,33.1,0.76,9.72,1.67
30.3,50.1,1011.1,6.02,39.6,0.66,9.87,0.91
40.4,64.0,454.7,4.9,36.4,0.69,7.77,0.75
22.5,17.2,926.9,3.3,30.3,1.0,9.82,4.38
18.5,77.4,630.1,2.03,31.8,0.74,9.81,2.4
35.0,68.9,1013.1,4.96,16.4,0.76,9.66,11.25
19.4,32.5,315.8,6.09,26.1,0.84,7.07,4.56
43.5,83.7,1027.6,1.45,21.0,0.98,7.1,8.09
33.9,27.6,574.8,3.29,25.0,0.88,9.66,7.34
30.2,79.0,1010.0,2.39,31.9,1.12,9.9,3.57
29.2,37.7,589.9,2.64,16.5,0.87,9.96,12.0
32.9,68.4,650.6,2.93,12.5,0.75,9.88,12.0
20.4,46.9,884.1,6.21,23.9,0.92,9.73,8.41
42.2,66.6,814.2,2.05,21.7,0.88,8.59,8.39
34.3,25.9,726.7,3.46,24.6,1.04,9.74,9.0
22.8,33.9,554.4,6.21,39.9,1.12,9.77,1.53
32.6,22.0,873.6,3.36,33.2,1.07,9.67,2.24
21.5,75.6,1006.0,5.68,21.8,0.84,9.96,9.27
18.5,35.7,208.3,0.85,17.4,0.76,3.82,4.2
34.4,63.6,699.7,6.22,30.6,1.11,9.91,4.65
34.9,72.4,936.1,1.63,31.7,0.84,9.59,2.69
33.2,78.1,755.1,6.38,26.5,1.04,9.7,7.41
22.8,22.4,880.7,1.55,18.4,1.14,9.93,12.0
33.7,77.5,960.8,3.17,12.9,0.94,9.93,12.0
19.5,28.8,838.3,2.35,20.0,0.89,9.62,10.67
33.8,66.6,809.5,3.1,25.7,1.0,9.85,7.88
32.4,66.0,1020.0,2.0,35.6,0.75,9.85,1.03
35.0,15.6,934.1,6.29,37.6,0.89,9.69,1.21
41.3,30.4,893.1,2.33,24.4,0.81,9.85,7.17
40.1,49.4,273.4,4.42,35.9,0.73,7.05,0.72
43.5,44.4,403.2,1.32,41.8,0.96,5.28,0.71
43.4,79.3,673.2,5.45,33.5,0.94,6.85,1.25
38.1,40.2,803.1,3.76,33.9,1.03,9.8,1.68
42.9,80.6,457.7,6.38,39.3,1.09,5.89,0.9
40.5,47.2,279.3,3.04,22.1,0.76,6.47,5.3
36.9,82.5,464.4,1.67,12.3,1.04,6.67,12.0
20.0,66.6,855.4,2.58,41.6,0.83,9.89,1.15
19.3,73.1,945.8,4.92,26.7,0.96,9.92,6.91
39.8,22.3,976.0,4.45,35.6,1.08,9.82,1.48
30.7,56.0,522.0,5.17,36.4,0.78,9.74,1.06
39.2,25.0,516.7,0.94,23.9,0.95,8.47,7.56
26.1,35.8,545.7,3.98,28.2,0.89,9.64,5.18
28.3,58.6,519.4,6.09,28.2,1.05,9.74,6.18
36.2,65.8,766.3,1.15,18.6,1.0,9.71,12.0
41.8,17.7,504.6,1.07,15.5,1.03,8.28,12.0
20.3,52.2,217.3,4.8,28.3,0.79,4.61,2.19
40.4,54.6,573.2,2.39,15.6,1.0,8.7,12.0
38.6,20.5,390.5,4.45,22.4,0.95,9.76,9.85
26.2,50.0,224.5,3.77,17.6,0.88,5.25,6.6
27.2,65.0,600.2,6.42,33.2,0.84,9.86,1.8
19.2,18.7,375.1,5.83,38.2,0.82,8.13,0.93
18.4,68.2,584.8,4.57,29.3,0.65,9.55,3.24
30.4,55.3,436.1,2.07,24.3,0.73,7.76,5.19
20.5,73.3,713.2,2.07,41.9,0.68,9.74,0.93
23.0,30.3,1042.2,5.79,12.6,1.07,9.66,12.0
40.0,73.3,665.1,4.01,21.1,1.08,9.34,11.67
32.8,21.6,749.9,5.24,20.4,1.07,9.71,12.0
34.5,43.3,981.4,3.2,22.7,1.06,9.44,10.36
22.9,29.0,517.9,1.12,18.9,0.76,9.1,9.19
39.5,76.3,341.6,2.5,19.9,0.9,5.23,5.86
40.6,64.3,440.4,1.47,19.7,1.1,6.33,8.85
31.6,16.8,542.4,5.19,27.2,1.03,9.77,6.91
41.7,15.7,748.3,4.7,23.7,0.65,9.72,6.04
40.0,35.4,203.9,1.03,31.2,0.88,4.73,1.56
37.0,25.0,925.4,4.23,27.4,0.66,9.86,4.31
37.1,59.1,264.7,5.74,17.5,0.79,6.84,7.78
20.7,61.5,965.6,4.68,36.3,0.87,9.76,1.19
25.0,80.9,1007.0,3.57,26.2,1.1,9.79,8.21
19.7,81.6,1041.6,2.37,16.6,0.98,9.81,12.0
18.2,61.1,888.1,5.82,17.0,0.83,9.78,12.0
22.1,15.4,320.6,3.04,35.9,0.9,6.9,0.87
40.9,40.1,800.2,5.63,33.1,1.06,9.85,2.36
24.2,50.9,372.8,5.2,27.2,0.8,7.76,4.25
43.2,49.9,962.6,5.4,21.2,0.96,9.79,10.81
33.5,57.2,469.1,6.44,25.8,0.78,9.64,5.96
24.2,82.2,477.8,4.99,31.1,0.89,8.21,2.79
30.9,77.0,980.0,0.7,38.4,0.66,9.66,0.9
23.7,22.6,211.2,1.73,28.7,1.08,5.06,3.1
43.6,33.6,364.9,0.71,20.3,0.67,4.85,3.99
40.0,73.3,558.6,1.64,13.3,0.76,7.25,9.77
18.7,72.7,795.6,0.87,17.3,0.82,9.51,11.32
42.6,34.3,750.4,3.51,31.5,0.96,9.46,3.18
36.7,66.1,769.0,0.67,16.8,1.01,9.72,12.0
20.1,62.0,948.0,3.34,26.4,0.69,9.46,4.85
35.4,48.1,302.9,5.89,33.0,0.67,8.52,1.35
34.8,29.1,643.8,4.99,21.2,1.05,9.8,11.8
23.7,77.2,816.7,6.16,32.1,1.01,10.01,3.08
37.7,62.4,740.7,1.86,29.4,1.07,9.77,5.32
20.3,26.8,581.1,3.69,25.2,0.99,9.84,8.19
30.7,64.3,214.5,2.41,38.9,1.03,4.42,0.63
18.3,66.9,251.4,3.46,32.8,0.84,4.37,0.92
43.2,77.1,301.1,3.84,22.8,0.95,4.1,3.97
37.5,30.6,491.7,0.72,36.1,1.05,8.02,1.18
22.1,84.2,300.0,1.9,34.1,0.74,5.0,0.53
26.9,25.7,562.2,4.73,35.8,0.86,9.75,1.18
22.2,57.0,351.8,5.14,31.2,1.02,6.95,2.63
37.9,61.0,862.3,3.92,23.4,0.92,10.22,9.19
19.5,44.3,940.8,2.12,22.5,0.99,9.74,10.16
39.9,48.3,531.2,2.93,31.6,0.8,9.1,2.47
42.5,77.4,634.6,1.08,15.9,0.67,5.95,6.19
35.6,60.2,1010.5,6.22,36.6,0.66,9.97,0.93
23.5,49.8,655.2,5.71,23.1,1.12,9.84,11.06
27.4,24.0,1045.8,0.89,30.9,1.12,9.76,4.34
30.4,15.5,320.8,1.5,27.0,0.76,7.46,3.96
33.7,23.7,932.9,3.99,27.6,0.72,9.67,4.58
35.4,81.9,622.6,1.89,34.1,0.66,9.03,0.86
32.4,68.5,219.3,6.11,30.8,0.77,5.61,1.74
27.1,82.7,1026.4,5.03,19.5,0.82,9.68,10.14
41.2,17.5,1020.3,2.14,14.2,0.77,9.91,12.0
20.1,62.6,525.8,0.54,37.2,1.05,8.39,1.23
30.1,18.1,1011.0,5.3,38.5,1.02,9.95,1.43
38.2,69.7,319.9,3.04,16.9,0.69,5.81,5.95
19.6,41.7,778.1,4.35,21.3,1.0,9.79,11.19
36.3,21.7,363.1,2.22,20.5,0.91,8.19,9.0
39.3,54.8,409.7,1.36,40.1,0.72,6.42,0.64
35.2,34.6,862.4,4.55,18.1,1.02,9.8,12.0
18.3,61.2,520.8,3.2,17.0,0.69,8.79,9.01
22.7,61.1,206.1,1.91,17.5,0.74,4.01,4.27
26.9,64.4,552.1,1.33,33.9,0.72,9.35,1.11
24.1,84.5,393.9,3.98,38.6,1.12,6.68,1.05
43.0,42.1,780.8,4.85,23.8,1.0,9.93,9.41
34.9,47.6,365.3,2.2,16.1,0.86,7.18,9.51
25.7,71.3,915.9,4.91,29.6,1.06,9.82,5.21
42.2,55.5,427.0,1.6,18.3,0.76,5.9,6.15
37.3,17.6,534.1,2.53,13.9,1.12,9.73,12.0
25.4,74.0,453.3,4.97,38.6,1.0,8.27,1.16
27.9,18.6,747.3,4.46,38.1,0.93,9.95,1.3
23.2,27.0,286.0,2.12,41.3,1.05,6.18,0.91
43.2,22.1,606.4,1.23,26.2,0.97,7.83,5.79
31.4,20.5,484.3,0.75,20.8,1.09,8.98,11.59
41.3,16.8,951.5,5.53,35.1,1.06,9.96,1.49
27.0,18.9,262.4,0.95,17.4,0.75,5.8,6.28
40.4,46.0,905.2,1.19,19.3,0.77,9.57,9.57
19.4,32.7,342.5,1.93,19.7,0.68,6.31,5.47
43.5,23.9,275.3,3.17,40.5,0.76,8.05,0.86
41.7,61.1,372.0,5.24,33.9,0.82,7.7,1.04
27.4,30.8,287.3,1.98,16.0,0.66,5.92,6.11
38.1,16.3,642.8,3.76,14.8,0.81,9.64,12.0
37.6,44.3,1040.0,1.04,37.3,1.04,10.01,1.45
41.4,36.7,229.2,3.29,36.1,1.07,6.9,1.03
26.0,37.3,592.0,1.57,32.1,0.65,9.6,1.89
30.1,46.2,528.2,1.77,17.9,0.65,9.72,8.95
40.5,61.8,488.7,2.7,26.4,0.72,7.18,3.87
38.2,58.2,482.1,5.07,30.1,1.09,9.52,4.76
28.2,80.6,960.8,4.96,40.0,0.88,9.57,1.18
40.0,51.2,216.1,2.99,17.1,1.14,5.34,8.97
19.2,48.1,858.7,1.21,27.5,1.09,9.83,7.14
38.3,29.9,415.0,2.18,16.7,1.1,8.35,12.0
23.4,67.9,525.8,3.53,25.3,0.71,9.14,5.43
25.4,24.9,557.1,5.72,18.0,0.89,10.07,12.0
30.8,49.4,459.0,6.31,37.1,1.15,9.78,1.57
29.7,44.5,279.5,4.32,19.6,0.72,7.16,6.6
31.5,61.1,297.2,2.6,24.5,0.94,5.93,4.96
32.2,79.2,453.4,4.66,24.2,0.82,7.95,5.98
26.6,81.3,898.5,2.52,38.0,0.84,9.45,1.12
22.6,26.7,314.4,4.25,34.7,1.1,7.28,1.12
38.0,33.3,831.2,1.96,13.7,0.94,9.87,12.0
28.4,71.8,445.5,2.1,14.0,1.03,7.56,12.0
31.2,51.3,950.9,0.95,28.5,0.99,10.08,5.78
34.8,46.7,564.1,3.02,24.8,0.91,9.73,7.73
41.7,64.7,346.0,4.21,20.3,1.05,6.06,7.76
36.4,57.1,1038.0,5.23,35.8,1.14,9.92,1.58
19.2,82.9,350.1,5.36,15.9,1.13,5.64,10.01
39.8,55.9,682.5,6.45,41.2,1.04,9.81,1.44
43.7,47.6,683.9,1.03,12.7,0.89,6.61,10.7
30.3,53.0,516.9,3.46,15.5,0.73,9.84,11.45
43.2,71.6,1008.8,3.63,21.3,0.67,9.21,7.06
32.2,57.9,917.3,5.33,27.3,0.77,9.75,5.07
30.0,60.3,905.3,2.1,18.5,0.82,9.99,11.16
26.6,83.0,1028.0,0.92,34.1,0.71,9.62,1.02
35.1,58.3,588.5,2.38,22.7,0.76,9.92,7.8
24.0,41.6,282.6,6.4,13.2,0.69,7.43,9.13
20.7,63.4,850.6,5.9,38.3,0.91,9.88,1.26
18.7,61.2,523.7,2.87,40.3,0.71,8.66,0.86
25.6,16.0,361.8,5.76,30.6,1.02,9.55,4.13
28.3,47.7,610.8,0.7,36.2,0.82,9.73,1.11
32.4,67.0,986.9,2.39,15.6,0.99,9.7,12.0
25.6,49.9,345.7,4.86,20.1,1.09,7.46,10.09
43.6,69.6,921.4,1.83,21.8,0.69,7.44,5.71
25.6,46.6,555.5,1.69,40.8,1.14,10.02,1.61
29.5,83.8,316.3,5.67,27.4,0.97,5.43,3.55
20.7,35.5,921.1,4.2,12.2,0.68,9.43,11.81
24.8,21.4,1024.2,6.43,23.4,0.81,10.04,7.94
19.3,45.1,447.6,1.31,12.2,1.09,7.56,12.0
32.5,52.9,458.0,2.64,19.1,0.95,8.57,10.66
37.5,39.4,532.0,2.37,25.6,0.79,9.72,6.21
23.1,32.0,892.0,5.78,21.7,1.12,9.77,12.0
27.6,62.0,208.9,2.03,13.0,1.04,4.53,8.46
18.4,41.4,390.4,2.62,15.5,1.02,7.04,11.42
39.8,59.2,800.0,1.36,28.5,1.09,9.73,6.19
38.3,69.5,544.8,5.15,32.9,1.03,9.08,2.29
19.6,68.3,480.8,1.93,24.1,0.79,7.85,5.74
27.5,41.3,941.4,0.91,33.9,0.94,9.68,1.46
42.8,54.8,979.7,3.11,16.9,1.07,10.05,12.0
28.2,46.5,1005.8,2.85,15.7,0.74,9.82,11.5
31.7,76.0,431.7,1.57,37.2,0.73,6.87,0.7
27.2,76.5,975.6,1.3,22.2,0.73,9.86,7.73
33.5,39.1,826.4,5.88,25.0,0.75,10.02,6.42
43.4,21.4,331.1,0.91,40.4,0.7,5.84,0.57
43.9,26.7,718.7,1.1,24.7,1.07,7.3,6.84
38.1,40.7,222.4,1.97,12.1,1.06,5.34,10.5
28.5,54.5,802.1,6.22,40.1,0.73,10.01,1.02
30.9,61.0,823.5,1.01,12.4,1.0,9.56,12.0
27.3,38.2,870.9,5.4,31.9,0.96,9.86,3.05
43.6,61.7,346.6,5.85,21.7,0.79,6.91,6.07
36.4,80.6,734.0,2.77,26.1,0.76,10.0,5.87
29.7,60.6,352.0,2.26,28.4,0.78,6.42,2.94
18.3,26.1,1004.7,4.56,24.3,1.02,9.68,8.98
31.5,55.6,773.8,4.72,35.2,0.81,9.89,1.12
43.6,52.9,281.0,5.18,39.9,0.79,7.36,0.81
31.6,75.9,359.0,5.48,14.6,0.66,7.02,7.73
22.7,39.5,763.9,2.11,36.0,1.1,9.87,1.53
18.6,44.6,605.2,4.62,15.9,1.03,9.85,12.0
27.2,56.9,825.9,1.31,14.4,0.89,9.96,12.0
41.9,51.7,438.7,3.56,40.7,1.12,7.57,1.19
43.9,65.3,759.2,4.18,26.7,0.8,7.41,4.28
42.6,17.8,350.4,1.47,16.6,0.99,6.84,10.2
37.0,54.4,662.2,0.96,29.1,0.8,9.4,4.05
32.5,23.5,1014.1,1.67,19.9,0.81,9.93,10.04
33.4,37.1,734.0,3.02,25.9,1.07,10.01,8.41
32.0,61.3,242.5,5.83,30.7,1.04,6.28,2.68
36.4,26.0,1040.4,3.69,38.1,0.8,9.86,1.1
28.9,36.6,333.3,4.99,12.1,0.69,8.34,10.71
35.4,64.2,810.4,1.54,18.4,0.83,9.81,11.11
21.2,60.6,652.7,1.14,14.9,1.03,10.05,12.0
24.9,21.4,450.2,1.94,14.9,0.7,8.99,10.33
39.7,55.4,350.7,2.38,40.4,0.99,6.26,0.86
41.5,25.3,351.0,3.79,40.1,1.09,9.68,1.48
32.0,32.7,929.6,5.79,34.5,0.74,9.98,1.03
18.8,47.1,942.0,3.06,31.3,1.08,9.9,3.92
42.1,22.7,595.4,3.61,37.4,0.68,9.86,0.93
36.3,84.6,288.1,0.53,13.8,0.98,4.21,7.16
28.8,26.6,951.5,0.7,15.6,1.05,9.58,12.0
33.6,69.7,614.0,1.0,21.5,0.87,9.26,9.1
29.2,73.1,572.9,4.69,37.0,0.75,9.92,1.04
30.1,84.6,546.3,3.42,26.2,1.11,8.68,7.38
41.1,45.0,510.3,1.66,27.1,0.66,7.47,3.41
22.2,76.2,647.1,4.06,18.9,0.93,9.49,11.72
20.7,82.0,713.9,3.77,31.5,0.84,9.73,2.88
18.1,27.1,596.5,1.03,38.6,0.88,9.86,1.22
26.2,48.6,962.2,4.34,21.9,0.92,9.87,9.95
21.8,19.2,470.0,5.1,30.6,0.92,9.93,3.84
23.7,58.5,691.6,2.22,22.0,0.75,9.74,8.0
18.3,55.7,455.0,4.62,35.8,0.99,8.04,1.11
23.9,29.3,840.3,1.7,26.2,0.66,9.93,4.97
26.7,70.9,286.8,5.04,22.2,0.66,5.82,4.13
18.8,17.6,360.4,5.97,24.6,0.89,8.03,6.33
33.8,71.4,881.0,3.15,14.7,0.92,9.84,12.0
32.8,16.9,355.7,1.97,38.0,0.79,7.78,0.86
20.5,61.0,731.9,2.9,40.7,0.93,9.8,1.27
33.5,20.5,1024.7,2.0,26.3,0.91,9.71,6.63
44.0,32.6,644.5,0.51,18.6,0.82,6.24,6.95
42.6,65.5,359.3,4.4,31.9,0.98,6.04,1.86
18.1,34.6,472.6,0.76,25.6,1.13,7.82,7.16
38.7,50.8,899.9,1.76,19.6,0.9,9.74,11.14
27.2,79.1,498.9,4.83,13.2,1.04,8.55,12.0
19.7,18.5,815.0,4.49,38.7,0.77,9.86,1.07
25.7,71.8,860.7,0.94,35.9,1.03,9.74,1.41
26.4,19.6,626.0,4.46,36.9,0.97,10.08,1.37
31.6,23.9,865.7,6.08,25.2,0.97,9.5,7.75
35.2,23.4,469.4,0.95,34.6,1.1,8.71,1.34
37.5,84.6,638.7,2.99,29.4,0.77,8.75,3.42
24.4,27.6,783.6,4.88,23.2,0.83,9.79,8.11
26.4,77.8,342.9,4.51,37.3,0.69,6.26,0.61
26.0,84.4,432.6,1.86,42.0,1.01,7.21,1.02
27.4,41.9,754.2,1.48,39.0,1.07,9.84,1.48
44.0,59.2,757.1,5.21,35.3,0.85,8.91,1.06
38.2,69.5,619.3,6.24,34.4,0.83,9.81,1.14
43.3,42.5,876.2,5.11,31.5,0.98,9.64,3.3
36.0,26.3,609.7,6.28,37.6,0.69,9.79,0.94
28.6,45.4,949.1,4.13,26.8,0.8,9.97,5.69
28.1,69.0,825.5,6.07,17.5,0.83,9.74,11.7
30.7,69.7,467.5,4.64,35.0,0.91,8.43,1.07
28.8,31.1,536.0,5.95,39.6,0.89,9.89,1.23
39.5,27.2,767.5,1.47,22.2,0.75,9.85,7.95
30.1,79.4,960.3,5.39,35.5,0.92,9.68,1.25
25.7,18.1,351.9,1.68,20.2,1.11,7.22,9.87
38.1,66.4,637.5,0.66,40.3,0.66,8.61,0.8
40.2,18.2,301.0,3.61,32.5,0.99,9.39,2.53
28.9,73.7,437.5,2.41,29.1,0.96,7.59,3.93
35.4,78.4,783.1,0.76,35.4,1.11,9.74,1.52
19.5,35.8,266.1,6.38,36.4,0.97,6.44,0.88
31.8,20.2,763.0,4.5,38.8,0.96,9.72,1.31
19.2,48.6,965.7,5.91,39.0,1.03,10.05,1.46
18.8,35.9,1024.0,6.49,13.6,0.78,10.05,12.0
33.9,44.2,384.1,2.85,15.7,0.95,7.86,11.77
25.9,61.5,836.6,2.03,36.8,0.91,9.62,1.22
37.3,29.7,987.4,1.6,40.4,0.87,9.95,1.21
41.3,40.0,277.7,3.59,21.2,0.69,7.48,5.92
21.6,69.8,551.9,4.14,12.3,0.8,9.5,12.0
36.8,60.1,981.5,3.33,21.7,0.79,9.7,8.54
31.4,37.8,372.4,2.82,23.5,1.01,7.98,7.86
20.9,61.5,993.7,1.51,34.8,1.11,9.75,1.52
34.9,68.6,648.1,3.15,13.4,0.77,9.85,12.0
33.8,56.5,284.9,1.01,18.4,0.69,5.04,4.75
31.4,31.8,582.4,5.69,38.8,1.15,9.79,1.58
42.1,15.0,477.3,0.78,16.6,1.0,7.25,10.87
31.5,71.2,439.9,2.78,34.8,1.09,7.55,1.16
43.8,72.6,660.3,1.1,22.8,0.72,5.04,3.72
31.2,63.8,611.1,5.15,31.9,1.05,9.88,3.32
21.0,20.4,609.7,2.38,14.2,1.06,9.89,12.0
30.2,56.0,274.9,1.18,20.6,0.73,5.31,4.62
22.7,72.5,882.0,3.69,24.7,0.73,9.58,6.13
33.5,42.3,609.2,6.0,37.7,0.8,9.99,1.12
36.0,28.9,897.8,5.95,28.9,0.76,9.7,4.06
30.2,56.1,900.9,2.0,13.4,1.14,9.71,12.0
20.5,72.8,469.6,4.82,36.1,0.83,8.09,0.94
30.2,18.4,203.7,0.68,13.6,1.03,4.67,8.38
20.1,56.8,974.6,1.29,40.0,1.05,9.85,1.45
35.7,60.0,846.6,3.5,18.4,0.84,9.88,11.43
38.5,57.2,291.2,1.87,26.6,0.99,5.32,3.84
43.0,60.5,796.5,5.29,14.2,0.7,9.77,11.68
21.9,59.2,217.0,6.09,28.9,0.85,4.94,2.33
31.8,24.1,223.6,0.53,26.9,1.13,5.02,4.02
32.8,31.4,646.9,1.9,24.3,0.73,9.73,6.5
42.0,58.3,281.6,3.14,13.1,0.84,5.51,8.29
34.3,16.2,1019.7,3.88,38.4,1.05,9.65,1.41
21.8,59.4,959.8,6.0,36.1,0.98,9.66,1.33
29.3,61.6,752.3,5.85,31.0,0.97,9.6,3.61
35.0,31.7,254.2,4.32,29.2,1.08,7.82,4.47
36.2,56.9,476.1,2.04,32.8,0.66,8.33,1.36
40.4,52.4,516.0,5.2,16.3,1.04,9.9,12.0
22.7,33.2,608.7,1.72,40.0,1.09,9.99,1.53
42.7,47.4,343.6,6.29,20.5,0.66,9.29,7.35
19.5,78.7,690.9,0.54,31.7,0.93,9.51,2.96
43.6,44.9,570.4,3.92,30.2,0.82,8.79,3.27
40.3,59.1,1005.2,1.03,31.1,0.68,10.08,2.59
35.2,17.5,995.8,2.95,38.4,0.86,9.73,1.17
37.1,20.4,680.7,4.31,20.9,0.97,9.82,11.22
19.9,20.7,747.7,4.64,34.5,1.11,9.56,1.49
19.1,69.5,317.1,5.21,30.0,0.96,5.73,2.59
20.6,39.5,389.8,4.06,14.3,1.08,7.62,12.0
20.3,30.9,965.6,2.01,24.4,0.71,9.49,6.07
32.2,67.3,794.3,5.84,37.1,0.76,9.64,1.02
23.6,26.9,361.0,5.37,21.5,1.14,8.34,10.71
40.4,32.3,684.7,1.46,26.5,1.09,9.56,7.75
29.6,45.2,994.5,5.46,26.7,0.77,9.69,5.4
36.1,38.2,493.4,6.34,30.5,0.96,9.88,4.03
35.0,56.0,357.9,4.32,38.5,0.83,7.64,0.89
26.3,38.6,1000.7,2.19,17.2,0.88,9.97,12.0
24.3,42.5,592.1,4.14,27.1,1.08,9.75,7.26
26.9,75.4,554.7,2.56,24.7,1.02,9.33,8.32
38.7,76.9,427.4,4.56,20.9,0.77,6.91,6.25
33.2,72.9,957.8,3.77,39.6,0.81,10.03,1.13
24.6,75.5,918.8,6.08,12.2,0.79,9.69,12.0
39.3,54.9,542.5,4.21,15.7,1.04,9.74,12.0
19.4,60.2,226.0,1.78,34.0,0.9,3.92,0.55
36.2,54.0,579.7,4.85,19.9,1.13,10.06,12.0
29.4,70.0,353.7,2.31,33.7,1.06,6.16,1.17
37.0,53.6,321.3,2.13,37.0,0.76,6.29,0.67
42.1,22.8,534.1,2.85,19.6,1.04,10.03,12.0
37.5,71.7,284.2,0.57,17.8,0.9,4.15,5.31
29.5,68.2,1013.8,6.31,16.4,0.78,9.89,11.74
21.9,72.4,240.4,3.69,18.0,0.83,4.33,5.04
39.0,28.3,541.2,5.14,20.0,1.14,10.15,12.0
30.0,34.0,338.3,2.05,38.1,0.89,6.86,0.86
20.0,35.7,785.5,4.98,35.1,1.01,9.57,1.35
36.7,50.6,267.0,3.9,12.1,0.89,6.55,10.84
25.6,24.4,664.8,3.04,38.2,0.84,9.64,1.13
19.3,42.0,857.1,6.32,14.4,1.05,9.88,12.0
41.5,27.8,1007.6,3.46,31.7,1.07,10.07,3.65
30.6,33.5,793.7,4.44,16.5,0.69,9.97,10.35
25.3,64.4,284.6,0.59,13.9,0.79,4.98,6.77
36.6,74.8,275.2,2.31,34.8,0.9,4.73,0.6
41.0,16.6,821.9,5.83,26.0,0.81,9.71,6.09
18.0,54.6,383.0,5.05,30.0,1.04,7.06,3.45
35.9,17.5,580.2,3.72,24.8,0.71,9.77,6.04
37.9,21.0,1030.1,5.9,14.0,1.05,9.83,12.0
23.5,64.4,896.9,3.42,34.2,0.96,9.69,1.31
30.7,66.5,919.6,3.9,36.6,0.79,9.62,1.07
20.3,72.0,931.7,2.79,13.2,0.82,9.8,12.0
37.4,48.2,726.6,4.22,23.3,0.74,9.8,7.19
40.0,75.2,832.3,2.41,28.7,0.78,9.71,4.27
20.8,26.7,505.1,2.81,30.2,1.01,9.25,4.24
39.2,32.5,1048.7,6.3,29.3,0.84,9.88,4.29
38.1,24.4,437.7,1.17,32.8,0.99,8.16,2.02
27.0,70.8,701.5,1.13,41.0,0.91,10.08,1.28
35.9,31.0,439.8,0.76,23.7,0.72,7.99,5.52
18.0,25.9,295.3,2.42,28.7,0.9,5.51,2.81
42.2,58.6,682.4,2.89,33.0,1.03,8.58,2.08
32.3,20.4,500.3,1.07,29.8,0.8,9.16,3.54
34.1,18.1,695.7,3.79,23.6,0.97,9.52,8.95
35.3,22.5,674.9,4.0,30.7,0.75,10.13,3.12
32.6,15.0,660.9,5.01,31.5,0.72,10.02,2.52
40.3,63.8,304.8,6.36,29.5,0.83,7.23,3.01
33.9,54.4,574.2,4.22,18.2,0.84,9.99,11.71
41.6,29.7,890.2,1.17,27.2,1.03,10.01,7.08
33.1,31.3,467.9,1.03,38.5,0.88,8.26,1.02
22.4,71.8,577.3,5.17,38.1,0.69,9.93,0.96
41.8,50.1,619.8,4.4,34.5,0.97,9.73,1.32
35.7,63.9,933.3,1.47,32.9,0.88,9.86,2.09
36.2,46.7,757.3,2.02,16.6,0.82,10.25,12.0
43.6,31.6,285.2,5.0,25.8,1.05,9.81,8.19
20.0,82.9,935.4,3.9,15.3,0.73,9.78,11.44
29.1,54.6,907.3,4.01,36.5,1.11,10.01,1.55
24.2,24.2,840.6,1.76,20.7,0.82,9.51,9.23
34.4,43.4,596.1,4.27,35.0,0.88,9.88,1.22
39.0,38.1,843.9,5.12,36.4,1.11,9.88,1.54
43.1,30.0,606.9,5.81,38.8,1.03,9.91,1.43
29.8,80.3,826.1,4.92,34.6,0.69,9.72,0.94
38.4,76.7,948.1,3.96,28.9,0.94,9.86,5.08
41.8,28.9,957.0,4.54,29.9,0.81,9.93,3.76
35.8,39.7,586.4,3.41,21.6,0.9,9.45,9.56
24.3,68.4,930.4,1.86,17.3,1.02,9.75,12.0
33.8,29.6,286.2,5.79,15.9,0.9,9.22,12.0
43.2,56.4,286.5,3.7,17.5,0.69,5.99,5.92
43.7,64.0,666.0,4.07,40.0,0.91,7.63,0.98
34.7,60.8,754.1,6.44,16.9,0.66,9.71,9.53
41.1,64.4,330.0,6.41,33.7,0.82,7.29,1.07
23.2,64.5,601.4,4.02,17.5,0.89,9.82,12.0
24.4,82.5,280.2,0.7,41.3,0.97,4.44,0.6
42.8,39.3,711.8,2.88,23.0,0.9,9.77,8.92
21.5,76.5,926.8,6.12,24.4,0.73,9.75,6.41
23.0,16.5,827.0,2.23,24.1,1.12,9.89,10.18
28.9,35.2,521.5,6.5,36.5,0.98,9.85,1.34
33.3,18.4,1044.7,1.01,18.5,0.81,9.82,10.78
33.7,60.6,763.5,3.91,36.9,1.13,10.05,1.59
25.6,22.1,893.0,3.59,31.7,1.09,9.84,3.58
41.9,74.2,769.2,2.03,18.6,0.72,8.01,7.82
41.8,60.3,1041.0,6.19,14.0,0.98,9.76,12.0
28.2,17.0,898.2,4.22,35.2,0.93,9.69,1.26
29.3,65.0,641.5,1.88,18.6,0.75,9.65,9.76
36.3,75.3,511.8,2.8,38.7,0.77,7.73,0.83
35.2,61.3,779.8,4.83,15.9,0.93,9.97,12.0
27.9,17.1,701.7,2.29,30.5,0.81,9.69,3.37
28.8,75.1,734.9,5.78,32.8,1.07,9.85,2.64
27.0,66.3,491.6,1.49,31.7,0.7,8.29,1.92
24.1,41.5,564.4,2.09,21.5,1.11,9.8,12.0
29.9,38.0,674.4,1.37,38.3,1.07,9.97,1.49
35.8,48.6,913.4,1.13,35.1,1.02,9.83,1.4
37.3,75.7,848.5,2.3,27.3,0.78,9.66,5.1
38.3,32.6,300.9,6.5,30.1,1.01,9.72,4.49
27.7,22.1,408.7,1.07,29.0,0.87,8.0,3.79
37.9,75.5,222.7,1.78,40.4,0.97,3.86,0.52
18.2,16.8,206.8,2.13,38.9,0.81,4.57,0.52
30.4,78.8,390.7,4.21,19.1,1.07,6.86,9.64
38.6,36.4,879.4,4.97,19.9,0.67,9.59,8.06
34.4,50.6,969.0,5.01,41.4,1.0,9.88,1.38
30.3,24.3,533.0,0.55,19.1,1.06,9.49,12.0
34.8,78.2,678.7,4.41,40.6,0.97,9.84,1.34
41.6,67.5,800.1,4.28,31.5,0.75,9.59,2.51
32.7,79.7,1010.0,3.61,13.5,0.79,9.7,12.0
38.8,62.8,976.0,2.78,22.1,0.91,9.66,9.5
43.5,27.9,248.6,5.28,26.3,0.81,9.86,6.07
36.3,36.6,410.9,2.56,37.0,0.65,8.58,0.78
32.9,49.1,241.8,1.88,21.9,0.67,5.25,3.87
19.0,57.5,724.1,2.36,21.3,1.03,9.95,11.74
27.7,79.9,803.9,3.14,39.6,0.69,10.02,0.97
32.7,41.9,462.0,1.78,14.4,1.11,8.66,12.0
38.7,64.2,925.8,4.15,28.5,0.87,9.9,5.0
29.4,82.3,584.9,5.81,27.1,1.03,9.72,6.9
43.0,25.7,1048.6,4.07,13.7,0.71,9.69,11.97
25.1,75.4,200.3,3.18,14.6,1.11,4.0,7.41
37.4,44.4,293.1,5.28,23.5,0.67,8.28,5.39
28.9,66.3,456.5,4.99,16.0,0.67,8.78,9.15
30.6,35.5,221.7,2.7,26.3,0.68,6.0,3.05
38.9,38.4,865.0,4.12,30.3,0.7,9.9,3.1
25.7,16.9,244.9,4.88,32.7,0.89,7.27,1.65
20.5,83.0,836.6,1.97,28.4,1.04,9.6,5.93
31.5,71.9,244.7,2.7,23.4,0.79,4.73,3.68
31.7,21.6,414.8,1.13,15.9,1.02,8.29,12.0
38.7,85.0,915.1,6.43,19.4,1.04,9.77,12.0
43.2,57.4,1008.4,1.02,24.6,1.1,8.9,8.73
19.4,74.8,552.3,1.51,39.7,0.72,8.85,0.9
33.4,19.7,1024.4,3.38,18.1,0.72,9.84,9.85
35.7,42.3,732.8,5.69,24.4,0.71,9.75,6.26
43.6,61.9,553.5,2.64,34.0,0.83,5.89,0.77
42.5,22.5,882.4,5.11,33.2,0.89,9.74,1.93
36.5,49.2,451.0,4.56,41.0,0.88,9.48,1.17
31.6,46.0,425.9,4.33,17.7,0.78,9.26,10.25
22.2,30.1,758.1,5.57,12.5,0.96,9.8,12.0
28.0,36.0,531.9,0.59,21.7,0.82,9.42,8.6
33.2,82.7,315.5,6.07,16.5,0.83,5.84,7.38
36.9,35.2,256.9,5.48,28.5,0.7,8.76,3.61
34.5,29.9,869.7,6.13,39.0,0.95,9.68,1.28
36.6,52.5,774.5,5.26,32.6,0.98,9.71,2.48
29.2,62.0,550.0,5.77,16.1,1.03,9.82,12.0
36.9,65.8,961.8,1.72,15.5,1.1,9.74,12.0
21.7,67.8,549.2,2.42,39.3,1.03,9.01,1.3
22.2,17.6,803.8,2.39,26.6,0.77,9.95,5.57
22.2,42.6,972.7,1.16,39.7,0.77,9.82,1.06
41.2,69.2,914.6,4.88,34.1,1.11,9.84,1.62
20.0,78.3,634.4,1.32,41.8,1.05,9.68,1.42
38.8,57.2,778.5,0.82,38.1,1.04,9.64,1.41
24.1,18.7,551.6,5.15,24.4,1.01,9.78,8.89
30.2,42.8,750.1,5.93,34.7,0.78,9.5,1.04
41.8,20.2,418.9,5.08,26.1,1.07,9.92,8.17
33.2,67.4,569.5,5.45,19.0,0.72,9.69,9.25
23.5,19.4,378.1,4.07,19.2,0.83,8.44,9.08
25.4,28.0,232.5,5.83,23.9,0.82,7.06,5.46
41.9,44.2,700.3,3.48,15.3,0.93,9.77,12.0
29.1,47.4,934.8,6.43,17.3,0.88,9.62,12.0
33.3,43.5,221.7,1.12,27.0,0.88,4.99,3.07
30.0,47.4,366.6,5.36,40.6,0.93,8.31,1.08
27.8,64.9,591.2,4.35,29.3,0.86,9.46,4.21
23.8,40.8,766.0,3.98,24.3,0.77,9.93,7.03
35.8,53.3,345.5,4.85,19.3,0.98,7.81,9.98
36.7,36.2,248.2,5.54,17.9,1.05,8.84,12.0
25.1,39.8,641.2,5.68,31.8,0.89,9.86,2.9
38.5,58.0,895.9,1.55,37.4,0.97,9.84,1.34
40.2,49.3,229.9,1.68,24.0,0.92,4.81,4.13
41.9,65.6,497.0,0.6,28.5,0.68,5.39,2.13
22.2,54.2,764.0,1.29,33.2,0.86,9.74,1.83
25.9,71.3,311.1,2.08,13.7,0.65,5.4,6.12
40.4,46.0,400.6,4.83,22.5,0.98,9.37,9.63
23.2,49.4,655.2,3.35,33.9,0.9,9.69,1.44
18.1,61.9,1010.2,5.05,32.5,0.71,9.88,1.9
40.6,30.5,444.2,3.42,13.6,0.92,9.83,12.0
26.5,42.0,614.4,3.83,19.1,1.1,9.67,12.0
28.8,58.7,539.9,1.17,32.4,0.82,9.2,2.11
29.6,17.0,962.8,5.16,20.1,1.14,9.67,12.0
40.1,45.6,261.1,5.05,36.4,1.13,7.95,1.26
26.8,56.9,681.2,2.35,12.9,1.04,9.73,12.0
41.2,82.7,919.2,2.47,17.7,1.06,9.58,12.0
34.0,76.4,1039.9,1.82,20.4,0.86,9.82,10.17
31.7,34.7,793.9,5.38,39.8,0.85,9.62,1.15
26.5,50.5,522.9,4.98,35.9,1.13,9.94,1.57
24.3,18.9,550.1,4.15,38.5,0.83,9.64,1.12
34.2,31.9,498.9,1.93,25.2,0.7,9.34,5.47
29.6,69.2,713.1,1.53,36.7,0.73,9.76,0.99
41.7,23.6,828.5,0.8,37.6,1.01,9.74,1.37
30.8,33.0,896.5,0.77,24.0,0.84,9.85,7.74
31.3,81.1,554.1,1.62,41.8,0.75,8.74,0.92
28.8,72.7,809.2,1.1,37.5,1.06,9.56,1.41
38.5,69.7,978.8,3.84,41.2,0.89,9.95,1.25
29.0,75.5,982.7,2.65,38.0,0.93,9.76,1.28
25.0,67.5,798.4,3.17,35.3,0.73,9.84,1.0
40.4,23.4,741.4,4.06,40.3,0.75,10.13,1.06
33.5,51.2,651.8,4.45,24.6,0.71,9.99,6.32
33.4,46.1,355.7,4.39,35.5,0.91,8.33,1.06
33.9,36.8,305.1,2.07,18.4,1.04,6.53,9.28
36.7,73.4,612.9,5.36,34.0,1.02,9.6,1.53
26.1,47.5,335.5,6.01,35.6,0.78,8.01,0.88
18.9,19.2,690.4,2.4,33.5,1.08,9.74,2.04
39.1,34.2,748.8,0.6,37.5,0.7,9.77,0.96
21.4,31.0,646.8,5.89,24.4,0.71,9.63,6.14
36.8,77.1,231.0,6.04,28.3,1.07,5.11,3.27
20.1,60.3,249.1,0.81,12.3,0.77,4.46,6.35
27.8,54.2,296.3,0.53,16.4,1.0,5.54,8.49
19.6,50.5,330.6,5.4,31.3,0.65,6.54,1.56
31.6,60.5,1041.4,2.31,28.9,0.7,9.9,3.82
35.0,67.8,492.8,5.99,17.9,0.95,9.34,12.0
22.5,53.8,448.2,1.8,19.3,0.74,7.94,7.65
27.7,80.7,244.4,5.67,22.3,0.66,4.77,3.37
42.2,83.4,740.0,0.91,33.5,0.88,6.63,1.14
29.5,84.7,754.4,2.06,30.3,0.82,10.0,3.62
38.9,61.9,349.1,6.34,14.1,1.05,8.09,12.0
42.1,80.3,981.4,1.89,34.8,1.06,9.2,1.37
43.3,43.3,880.4,1.3,19.9,0.96,8.63,10.35
41.4,75.2,395.8,5.64,32.2,0.8,6.3,1.5
26.3,78.6,613.0,1.21,15.7,0.88,9.86,12.0
43.0,78.3,589.6,1.08,41.9,1.0,5.1,0.71
39.1,73.2,496.2,2.44,14.4,0.68,6.97,8.01
39.8,43.5,895.0,4.31,34.3,0.82,10.16,1.16
18.4,26.1,292.9,4.76,28.2,1.06,6.24,3.99
42.8,38.4,553.0,5.79,14.6,0.85,9.85,12.0
38.2,68.7,563.8,3.75,12.8,0.96,8.89,12.0
38.0,31.3,598.4,2.86,22.9,0.7,9.65,6.87
20.1,48.5,932.1,2.65,36.1,1.04,9.75,1.42
24.0,54.6,385.4,5.58,13.2,0.7,7.69,9.54
43.0,57.3,287.5,4.84,33.1,1.08,6.98,1.68
31.0,80.5,725.1,5.93,31.7,0.7,9.76,2.32
28.3,61.3,347.8,6.28,20.0,1.1,7.58,10.35
39.8,70.0,263.7,2.3,14.3,0.83,4.81,6.75
20.3,55.7,562.7,3.68,39.5,0.96,9.61,1.3
28.8,73.4,386.7,4.29,21.0,1.07,7.3,9.13
27.8,33.5,507.0,1.48,15.3,0.66,9.43,9.93
27.1,29.7,420.8,0.82,32.4,0.78,7.46,1.61
26.0,79.8,278.7,5.71,18.5,1.1,5.23,7.86
23.5,63.5,676.3,3.71,26.3,0.84,9.87,6.3
22.5,62.0,223.0,3.92,13.5,1.0,4.59,8.06
34.7,47.7,1021.4,3.83,41.8,0.72,9.81,0.99
41.9,41.4,490.1,5.03,25.4,0.99,9.71,7.9
31.2,53.9,790.9,1.37,42.0,0.69,9.69,0.93
25.7,23.4,888.8,4.18,23.6,1.01,9.75,9.51
22.1,46.8,437.2,3.32,22.4,0.81,8.45,7.24
39.6,46.9,836.4,5.88,39.4,0.88,9.66,1.19
43.3,52.7,907.6,3.62,21.9,0.73,9.73,7.83
27.1,59.4,405.1,6.16,25.0,0.96,8.44,6.99
25.6,82.0,1043.6,2.62,14.3,0.82,9.58,12.0
33.6,60.7,217.6,6.3,40.7,0.84,6.28,0.74
38.2,76.9,384.5,5.75,14.6,0.98,6.59,10.73
29.8,53.9,863.0,4.01,35.1,0.74,9.64,1.0
34.4,58.9,365.0,2.62,28.2,1.08,6.75,4.43
36.6,19.9,793.5,2.76,13.8,1.02,9.55,12.0
43.0,24.3,927.2,5.14,12.1,0.94,9.99,12.0
22.3,55.6,1015.3,3.98,40.1,0.71,9.88,0.99
43.9,42.7,603.1,2.91,34.3,0.99,7.93,1.1
28.2,70.9,1025.4,4.32,32.6,0.66,9.92,1.73
36.8,53.0,549.9,4.9,25.2,1.05,9.77,8.67
32.9,76.8,385.4,0.64,19.2,0.8,6.05,6.36
30.7,83.1,636.8,1.04,32.4,0.71,9.95,1.98
36.1,25.3,752.3,1.07,30.2,0.73,10.05,3.29
28.3,42.6,589.3,1.89,33.8,1.13,9.61,1.87
21.3,61.5,681.9,3.06,23.0,1.04,10.18,10.69
30.7,36.4,553.9,5.32,41.6,0.77,9.6,1.03
31.6,33.7,646.0,2.61,14.0,1.13,9.73,12.0
23.2,72.0,1009.7,0.6,14.4,0.72,9.81,11.87
42.3,83.6,624.9,3.4,39.5,1.02,6.36,0.91
23.9,69.2,415.2,6.48,31.4,0.98,8.18,2.85
28.6,51.7,844.9,2.59,21.8,1.06,9.95,11.67
22.0,46.0,486.9,6.27,34.9,0.84,9.79,1.15
31.9,52.8,893.8,1.11,25.6,0.85,9.96,6.86
26.0,47.4,248.3,1.54,12.6,0.96,5.03,8.79
30.7,50.2,482.4,4.84,31.5,0.85,9.7,2.86
23.8,29.2,280.2,3.51,19.3,0.67,6.54,5.7
19.4,78.3,272.5,5.09,15.5,1.01,4.81,7.8
38.3,67.8,759.6,5.68,18.8,0.97,9.67,12.0
34.7,62.7,527.5,2.01,26.3,0.86,8.91,5.8
26.9,81.5,940.8,4.6,13.5,0.8,9.79,12.0
19.2,34.9,638.9,4.15,38.5,0.81,9.63,1.09
40.5,20.7,451.0,5.67,28.8,1.02,9.66,5.52
22.4,72.8,812.8,3.08,20.8,1.01,9.88,11.86
42.2,84.9,730.4,0.81,32.6,1.06,6.73,1.88
30.4,55.5,879.7,3.95,36.1,1.03,9.87,1.43
26.9,19.1,747.1,6.25,30.4,1.03,9.87,4.41
37.3,69.6,342.0,0.59,18.1,0.78,5.01,5.42
40.8,20.2,769.8,1.94,15.3,0.7,9.81,11.07
27.6,52.8,532.8,2.4,37.8,1.03,9.53,1.38
28.6,34.4,593.7,5.1,19.0,0.7,9.77,9.01
29.3,79.1,983.3,2.44,12.6,1.14,9.78,12.0
42.0,46.6,506.0,1.93,31.3,1.09,7.29,2.91
36.0,77.9,720.2,4.39,16.6,0.92,9.91,12.0
24.4,35.9,509.0,0.78,41.7,0.83,8.73,1.01
22.8,42.1,280.5,1.52,38.1,0.91,5.18,0.66
24.0,81.3,585.5,2.95,30.3,1.02,9.48,4.31
24.9,29.1,707.5,2.63,37.0,1.03,9.93,1.43
24.0,55.5,546.4,2.58,26.1,0.69,9.65,5.09
35.1,42.2,532.1,1.15,35.7,1.05,8.77,1.29
21.0,69.2,897.3,2.67,31.4,0.97,9.89,3.44
28.1,24.1,225.2,5.29,12.9,0.67,7.33,8.84
34.3,45.6,451.2,2.98,40.5,0.81,8.86,1.0
25.6,63.9,890.0,4.02,37.8,0.91,9.76,1.24
19.7,43.5,982.5,1.48,40.6,0.74,9.6,1.0
20.1,19.1,550.5,0.92,33.9,0.73,9.47,1.1
21.3,64.4,955.5,5.78,24.4,0.66,9.61,5.72
39.7,50.2,369.1,2.49,18.2,1.11,6.87,10.51
35.1,15.8,388.2,2.6,17.4,0.68,9.19,9.02
19.7,57.9,919.3,5.77,16.3,0.83,9.92,12.0
28.2,79.4,967.8,4.75,18.6,0.75,9.81,9.98
25.2,22.8,389.4,5.04,28.5,1.02,9.38,5.57
33.0,56.3,250.4,4.59,32.5,1.0,6.07,1.65
31.6,66.0,276.8,1.13,21.4,1.05,4.93,5.89
30.5,20.0,422.2,6.25,28.5,0.96,9.88,5.55
26.2,16.6,847.2,5.95,22.2,0.95,9.99,10.11
21.6,47.5,633.5,1.92,32.9,0.85,9.63,1.98
37.3,70.4,587.3,5.32,41.7,0.97,9.67,1.31
40.9,26.3,696.5,2.96,32.7,0.71,9.88,1.81
42.5,73.6,956.7,4.6,13.8,0.99,10.04,12.0
19.5,61.0,276.9,1.49,26.3,0.7,4.83,2.55
37.2,38.3,790.5,3.73,35.1,1.08,9.63,1.46
36.9,51.1,987.8,1.26,28.3,0.9,9.64,5.23
42.6,82.6,381.3,3.72,40.5,0.92,4.45,0.57
24.6,30.2,912.1,1.96,13.6,0.94,9.85,12.0
37.3,50.0,793.3,3.21,20.7,1.04,9.77,12.0
19.4,58.7,212.3,4.51,18.6,0.89,4.2,5.05
34.4,24.7,396.9,5.76,35.0,0.86,9.97,1.21
27.1,18.0,715.0,1.49,27.7,0.79,9.75,4.99
38.0,15.9,627.0,5.86,16.2,0.71,9.88,10.89
40.4,37.7,648.7,2.84,20.6,0.75,9.53,8.53
27.5,20.2,397.1,5.56,27.7,0.65,9.98,4.2
31.7,71.3,773.8,3.58,41.9,1.08,9.7,1.47
21.1,84.8,426.5,5.67,22.9,1.03,7.31,7.68
28.8,19.3,531.0,4.48,16.7,0.76,9.89,11.27
27.4,45.3,513.6,3.55,26.9,0.65,9.59,4.41
22.8,16.8,771.2,2.38,21.3,0.9,9.84,10.07
41.3,24.4,276.7,6.31,29.0,0.86,10.05,4.7
21.9,37.6,374.7,5.31,26.0,1.04,7.92,6.39
34.5,42.6,370.4,2.79,32.7,0.85,8.09,1.78
41.1,80.8,292.2,1.5,39.4,1.08,3.75,0.57
41.7,42.7,376.5,5.18,18.0,0.7,9.64,9.41
38.6,49.7,716.0,6.44,36.6,0.83,9.82,1.15
22.6,32.2,822.3,2.17,40.5,1.12,9.78,1.53
39.3,15.0,761.3,6.0,23.2,0.66,10.08,6.57
25.2,78.0,603.9,1.25,15.4,0.85,9.89,12.0
42.0,20.7,244.6,6.21,36.7,0.78,9.76,1.07
36.4,82.5,1015.2,4.97,33.0,0.92,9.86,2.08
38.4,24.2,342.9,2.58,18.4,0.79,8.23,8.9
20.2,57.3,768.2,2.33,25.4,1.08,9.82,8.82
33.2,85.0,976.0,4.36,29.3,1.12,9.98,5.78
39.3,24.7,793.1,4.06,17.1,1.07,9.78,12.0
40.4,44.7,385.3,6.01,33.4,0.85,9.67,1.63
18.7,69.6,468.4,5.1,32.7,1.14,7.83,2.3
42.4,17.3,225.7,3.74,38.6,1.02,9.11,1.3
19.1,63.3,720.8,6.07,29.0,0.83,9.68,4.35
34.0,20.6,721.0,4.06,29.2,0.7,9.59,3.52
36.0,31.6,816.7,5.6,30.6,0.98,9.62,3.99
20.8,26.2,209.3,5.55,20.2,1.01,5.93,7.39
19.2,78.5,895.2,6.02,34.8,0.71,9.78,0.97
38.4,27.6,827.9,0.91,31.9,0.92,9.81,2.91
28.0,17.8,319.8,4.0,37.2,1.14,8.19,1.31
20.8,56.1,495.5,3.31,35.1,0.81,8.59,0.98
37.8,39.2,742.7,3.44,31.2,0.8,9.71,2.93
40.1,43.4,621.4,3.26,16.8,1.1,9.76,12.0
33.3,23.3,297.8,5.52,39.6,0.71,9.43,0.94
22.2,67.4,274.2,2.41,23.0,1.12,5.11,5.77
18.4,57.1,864.2,3.28,40.9,1.04,9.8,1.43
36.2,40.5,332.6,1.7,24.1,0.85,6.75,5.3
32.3,27.0,346.3,2.01,16.4,0.69,7.73,8.16
34.9,56.5,906.3,4.46,38.5,0.66,9.93,0.92
39.1,69.5,720.3,1.2,35.9,0.84,9.2,1.08
29.3,36.9,714.0,1.63,35.6,1.0,9.89,1.39
21.2,16.8,607.4,3.67,14.7,0.89,9.89,12.0
42.4,30.0,683.6,0.76,38.4,1.02,8.29,1.18
32.2,62.8,711.5,1.26,29.9,0.99,9.96,4.66
34.0,84.2,1022.7,5.68,26.1,0.94,9.92,7.15
42.3,15.9,389.5,5.58,39.4,1.13,9.91,1.57
42.2,36.4,382.4,2.59,32.0,1.01,7.73,2.45
32.9,19.3,248.6,2.59,16.0,1.11,6.94,11.96
25.7,37.1,759.5,6.12,27.6,0.77,9.81,4.95
43.9,43.4,666.7,0.66,31.1,1.01,6.01,2.31
35.7,79.5,294.6,3.98,39.0,0.95,5.19,0.69
28.6,20.6,509.9,4.08,20.4,1.11,9.87,12.0
32.6,69.4,351.9,5.23,35.8,0.91,6.99,0.89
28.8,42.7,481.8,6.21,36.0,0.79,9.46,1.05
41.1,71.8,1008.6,2.63,15.8,0.84,9.89,12.0
30.5,50.9,780.8,3.13,12.5,0.76,9.57,12.0
39.4,17.7,206.4,4.53,29.4,0.76,9.25,3.58
39.8,81.2,414.6,6.3,35.7,0.89,6.64,0.82
39.4,20.8,208.8,5.84,28.6,1.1,9.92,6.23
36.8,56.8,807.6,4.5,36.4,0.75,9.98,1.04
40.2,76.4,599.0,5.64,30.7,0.79,8.34,2.75
28.1,20.6,1044.9,1.01,31.6,1.08,9.84,3.63
21.0,53.8,823.5,2.76,12.8,0.82,9.76,12.0
39.9,72.7,640.2,0.58,14.7,1.13,7.83,12.0
31.0,84.0,884.0,1.56,33.8,0.78,10.02,1.38
21.3,65.7,799.1,4.28,34.9,0.87,9.6,1.17
21.0,34.5,407.2,5.81,28.3,0.7,8.64,3.63
22.1,64.0,650.7,4.3,29.7,1.15,9.92,5.57
37.5,64.4,672.6,4.48,30.4,1.1,9.75,4.62
36.5,64.0,583.5,1.12,15.1,1.06,8.99,12.0
23.3,74.8,352.3,4.49,32.0,0.73,6.27,1.41
40.0,21.1,389.9,3.23,26.4,1.13,9.62,8.19
25.3,22.6,438.9,4.41,30.1,1.11,9.6,4.93
38.6,59.8,208.7,2.46,28.9,0.87,4.67,2.24
30.7,81.8,979.4,3.99,34.9,0.99,9.35,1.3
37.0,47.6,783.2,3.04,21.6,1.15,9.76,12.0
27.9,82.2,786.2,3.85,23.2,0.85,9.99,8.5
27.0,80.7,686.5,1.38,23.7,0.71,9.59,6.46
39.9,78.2,785.9,2.87,34.9,1.08,9.5,1.44
18.9,78.7,1034.6,2.75,24.9,0.89,9.97,7.62
43.3,77.9,527.4,4.92,17.3,1.14,6.04,10.04
34.9,72.4,805.6,4.74,41.5,0.93,9.6,1.24
29.2,63.6,505.6,5.95,26.8,0.66,10.06,4.78
34.3,16.7,926.1,4.29,15.3,0.9,9.86,12.0
21.2,24.3,929.3,2.39,32.1,1.01,9.96,3.04
31.4,24.4,966.9,5.2,34.2,0.66,9.68,0.91
43.6,16.6,204.6,3.48,27.0,0.86,8.92,5.34
24.1,23.2,453.5,1.66,31.4,0.73,8.54,2.23
36.8,79.4,313.8,4.98,17.2,0.97,5.59,7.94
29.3,61.5,585.9,1.3,23.0,1.13,9.87,11.23
35.0,36.8,621.1,1.57,16.9,0.96,9.74,12.0
23.3,70.5,417.5,5.05,23.6,1.0,7.35,7.07
30.2,49.2,814.9,5.12,28.9,0.85,9.82,4.61
43.5,24.9,429.3,5.24,25.3,0.93,9.75,7.58
23.1,76.9,925.8,2.26,29.8,0.92,9.68,4.31
34.5,38.7,351.0,5.7,27.1,1.03,9.8,7.02
33.0,63.9,512.2,4.84,21.5,1.08,9.96,12.0
32.7,35.3,728.9,5.5,16.3,0.98,9.66,12.0
34.0,50.0,714.5,4.75,19.6,1.14,9.83,12.0
31.1,72.1,266.3,3.98,18.0,1.06,5.26,7.83
18.4,26.0,919.3,1.16,33.2,0.71,10.14,1.56
41.4,83.4,708.4,4.77,36.6,0.9,8.17,1.03
39.5,19.9,939.4,4.64,33.6,1.1,9.94,2.03
22.5,52.4,937.5,2.37,31.3,1.12,9.98,4.08
28.7,79.1,664.0,4.91,21.2,0.84,9.82,9.47
38.0,81.2,974.2,3.8,33.3,1.01,9.77,2.06
43.5,31.2,921.1,3.86,30.2,0.86,10.03,3.9
42.7,25.1,1014.4,2.71,13.4,0.71,9.92,12.0
41.4,65.7,922.9,1.2,39.2,1.09,9.67,1.48
22.1,17.9,898.0,1.8,14.4,1.12,9.69,12.0
41.8,49.0,599.0,5.11,27.1,0.9,9.74,6.1
40.8,70.7,380.2,2.13,27.4,0.66,5.56,2.45
27.8,54.2,974.1,0.51,37.1,1.06,10.02,1.48
28.3,28.2,814.2,6.48,39.4,0.89,10.12,1.26
30.0,49.1,439.5,1.76,40.2,0.69,7.97,0.77
35.1,79.5,489.8,4.43,29.1,0.74,8.01,3.21
24.8,58.2,783.2,6.06,32.4,0.73,9.74,2.0
18.6,65.5,606.1,4.1,14.7,0.99,9.77,12.0
21.7,38.5,269.3,5.29,26.6,0.8,6.45,3.76
29.4,28.2,320.2,6.36,38.9,0.71,9.41,0.94
25.3,32.9,833.8,5.66,25.7,1.11,10.0,8.91
37.9,52.3,479.3,3.85,14.1,1.13,9.08,12.0
20.8,34.6,631.5,2.68,18.0,0.72,9.91,9.97
41.9,52.9,851.6,3.39,24.9,0.77,9.73,6.44
41.3,64.5,838.5,5.55,19.1,0.95,9.52,11.83
41.6,66.4,342.0,5.62,23.8,0.73,6.69,4.61
37.2,26.5,283.6,5.58,22.0,0.73,9.82,7.8
20.8,67.5,702.5,4.08,21.6,0.82,10.09,9.27
29.4,62.1,830.4,3.36,14.7,1.12,9.73,12.0
21.4,15.8,326.7,2.37,38.5,1.13,6.73,1.07
43.7,19.1,516.2,0.52,32.8,1.07,6.27,1.68
26.7,60.2,939.7,5.09,30.7,1.0,9.71,3.99
33.2,41.9,1002.6,2.16,30.2,1.01,9.73,4.44
38.3,25.2,586.0,2.48,23.9,0.88,9.81,8.17
41.9,18.1,267.6,5.56,36.7,0.92,9.73,1.25
37.6,26.2,419.0,0.81,39.9,0.97,7.26,0.98
35.5,82.0,398.0,6.07,12.2,1.02,6.76,12.0
30.1,65.9,403.1,0.51,14.4,0.7,6.78,7.97
33.7,51.9,619.8,6.14,32.2,0.76,9.9,2.2
20.4,80.9,695.7,3.23,19.1,1.13,10.0,12.0
41.0,58.3,304.1,1.11,39.4,0.82,4.91,0.56
32.1,65.8,956.0,4.54,32.0,0.78,9.66,2.34
19.0,34.8,727.0,5.88,23.0,0.86,9.69,8.4
41.9,56.2,707.7,3.13,24.5,0.8,9.27,6.62
30.7,25.0,1039.2,4.65,32.7,0.7,9.78,1.73
40.6,43.3,733.9,6.38,16.2,0.75,9.71,11.25
40.3,17.3,989.6,1.94,38.5,0.97,9.77,1.33
39.2,30.2,443.3,5.42,12.1,0.76,9.67,12.0
19.6,20.2,404.1,2.27,41.4,0.97,7.71,1.05
24.4,42.1,639.0,3.06,17.0,0.7,9.66,9.98
40.8,74.0,632.3,2.19,34.3,0.67,7.55,0.71
41.4,41.5,392.5,3.18,13.2,1.08,8.08,12.0
29.9,73.2,794.7,0.53,24.9,1.03,9.91,8.78
29.4,61.0,225.2,2.32,30.9,0.98,4.63,1.8
22.6,50.7,787.0,3.17,14.1,0.67,9.93,11.25
43.2,31.6,588.6,4.29,25.3,0.77,9.92,6.35
23.5,79.6,785.7,4.32,21.1,1.06,10.08,12.0
23.0,18.8,605.5,4.0,26.9,0.72,9.91,5.04
35.2,63.2,1030.7,2.26,27.1,1.06,10.06,7.32
24.3,58.5,484.5,6.18,35.6,0.94,9.45,1.25
42.4,45.9,1035.2,2.85,15.7,1.02,10.01,12.0
18.3,31.8,255.2,1.8,14.5,0.97,5.06,8.24
18.1,45.1,781.2,3.83,24.1,0.86,9.78,7.8
31.1,76.1,586.1,4.99,38.6,0.8,9.7,1.08
30.7,73.6,898.8,0.57,37.7,0.99,9.72,1.34
22.2,80.9,871.2,2.16,28.8,1.05,9.86,5.82
30.9,36.5,880.2,5.45,38.7,0.67,9.63,0.91
28.7,42.1,280.5,3.54,36.2,0.84,6.53,0.77
41.1,16.3,899.0,2.95,20.3,0.83,9.98,10.03
18.2,81.0,381.9,6.09,17.1,0.93,6.47,8.84
43.4,38.1,221.8,1.04,21.0,0.71,4.03,3.31
34.2,43.3,385.1,4.19,18.8,1.12,8.62,12.0
21.9,78.5,607.4,2.55,30.7,0.92,10.12,3.87
19.2,51.9,830.8,0.92,29.5,1.11,9.98,5.57
32.0,54.6,385.8,1.78,30.0,1.06,7.01,3.49
24.1,27.3,296.1,4.27,17.7,0.75,6.9,7.33
25.8,49.9,749.1,0.67,35.8,0.72,9.61,0.96
24.4,79.3,1036.3,4.05,25.0,1.08,9.88,9.12
34.9,54.1,710.7,6.24,26.2,0.92,10.1,7.08
32.4,32.9,787.4,5.27,41.9,0.66,10.09,0.93
20.0,17.2,677.0,2.57,20.5,1.12,9.56,12.0
31.7,38.5,865.0,1.33,23.8,0.89,9.76,8.19
38.6,55.1,1029.4,3.29,32.3,0.8,9.67,2.23
20.1,18.0,662.5,2.86,38.4,0.91,9.82,1.25
41.1,57.7,554.3,6.33,15.8,1.06,9.6,12.0
33.0,51.6,931.3,6.44,34.1,0.71,9.72,1.04
42.7,69.8,1024.3,2.96,39.5,0.83,9.67,1.12
21.9,17.0,309.8,1.39,24.7,0.81,6.2,4.42
43.8,69.7,691.4,5.96,20.6,1.07,7.7,9.86
34.8,51.5,873.6,5.26,32.3,1.04,9.74,2.89
32.8,40.9,653.3,3.57,19.4,0.85,9.88,10.85
31.4,82.6,547.8,2.69,23.5,0.98,8.99,8.57
18.6,26.2,756.9,3.19,38.9,0.85,10.12,1.2
42.4,52.9,429.6,5.91,29.7,0.94,9.23,4.22
34.7,37.5,496.8,1.61,14.8,1.15,9.03,12.0
20.4,51.9,1043.4,5.34,21.9,0.92,10.0,10.07
18.5,53.7,741.0,0.61,30.8,1.14,9.98,4.6
19.3,21.3,942.0,6.02,26.4,1.02,9.93,7.56
33.8,61.3,886.6,3.5,31.8,0.71,9.56,2.21
34.0,59.4,754.4,1.86,34.8,1.05,9.98,1.46
31.0,68.9,914.6,0.52,26.4,0.73,9.85,5.37
26.0,21.3,444.1,3.86,41.6,0.92,9.59,1.23
31.8,35.8,741.5,1.97,39.4,0.96,9.7,1.3
31.4,60.5,702.0,4.29,13.8,1.1,9.89,12.0
18.5,24.6,729.1,2.19,20.0,0.76,9.42,8.86
25.3,62.4,343.3,1.03,21.0,1.09,5.97,7.57
19.4,19.1,435.7,3.53,17.5,1.12,8.4,12.0
41.4,38.4,443.7,3.89,21.4,0.69,9.23,7.3
36.9,74.3,711.7,3.22,24.7,1.09,9.73,9.31
43.9,69.2,1026.7,3.25,13.5,0.78,7.85,10.69
25.9,60.1,1011.0,4.04,15.8,0.69,9.96,10.79
40.8,75.9,393.1,3.66,14.9,1.13,5.43,10.06
33.7,64.6,459.1,1.3,13.4,0.85,7.57,11.27
29.8,51.4,230.7,1.68,26.4,0.96,4.71,3.36
23.8,83.6,539.0,1.35,22.0,0.93,8.96,9.03
37.2,63.6,909.5,4.66,40.1,0.76,9.8,1.04
41.5,57.1,978.4,3.67,15.1,0.98,9.48,12.0
24.1,43.6,401.0,3.08,39.8,0.67,7.89,0.74
22.6,78.2,425.9,5.29,14.6,0.75,7.24,9.06
36.1,35.7,387.7,2.45,30.6,1.12,8.33,3.94
43.4,15.6,497.6,3.91,19.4,1.13,9.89,12.0
37.5,28.8,884.0,0.95,36.8,0.89,10.02,1.25
25.4,22.7,749.8,4.97,13.8,0.73,9.83,12.0
28.9,37.3,868.0,4.67,40.6,0.86,9.92,1.2
28.0,72.8,695.6,5.31,13.4,1.09,9.81,12.0
40.2,60.6,419.1,5.81,19.2,0.69,8.49,7.58
38.1,26.8,393.8,5.05,25.9,0.71,9.96,5.57
33.3,70.2,207.7,5.57,34.7,1.1,4.9,0.75
25.1,50.3,863.8,2.57,40.5,0.86,9.79,1.18
42.4,50.9,920.1,2.56,24.8,0.69,9.71,5.83
35.0,40.3,853.0,6.17,34.7,0.72,9.93,1.0
43.2,75.5,263.2,5.99,33.8,1.09,4.76,0.88
33.1,37.3,847.9,3.79,29.1,0.9,9.74,4.65
39.4,21.6,238.9,2.7,32.7,0.73,7.44,1.39
39.1,36.2,289.8,5.7,13.1,1.1,9.87,12.0
26.8,65.1,574.4,2.44,25.2,1.07,9.72,8.72
43.1,61.0,604.7,1.42,35.6,0.66,6.18,0.57
18.6,28.2,893.7,4.34,26.2,0.94,9.6,6.86
38.0,22.8,777.6,0.76,38.2,0.77,9.65,1.04
43.1,61.3,330.3,2.77,37.0,0.92,5.25,0.67
26.8,62.3,392.2,5.35,37.9,0.79,7.86,0.87
34.9,40.6,442.8,2.27,15.9,0.81,8.61,10.87
32.6,74.0,305.1,6.09,19.3,0.95,6.57,8.1
37.8,83.5,444.5,6.23,12.9,0.92,6.78,11.21
40.5,29.4,819.3,5.39,41.5,0.85,10.15,1.2
33.7,55.4,405.2,6.43,19.1,0.7,9.51,8.81
39.2,15.4,910.1,3.68,23.0,1.13,9.75,11.18
26.1,64.9,599.1,3.92,20.2,0.74,9.86,8.91
23.9,44.0,474.5,5.52,13.2,0.97,9.59,12.0
29.2,28.5,550.6,3.46,19.8,0.69,9.85,8.56
35.6,67.7,803.1,2.94,14.9,0.99,10.12,12.0
22.9,71.7,639.3,4.19,23.8,0.7,9.7,6.41
35.7,22.8,206.2,4.45,41.0,0.76,8.06,0.86
28.2,17.9,984.0,5.01,32.9,0.97,9.69,2.24
38.7,38.4,256.1,4.51,33.2,0.79,7.95,1.37
19.0,58.8,997.8,4.97,25.6,0.92,9.74,7.22
35.4,70.5,223.9,4.55,36.3,0.71,4.88,0.49
34.9,53.2,855.3,3.38,39.2,0.75,9.76,1.03
42.5,55.7,654.5,1.31,40.8,1.02,7.33,1.04
36.5,71.0,629.9,5.21,15.0,0.67,9.74,10.63
38.7,52.0,261.9,0.68,38.4,0.71,4.25,0.42
41.5,57.8,402.9,6.46,18.8,0.76,8.89,9.03
35.6,51.1,860.9,5.47,23.9,0.66,9.79,6.07
25.5,76.6,957.6,4.53,22.4,0.7,10.08,7.46
40.6,31.5,649.8,6.3,32.3,0.79,9.8,2.26
37.4,33.5,500.3,4.17,29.9,0.7,9.94,3.26
29.0,24.0,251.0,0.84,15.3,1.08,5.3,9.25
36.5,72.4,779.9,3.86,35.5,0.68,9.99,0.96
40.6,43.8,436.7,2.16,25.2,1.08,7.45,6.77
43.4,39.4,246.8,2.72,12.1,1.06,6.25,12.0
42.8,83.7,766.0,3.26,24.4,0.7,7.1,4.47
26.5,79.9,612.9,5.15,27.5,0.66,9.9,4.34
29.0,83.0,210.2,3.52,14.1,0.67,4.2,4.84
20.8,25.0,294.3,3.35,16.5,0.95,6.26,8.96
24.4,77.4,794.3,2.31,41.8,0.99,10.01,1.38
40.9,38.0,254.1,3.74,38.1,0.96,7.69,1.03
27.4,15.9,936.1,1.99,16.0,0.92,9.81,12.0
34.1,42.4,464.6,2.07,29.4,0.74,9.01,3.41
35.3,50.6,275.4,5.04,23.4,1.07,7.35,7.72
38.3,22.6,845.8,2.56,28.3,0.81,9.8,4.77
22.8,52.6,645.8,0.81,26.1,1.14,9.8,8.61
25.9,72.4,460.6,2.56,13.4,0.84,7.71,11.4
29.7,41.4,545.2,4.33,21.5,0.78,9.91,8.76
27.5,39.7,218.2,5.38,15.8,1.1,6.47,11.17
43.6,38.7,763.3,6.27,26.7,0.93,9.78,6.63
39.7,79.6,510.9,4.98,39.2,1.01,7.65,1.08
30.5,18.4,806.9,3.07,41.9,0.85,9.73,1.16
40.9,46.2,733.9,2.29,40.3,1.09,9.54,1.46
27.0,33.5,753.6,1.28,41.6,1.11,10.09,1.57
38.4,77.6,874.0,4.27,12.5,0.87,9.95,12.0
23.8,21.7,736.5,3.56,33.9,0.77,9.89,1.25
38.1,43.8,555.9,4.57,20.2,0.97,9.75,11.68
29.9,43.5,531.4,1.92,38.0,1.13,9.74,1.54
20.8,77.2,301.6,2.44,36.4,0.96,4.91,0.66
25.1,30.1,862.5,2.25,24.7,1.13,9.77,9.67
28.5,60.1,846.9,5.29,26.2,0.82,9.66,6.06
37.5,24.4,409.4,1.53,20.0,1.11,8.18,11.31
19.9,81.8,933.3,4.15,20.7,0.71,9.94,8.37
35.1,56.5,700.7,0.81,41.4,0.83,9.64,1.12
36.6,58.8,606.9,3.8,38.7,0.9,9.91,1.24
35.0,45.4,214.9,0.88,17.8,0.98,4.53,6.27
37.8,39.0,525.3,1.56,20.3,0.8,9.04,8.82
22.6,29.9,744.6,1.18,15.3,1.11,9.76,12.0
33.3,57.3,276.3,2.58,41.7,1.1,5.85,0.9
42.5,81.8,590.6,2.56,39.2,1.05,5.76,0.85
33.9,40.2,1044.4,5.46,28.6,0.71,9.55,3.91
33.9,76.8,809.1,1.85,32.8,0.69,9.58,1.65
37.1,25.4,664.8,1.02,34.4,0.9,9.72,1.22
26.7,80.5,653.1,4.12,18.1,1.03,9.56,12.0
36.2,39.5,237.2,4.62,40.0,0.71,7.76,0.77
41.8,41.6,1013.7,2.27,27.8,0.97,9.79,6.06
18.3,47.4,989.0,4.12,14.8,0.91,9.94,12.0
40.6,65.3,780.0,5.16,23.9,1.01,9.92,9.45
23.7,65.4,284.2,2.59,30.0,0.87,5.26,2.11
29.9,48.6,376.7,3.65,22.6,1.0,8.45,8.78
40.2,51.6,356.3,1.38,33.0,0.73,6.32,1.08
39.4,17.1,641.6,0.64,38.5,0.76,10.01,1.06
41.2,36.3,376.6,6.39,35.2,1.1,9.66,1.49
42.5,39.2,791.4,2.3,31.3,0.81,10.01,3.0
29.6,54.1,663.4,2.17,27.4,1.14,9.54,7.32
35.1,54.1,215.0,6.34,19.6,0.67,7.13,6.11
28.2,64.7,832.4,4.87,25.6,0.9,9.42,6.81
27.1,65.2,360.5,4.01,20.8,0.81,6.89,6.62
29.2,31.5,901.2,4.7,40.0,1.15,9.98,1.6
37.3,68.9,501.8,4.76,39.2,1.15,8.75,1.4
31.0,16.4,487.8,5.08,16.7,0.77,9.58,11.05
39.2,65.1,210.0,0.9,36.7,0.78,3.65,0.4
37.4,22.1,1039.6,2.98,33.1,1.02,9.86,2.29
18.5,66.1,720.2,2.27,41.3,1.09,9.83,1.51
34.4,51.9,559.3,0.92,25.9,0.98,9.02,6.96
29.4,45.6,282.1,2.98,33.7,1.08,6.42,1.26
29.9,63.3,794.3,4.2,27.5,0.68,9.97,4.47
39.3,17.5,440.3,1.57,14.1,0.97,8.64,12.0
32.2,30.6,1040.0,2.33,13.4,1.0,10.03,12.0
41.0,58.2,1008.0,4.34,15.7,0.75,9.78,11.52
36.5,74.3,825.0,3.98,20.9,1.04,9.73,11.88
32.4,41.7,1025.4,5.71,19.8,1.12,10.0,12.0
37.6,33.1,289.8,5.25,33.8,1.1,9.56,1.76
19.0,51.3,437.9,6.29,33.5,0.77,8.22,1.25
18.7,58.6,415.3,4.08,41.1,0.81,7.19,0.82
20.2,44.4,261.2,4.69,21.3,0.9,5.9,6.06
29.4,76.4,1026.4,5.66,40.2,0.73,9.78,1.0
24.1,51.6,251.0,5.54,30.4,1.13,5.93,2.92
43.6,17.5,928.2,4.81,26.9,0.73,9.76,5.07
32.1,30.6,852.9,3.5,32.0,1.03,10.0,3.18
35.2,46.5,519.5,2.14,33.1,0.82,9.6,1.79
25.2,63.8,216.0,5.76,17.2,0.94,5.03,6.91
26.4,30.4,205.2,5.16,34.6,0.67,6.7,0.63
26.7,83.3,373.4,5.53,33.8,0.75,6.49,0.85
36.2,37.3,619.8,1.34,41.9,0.87,9.76,1.19
30.3,52.3,589.2,2.39,39.4,0.99,9.9,1.37
31.5,16.3,697.5,3.05,32.5,1.04,9.68,2.71
33.4,76.9,856.2,5.53,33.4,0.67,9.9,1.35
38.0,70.2,520.8,5.86,40.4,0.73,9.03,0.92
20.3,28.7,336.3,2.21,41.0,1.01,6.24,0.89
38.2,80.3,880.0,4.62,36.8,1.06,9.54,1.41
32.6,37.1,482.8,0.97,35.0,0.77,8.54,0.92
35.4,63.5,443.8,2.96,15.3,0.76,7.9,9.71
26.5,72.3,849.7,3.42,36.9,0.69,9.6,0.93
28.6,66.9,994.0,5.09,19.6,0.73,9.83,9.09
24.0,79.2,977.7,5.85,28.9,0.65,9.83,3.54
43.5,75.5,316.8,2.52,24.2,0.94,3.72,3.24
30.9,84.6,627.7,3.67,22.4,1.1,9.66,11.29
43.9,27.8,278.9,4.38,21.3,0.72,9.21,7.63
30.7,36.3,1016.8,2.47,37.7,1.03,9.78,1.4
23.7,59.5,382.9,6.41,35.1,0.94,7.95,1.04
31.2,66.3,367.8,5.75,27.7,1.12,7.43,5.37
19.0,52.4,955.6,2.28,31.9,1.05,9.82,3.26
41.5,20.2,1022.7,3.55,41.5,1.08,9.61,1.45
39.3,73.9,793.0,1.89,23.9,0.97,9.76,8.89
36.9,82.3,302.9,3.59,28.5,1.06,4.8,2.94
33.9,43.4,613.0,4.6,28.0,0.83,9.66,4.96
33.1,30.7,894.1,1.01,40.1,0.75,9.8,1.04
43.9,16.4,686.6,5.72,22.5,1.11,9.72,11.25
25.2,31.6,312.7,4.06,41.6,1.02,7.53,1.07
38.3,64.0,346.1,6.44,21.1,0.7,8.05,6.47
33.1,78.8,934.5,0.65,15.3,1.08,9.92,12.0
43.4,21.5,648.0,5.49,17.7,0.82,9.92,11.61
39.5,53.7,800.0,5.25,24.8,0.8,9.82,6.84
44.0,63.7,517.1,1.3,31.5,0.96,4.8,1.62
33.3,34.3,652.6,2.51,27.5,0.93,9.76,6.02
23.3,54.9,1030.5,5.81,23.3,0.92,10.12,9.19
31.1,65.1,480.2,3.61,28.9,0.78,8.59,3.71
36.5,73.6,773.6,2.91,37.2,1.13,9.63,1.52
38.1,46.7,346.6,5.93,37.2,1.13,9.15,1.44
18.0,67.4,303.5,1.06,33.8,0.65,4.77,0.53
31.1,36.1,866.1,3.34,40.6,0.82,9.56,1.1
24.1,29.9,917.5,4.41,29.7,0.67,9.83,3.24
40.7,28.1,768.1,4.15,12.2,1.08,9.93,12.0
22.0,40.1,334.5,2.09,20.7,1.09,6.36,8.26
35.3,17.5,404.5,3.88,21.8,0.91,9.59,9.6
24.9,34.8,974.5,4.75,28.4,1.07,9.73,6.14
27.3,60.7,445.4,4.01,39.1,1.0,8.56,1.2
42.5,60.4,896.0,4.61,37.1,0.9,9.75,1.23
24.3,20.1,443.0,2.04,19.0,0.83,8.54,9.41
20.5,35.1,998.5,5.5,27.6,0.78,9.57,4.91
19.8,54.9,977.3,3.2,31.8,0.78,9.74,2.5
31.1,37.3,236.8,6.42,41.6,0.93,7.83,1.02
34.7,44.3,854.9,0.64,12.9,0.73,9.79,12.0
26.5,64.9,344.0,2.78,25.9,0.74,6.45,3.73
35.9,15.6,383.0,1.58,41.6,0.66,8.22,0.75
19.6,34.3,590.9,3.83,41.3,0.96,9.83,1.32
40.3,25.0,689.9,1.96,21.9,1.15,9.87,12.0
39.2,23.9,476.9,4.92,12.0,1.09,9.62,12.0
43.6,82.1,689.1,5.79,29.6,1.0,6.61,3.3
42.3,41.4,345.1,1.77,38.0,1.04,5.98,0.87
27.3,51.9,219.0,1.46,21.7,0.86,4.54,4.32
28.4,66.4,685.5,5.75,40.0,0.8,9.63,1.08
37.4,18.3,639.8,2.67,22.0,0.83,9.82,8.93
21.5,31.9,786.2,3.11,30.3,0.69,9.82,3.0
26.2,73.3,752.3,1.83,33.7,0.97,10.05,1.77
21.1,75.3,962.9,3.05,22.4,0.74,9.77,7.64
29.8,41.1,590.5,1.89,22.6,1.03,9.99,10.77
32.4,41.2,207.1,4.5,26.1,0.74,6.46,3.7
23.5,68.0,736.1,3.49,37.1,0.76,10.08,1.08
18.7,35.7,773.9,5.23,15.0,1.13,9.53,12.0
36.7,23.2,643.3,2.38,30.9,0.7,9.87,2.73
18.5,33.0,785.9,3.53,32.3,0.9,9.4,2.42
43.3,42.1,475.0,2.06,28.7,0.68,6.81,2.62
23.8,18.7,326.5,6.11,40.1,0.7,8.82,0.86
35.3,48.5,764.9,3.63,30.1,0.97,10.02,4.47
29.3,66.8,408.4,1.54,31.0,0.97,7.16,2.67
19.6,51.0,587.9,2.14,30.0,0.75,9.76,3.4
30.3,20.0,617.9,1.0,33.7,1.09,9.88,1.95
31.4,45.8,605.6,0.67,16.1,1.0,10.18,12.0
40.2,64.6,708.7,3.66,38.8,0.8,9.81,1.1
37.0,19.1,225.0,2.52,13.3,0.77,7.18,9.82
20.1,19.2,1041.2,6.28,31.2,1.03,9.74,3.72
23.4,40.9,808.9,1.53,30.5,1.02,9.96,4.36
26.1,28.6,561.6,5.26,18.2,0.72,9.94,9.94
21.0,80.4,362.6,2.4,13.2,0.82,5.89,8.6
29.9,55.7,268.2,1.84,16.2,0.76,5.45,6.38
43.6,35.1,771.4,6.32,20.2,0.8,9.92,9.75
31.4,64.3,469.4,5.32,38.5,0.79,9.24,1.03
37.3,41.2,395.1,4.28,37.7,1.14,9.24,1.47
35.8,24.2,523.0,4.68,13.9,1.03,9.98,12.0
40.1,31.6,704.0,6.45,20.7,1.04,9.66,11.97
23.6,60.0,770.9,4.06,38.7,0.79,9.8,1.08
37.6,18.6,748.4,1.11,19.1,0.65,9.82,8.39
40.9,34.1,933.8,0.89,41.9,0.68,9.98,0.95
22.5,29.6,385.9,4.5,19.7,0.93,8.13,9.55
27.0,29.1,741.2,4.45,34.2,0.79,9.84,1.11
43.2,62.8,285.9,4.99,24.5,0.75,6.02,4.01
38.3,72.8,665.7,1.15,16.1,0.67,8.89,9.3
25.3,65.1,696.4,6.17,19.7,1.09,9.86,12.0
32.7,60.2,383.8,3.81,32.3,0.95,7.42,2.06
28.5,79.2,532.9,4.4,22.1,0.7,9.27,7.05
30.7,19.1,903.1,0.71,30.1,1.03,9.86,4.66
27.2,26.7,326.1,6.27,18.2,1.03,8.95,12.0
25.3,44.0,569.3,3.88,25.5,0.79,9.75,6.35
35.5,41.1,992.8,3.88,27.4,0.74,10.02,5.01
38.2,44.3,628.5,6.16,24.4,1.06,9.86,9.42
40.7,29.5,816.4,6.08,17.9,0.81,9.66,11.05
22.0,25.5,902.8,1.82,25.8,1.07,9.68,8.21
39.4,50.6,373.2,6.09,32.8,0.67,9.48,1.59
24.6,80.0,385.5,4.92,40.9,0.9,6.89,0.87
29.1,42.4,844.8,0.61,35.7,0.74,9.85,1.02
41.4,18.0,840.3,1.94,16.8,0.99,9.76,12.0
29.8,64.4,251.2,2.98,20.2,1.15,5.26,7.44
23.1,35.4,474.1,4.0,14.4,0.86,9.33,12.0
22.2,32.2,538.8,4.71,16.1,0.7,9.67,10.5
30.3,37.7,904.7,1.76,19.5,0.81,10.04,10.41
37.8,65.7,558.6,5.52,18.0,1.1,9.87,12.0
43.9,72.3,987.0,5.57,18.4,1.03,8.52,12.0
38.5,56.2,1047.1,4.31,18.9,0.77,9.82,9.99
40.8,37.6,863.6,6.03,21.0,1.13,9.8,12.0
37.4,36.7,766.4,5.38,15.8,0.96,9.75,12.0
41.3,23.7,533.1,1.83,20.3,0.73,9.15,8.18
20.0,80.3,257.0,5.29,32.7,0.94,4.42,1.08
42.2,59.7,687.2,6.22,19.1,0.88,9.93,11.44
28.3,16.9,507.4,1.33,17.2,1.06,9.67,12.0
42.0,61.4,498.3,6.37,14.0,0.82,8.88,12.0
20.0,46.3,784.6,0.65,27.0,1.09,9.77,7.43
36.6,83.1,594.1,3.63,37.3,1.06,8.58,1.27
37.1,72.3,839.3,5.14,13.8,0.99,9.35,12.0
43.9,27.0,538.4,5.24,28.3,0.78,9.78,4.58
38.0,65.4,328.2,4.91,31.5,1.14,7.01,2.77
27.9,49.0,592.1,3.68,29.8,0.92,9.78,4.38
32.5,28.1,1008.4,4.41,38.3,1.1,9.91,1.53
27.5,63.9,881.3,4.7,38.0,0.76,9.8,1.04
23.1,53.3,374.9,3.47,13.7,1.14,7.08,12.0
24.5,17.1,532.6,4.07,22.8,1.06,9.69,10.5
23.8,60.3,988.6,5.58,32.1,1.12,9.61,3.26
32.3,59.4,305.1,2.38,40.6,0.76,6.12,0.65
41.6,25.1,415.9,3.64,36.1,0.87,9.91,1.2
41.7,39.4,422.9,0.55,17.3,0.7,5.87,5.97
19.4,56.0,685.3,4.62,20.4,0.72,9.5,8.29
20.1,24.7,549.1,1.67,34.9,0.79,9.67,1.07
24.4,74.7,267.9,3.39,26.1,1.13,4.79,4.13
24.6,16.9,734.8,1.76,28.4,0.98,9.82,5.7
20.5,22.2,284.2,0.64,30.3,0.81,5.02,1.81
28.1,23.1,715.5,3.4,15.1,1.13,9.81,12.0
33.3,52.0,631.0,3.05,37.7,1.02,9.78,1.4
33.0,58.4,619.6,3.05,37.9,1.1,9.44,1.46
32.1,43.3,257.4,1.75,26.0,1.11,5.83,5.03
26.8,35.2,743.3,6.18,30.8,1.03,9.75,4.04
36.4,71.7,566.6,0.52,31.8,0.77,8.04,2.03
39.5,19.8,549.4,5.85,17.7,1.15,9.88,12.0
27.0,34.6,707.0,4.92,15.4,0.81,9.79,12.0
20.2,17.7,715.3,1.53,12.6,0.99,9.85,12.0
25.7,16.0,212.8,3.33,39.4,1.07,5.85,0.88
21.6,39.7,306.4,6.43,22.4,0.74,7.14,5.59
30.2,28.6,401.0,4.36,14.6,0.95,9.31,12.0
22.1,33.8,776.3,1.26,26.0,0.84,9.76,6.38
30.0,72.5,690.2,3.25,14.3,0.77,10.02,12.0
23.7,26.4,844.0,3.31,14.6,0.66,9.57,10.47
37.2,69.6,829.5,5.31,26.7,1.09,9.75,7.68
18.7,62.3,925.2,6.0,27.3,0.72,9.48,4.62
32.4,37.9,520.3,0.99,29.4,1.09,9.14,5.11
22.4,53.3,493.3,2.38,31.7,0.95,8.73,2.78
18.0,46.1,906.4,2.29,32.0,0.96,9.86,2.91
40.6,24.0,402.0,6.48,25.0,1.06,9.71,8.85
35.5,78.5,592.0,3.86,31.3,0.9,8.91,2.94
20.6,54.9,365.2,5.78,21.1,0.83,7.01,6.71
35.3,76.6,976.8,3.06,25.2,0.72,9.99,6.01
33.9,72.7,546.6,4.84,23.8,0.94,9.59,8.51
30.3,20.6,380.6,2.22,21.9,0.93,8.32,8.47
28.9,29.5,788.2,5.97,19.2,0.8,9.82,10.26
41.1,25.2,407.9,3.23,14.4,0.95,9.32,12.0
24.4,73.2,1002.0,5.32,27.2,0.87,9.99,5.96
28.4,75.4,512.5,2.03,28.1,1.05,8.41,5.43
26.6,52.0,764.9,4.66,22.1,0.93,9.87,9.93
38.1,22.3,493.5,2.93,41.3,1.12,9.6,1.5
41.8,24.5,886.2,0.69,28.7,0.91,9.77,5.04
40.1,71.9,962.4,2.98,38.7,1.09,9.99,1.53
38.7,80.0,869.7,3.8,29.1,0.91,9.66,4.72
43.7,29.0,921.2,1.41,17.7,0.93,9.35,12.0
36.1,15.8,286.6,1.6,41.2,0.83,6.86,0.8
37.5,38.2,985.5,3.29,38.6,0.85,9.66,1.15
43.6,17.1,730.7,2.56,26.1,1.12,9.8,8.39
18.2,73.0,938.8,3.14,19.3,0.76,9.95,9.84
34.5,49.4,781.8,3.26,18.7,0.71,9.76,9.34
37.2,59.9,371.6,1.34,36.2,1.07,6.25,0.93
41.9,43.8,718.1,1.59,14.1,0.94,9.3,12.0
41.0,39.2,277.3,5.59,31.1,0.79,9.18,2.75
39.9,30.6,791.4,1.48,31.2,0.87,9.57,3.09
42.6,68.9,547.7,4.5,17.5,0.91,7.26,9.55
32.0,63.7,329.0,3.01,33.1,0.95,6.57,1.38
18.2,40.3,1032.3,6.31,33.2,1.06,9.68,2.27
18.3,37.5,965.9,0.9,22.5,0.85,9.95,8.85
32.2,15.1,959.5,5.48,26.5,0.99,9.76,7.13
29.3,19.4,870.5,3.45,37.0,1.07,10.06,1.5
29.7,58.6,788.2,0.53,27.7,1.07,10.14,7.02
28.4,51.0,756.8,2.08,30.5,0.78,9.95,3.28
41.9,45.4,290.2,2.95,24.4,0.83,6.27,4.67
27.3,72.9,965.5,2.39,16.5,0.95,9.44,12.0
40.3,50.3,949.0,2.67,41.9,1.09,9.81,1.5
41.5,41.9,835.7,6.0,27.9,1.05,9.94,6.51
31.0,26.3,988.2,2.67,22.1,0.94,9.88,10.06
29.6,72.4,670.1,3.01,33.4,1.14,9.69,2.23
37.8,55.3,580.5,5.07,30.6,0.87,9.58,3.48
36.4,21.5,1022.8,5.26,19.0,1.07,9.94,12.0
26.5,60.4,594.5,1.0,38.3,1.06,10.08,1.49
20.7,44.8,745.1,4.72,14.1,1.1,9.7,12.0
24.9,71.8,517.1,3.4,30.2,1.14,9.03,4.68
21.4,79.3,740.9,1.3,26.3,0.9,10.19,6.88
25.7,57.0,812.1,2.09,21.5,0.75,9.77,8.21
24.8,66.2,731.0,0.77,36.8,0.88,9.77,1.2
34.6,19.0,637.4,2.66,31.7,1.08,9.88,3.57
42.8,54.2,455.1,2.03,34.8,1.07,6.14,0.92
35.8,67.9,747.3,2.79,24.4,0.82,10.0,7.36
42.1,49.8,972.2,3.98,40.3,0.67,9.74,0.92
38.4,56.5,205.9,4.89,22.3,0.9,6.15,5.92
36.9,77.9,313.8,4.13,27.9,0.89,5.3,2.95
28.8,28.9,301.8,4.57,40.0,0.69,7.97,0.77
26.4,21.9,984.7,5.69,14.5,1.05,9.65,12.0
40.0,63.3,763.3,5.74,15.3,0.79,9.85,12.0
41.5,72.6,1009.0,5.66,41.8,0.97,9.55,1.3
29.7,74.5,695.4,1.42,41.1,0.7,9.95,0.98
18.2,59.9,592.5,2.01,35.2,1.08,9.44,1.43
38.6,73.3,873.5,3.51,26.5,1.02,10.07,7.56
25.4,64.0,336.8,2.65,27.2,0.84,6.42,3.72
18.3,21.1,524.1,1.29,19.7,0.96,8.99,10.98
38.9,68.3,596.3,2.23,25.0,0.74,8.23,5.24
31.5,27.6,453.7,6.35,24.9,1.14,9.71,9.54
35.8,31.6,515.6,2.58,13.1,1.05,9.67,12.0
41.8,42.6,266.4,3.01,25.6,1.04,6.47,5.47
32.1,37.0,368.3,0.54,26.4,0.73,6.95,3.77
31.1,37.5,485.2,4.82,32.0,0.66,9.78,2.02
25.6,26.8,876.5,2.98,27.5,0.94,9.7,6.05
25.9,35.6,355.1,1.12,37.9,0.72,6.6,0.67
38.7,16.4,494.6,6.31,23.0,1.04,9.72,10.2
29.7,48.1,255.2,5.16,24.3,0.86,6.79,5.31
22.3,68.8,673.5,4.86,29.1,0.82,9.56,4.17
20.5,75.4,719.6,6.25,18.1,0.69,9.81,9.39
30.3,72.4,935.7,2.94,23.8,1.15,9.86,10.74
30.1,44.2,896.2,4.81,32.6,1.13,9.54,2.86
35.0,66.1,442.6,1.74,24.4,0.72,7.07,4.58
30.2,35.2,316.4,4.68,39.2,0.82,8.17,0.93
21.7,18.9,332.7,0.58,30.5,0.85,6.33,2.31
31.2,62.3,1023.6,1.26,16.6,0.8,9.98,12.0
41.6,60.4,772.2,3.05,26.6,1.12,9.71,7.91
22.1,71.1,236.2,0.57,34.9,1.01,4.22,0.6
35.9,58.1,316.3,3.27,31.3,1.13,6.5,2.68
33.4,26.0,612.9,3.64,38.6,1.09,9.75,1.48
37.5,74.7,376.7,4.23,34.5,1.03,6.52,0.94
21.9,58.9,883.1,1.1,13.8,1.0,9.93,12.0
42.5,71.5,687.2,1.59,15.4,1.08,6.79,11.8
34.1,69.2,720.7,4.18,31.5,0.99,9.74,3.39
40.0,35.9,593.4,4.45,19.2,0.74,9.61,9.38
24.4,20.2,417.7,0.66,29.6,0.97,7.69,3.71
37.2,27.4,701.0,3.74,35.8,0.91,9.94,1.26
38.3,21.5,809.4,5.21,29.3,1.14,9.95,5.91
28.3,32.0,515.3,0.91,24.5,0.9,9.03,7.33
28.0,47.2,629.2,2.98,31.4,0.67,9.74,2.34
35.1,78.5,913.7,2.46,16.3,0.78,9.99,11.96
20.4,76.0,326.4,5.98,33.7,1.11,5.9,1.17
37.1,65.3,663.4,1.61,32.9,1.13,9.73,2.65
19.1,16.7,496.2,2.41,27.4,1.01,9.04,6.11
23.0,38.9,797.4,5.89,20.4,0.68,9.88,8.15
35.3,62.8,216.0,2.48,35.9,0.66,4.68,0.43
20.6,24.0,769.9,3.69,27.3,0.89,9.71,5.84
43.3,71.1,287.5,0.7,13.8,1.15,3.23,6.41
40.6,79.0,255.1,6.41,39.6,1.08,4.85,0.74
34.3,39.8,815.9,5.45,35.0,1.12,10.0,1.56
39.3,64.4,744.3,4.31,29.5,0.96,9.67,4.67
41.1,25.4,960.7,0.86,25.1,1.08,9.88,9.04
24.7,63.4,641.7,0.95,40.8,0.81,9.78,1.11
40.1,16.5,650.5,3.77,35.3,0.66,9.73,0.9
23.1,25.6,801.0,2.21,28.0,1.11,10.0,6.86
28.7,64.7,474.9,4.24,31.6,0.76,8.94,2.33
32.5,64.8,231.4,4.09,20.4,1.01,5.26,6.46
36.6,59.9,395.5,5.53,17.9,0.98,8.76,12.0
18.8,48.4,402.3,2.19,20.2,0.73,7.11,6.37
25.6,62.2,485.3,3.97,20.8,0.75,8.76,7.75
33.8,69.2,1001.9,5.16,34.2,0.81,9.46,1.08
27.3,82.7,884.1,3.44,16.2,1.03,9.82,12.0
38.2,77.2,995.6,5.48,35.3,0.67,10.01,0.94
34.9,70.6,1048.8,1.29,27.7,0.85,9.89,5.45
24.1,63.6,568.7,4.9,23.5,0.98,10.04,9.56
21.8,55.2,393.0,6.16,21.0,0.74,7.76,6.65
34.4,23.4,676.0,2.49,27.4,0.71,9.78,4.65
29.7,26.6,949.0,2.7,21.5,0.85,9.79,9.31
22.4,72.4,595.9,1.0,24.9,0.79,9.67,6.63
26.5,71.2,629.6,4.35,34.2,0.97,9.92,1.37
25.9,58.0,314.3,3.81,30.8,1.13,6.61,3.05
20.8,45.7,557.4,0.74,34.4,0.65,9.51,0.87
32.2,16.8,528.9,5.01,33.4,1.1,10.05,2.25
37.9,37.9,498.9,5.48,36.5,0.87,9.9,1.2
33.0,44.4,954.2,5.94,18.1,0.98,9.75,12.0
39.5,49.0,250.4,3.77,41.9,1.08,6.66,1.0
21.3,80.1,1026.3,3.22,26.3,0.94,9.9,7.01
29.3,22.6,207.0,5.76,33.5,0.7,7.69,1.03
33.8,51.3,1003.8,2.89,32.3,0.72,9.66,1.99
35.6,40.8,665.8,4.43,29.0,1.04,9.73,5.55
36.1,84.3,797.1,4.19,41.9,0.76,9.93,1.06
37.0,75.3,359.1,2.73,18.5,0.93,5.82,7.4
34.9,45.7,756.1,1.02,24.7,0.86,9.8,7.48
20.4,85.0,949.7,0.63,15.8,0.8,9.79,12.0
36.1,51.0,318.6,3.07,17.5,1.04,6.74,10.15
36.8,26.7,308.0,3.39,33.4,1.02,8.39,1.73
43.8,53.9,458.4,5.44,12.1,0.97,8.14,12.0
36.0,30.8,337.5,2.99,38.7,0.84,8.07,0.95
35.9,59.5,294.0,2.19,31.0,0.76,5.53,1.64
31.4,80.6,776.6,3.27,25.2,0.91,9.78,7.44
40.6,70.0,381.8,1.93,21.9,1.06,5.52,6.39
43.9,34.1,767.0,1.05,15.8,0.94,7.43,10.96
38.3,35.8,932.6,1.18,39.6,1.14,9.59,1.52
33.9,19.9,754.2,2.41,33.4,0.66,10.04,1.35
20.1,35.0,301.5,0.58,22.1,1.15,5.36,6.67
36.9,21.5,687.5,1.82,14.1,1.0,9.63,12.0
36.4,50.0,534.6,5.23,21.8,1.07,9.74,11.49
38.2,64.6,491.9,1.91,17.5,0.82,7.24,8.49
21.2,67.6,470.8,1.16,35.6,0.9,7.49,0.95
35.0,19.2,990.0,6.19,33.6,1.05,10.06,1.98
25.7,38.8,831.1,4.23,26.9,1.03,9.7,7.04
37.8,35.2,313.8,0.86,38.6,0.82,6.06,0.69
24.2,22.3,604.6,0.87,17.4,0.81,9.78,11.48
35.8,40.4,470.5,4.17,25.6,0.98,9.8,7.81
25.7,36.0,1031.2,3.74,33.3,1.12,9.86,2.3
18.2,59.4,1031.3,0.91,14.0,0.87,9.49,12.0
34.5,76.8,471.6,1.85,23.2,0.83,7.57,6.24
20.9,46.8,499.3,6.07,29.1,1.1,9.65,5.64
35.1,67.3,709.5,3.93,23.0,0.99,9.72,9.75
42.1,25.2,607.4,3.14,26.4,0.84,9.87,6.22
43.2,77.6,381.1,2.0,30.2,0.68,3.84,1.17
24.1,25.7,761.4,1.3,23.1,1.01,9.83,10.01
39.0,28.4,484.0,2.92,15.2,0.83,9.78,12.0
27.2,22.5,755.7,6.03,16.2,0.69,9.91,10.46
41.4,36.7,526.1,0.79,27.8,0.96,7.27,4.43
38.5,53.7,795.2,6.45,17.2,0.81,9.65,11.42
19.9,84.2,767.6,1.75,38.7,0.82,9.85,1.13
28.6,70.5,632.5,2.95,37.0,0.89,9.76,1.22
26.8,41.6,799.0,0.77,22.5,1.01,9.53,10.11
38.4,55.3,591.8,4.01,36.9,0.79,9.83,1.08
28.7,58.6,298.7,3.4,28.0,0.69,6.08,2.61
35.8,72.6,354.8,4.5,16.8,0.86,6.66,8.59
33.7,66.6,409.1,3.76,30.4,0.68,7.47,2.19
43.4,54.9,253.7,2.89,32.4,1.0,4.99,1.4
42.4,61.8,804.7,4.93,14.5,1.13,9.98,12.0
29.1,67.2,512.3,0.65,21.4,0.98,8.52,9.45
36.8,24.3,279.5,3.75,12.2,0.79,8.51,12.0
39.6,29.0,897.0,1.18,21.5,0.74,9.87,8.25
41.4,63.2,781.1,3.12,22.1,0.77,9.92,8.24
19.8,74.5,584.4,5.25,30.9,0.76,9.73,2.93
25.9,43.6,410.3,1.35,18.0,0.81,7.31,8.27
26.3,83.6,329.0,6.11,12.9,0.7,5.98,7.5
29.3,30.1,589.6,5.83,21.5,1.1,9.95,12.0
22.4,44.2,952.5,2.99,36.8,1.09,9.89,1.51
30.9,41.5,360.1,0.54,24.0,0.96,6.53,5.85
35.2,80.1,683.4,5.24,24.5,0.68,9.88,6.05
30.9,35.0,1017.4,5.79,26.1,1.05,9.77,7.93
35.3,48.0,741.5,1.55,34.6,0.68,9.96,0.95
19.7,28.1,574.0,6.0,26.4,0.7,10.0,5.25
40.8,51.5,808.9,5.98,14.7,0.81,9.61,12.0
42.4,75.0,900.9,3.33,18.2,0.87,9.29,11.14
34.1,36.3,701.9,5.29,17.6,0.83,10.14,11.97
40.9,71.8,941.1,3.17,27.2,0.73,9.88,4.93
21.4,78.8,637.4,3.88,12.9,0.71,9.95,12.0
38.7,20.1,905.5,2.42,20.5,1.08,9.7,12.0
21.1,67.9,1009.2,1.46,30.2,0.83,9.72,3.64
28.6,32.9,626.1,4.98,22.6,0.76,9.77,7.71
26.4,27.3,714.3,0.51,33.2,0.89,9.74,1.87
33.2,57.1,718.0,3.98,23.7,0.67,9.6,6.12
25.8,64.4,864.2,5.69,41.4,0.95,9.77,1.3
34.6,42.6,899.5,1.83,41.0,0.77,9.93,1.08
27.6,17.7,223.1,2.5,36.0,0.95,5.72,0.76
40.4,78.6,823.4,4.02,40.6,0.96,9.83,1.32
34.5,66.2,866.2,1.98,18.1,1.05,9.82,12.0
23.6,34.0,795.4,5.58,34.5,0.76,9.75,1.04
26.7,49.8,806.6,2.7,21.6,0.88,9.87,9.72
40.0,16.9,235.2,3.99,33.8,1.13,9.29,1.83
28.0,38.7,575.7,1.86,23.2,1.01,9.74,9.82
31.9,51.6,895.5,0.75,20.7,1.14,9.96,12.0
34.9,51.2,993.9,1.54,40.8,1.11,9.88,1.54
27.0,29.6,395.0,0.78,18.3,0.96,7.57,9.96
25.6,69.4,692.3,3.31,34.8,0.78,9.79,1.07
30.4,35.9,883.7,4.02,32.2,1.03,9.75,2.93
23.6,55.6,839.5,0.77,21.1,1.0,9.77,11.31
25.4,34.0,726.1,1.04,25.8,0.94,9.98,7.51
19.6,44.8,215.9,3.41,16.3,1.0,4.53,6.94
25.9,29.5,815.3,5.3,39.6,0.96,9.79,1.31
26.3,59.3,857.3,4.27,41.0,0.91,10.09,1.29
43.0,44.8,814.4,1.13,34.0,0.86,8.15,1.1
33.3,16.1,850.9,5.83,37.5,0.67,9.85,0.93
38.5,17.0,566.3,6.0,14.5,1.08,9.79,12.0
19.2,48.0,1044.7,2.45,23.5,1.08,9.76,10.26
20.8,27.8,855.2,4.2,21.9,0.95,9.66,10.01
39.2,56.0,691.9,3.45,28.9,0.78,9.7,4.17
34.2,43.6,994.1,6.15,17.5,0.66,9.74,9.31
23.0,60.8,972.0,3.55,28.9,0.65,9.87,3.55
28.5,81.7,892.4,6.26,31.6,0.69,9.93,2.32
32.0,52.0,679.1,1.7,16.0,0.83,9.53,12.0
39.9,70.1,648.0,2.57,16.0,0.74,8.48,9.85
19.6,67.7,479.4,5.19,13.1,0.78,8.39,11.71
33.5,79.5,413.2,5.2,34.8,1.0,7.33,1.03
36.6,30.0,635.5,4.89,21.9,1.13,9.58,11.84
43.4,72.9,691.1,5.66,18.8,0.75,7.83,7.91
39.0,78.4,407.8,4.72,35.3,0.88,6.48,0.8
25.2,42.5,984.2,4.32,16.3,1.15,9.91,12.0
36.4,37.0,673.7,3.25,24.8,1.12,9.67,9.39
37.8,81.6,647.5,3.3,34.3,0.83,8.78,1.02
37.0,58.9,570.3,2.94,29.2,0.81,9.46,4.04
39.3,41.6,249.4,4.22,28.6,0.77,7.48,3.31
41.5,70.4,950.0,2.94,16.7,0.73,9.75,10.64
20.6,36.3,469.4,1.38,17.4,0.88,8.1,10.3
20.7,27.3,746.1,1.14,29.5,0.82,10.05,4.19
38.7,53.1,716.3,6.05,12.7,1.02,9.55,12.0
24.6,54.6,696.8,0.65,38.1,0.77,9.67,1.04
19.5,72.8,646.9,1.13,22.5,1.02,9.74,10.4
28.4,47.0,354.2,3.17,24.5,0.79,7.36,5.23
39.3,72.0,438.5,2.08,19.8,0.95,6.43,7.68
21.3,36.8,645.6,2.94,38.3,0.97,9.93,1.35
35.5,55.3,870.9,1.2,31.3,0.99,9.96,3.61
18.1,29.6,567.2,1.29,25.5,0.74,9.5,5.73
20.9,42.0,373.3,5.3,29.6,0.79,7.42,2.94
27.1,75.0,274.8,5.05,23.4,0.77,5.15,3.9
20.2,30.1,763.6,1.13,26.0,0.94,9.97,7.3
40.0,71.7,559.8,4.51,22.7,0.69,8.54,6.06
40.5,34.8,306.6,4.16,24.3,0.91,8.78,7.25
37.6,17.4,773.3,4.78,21.4,0.69,9.68,7.6
24.3,22.7,376.4,3.35,14.3,0.82,8.11,11.18
31.6,67.2,632.7,2.12,13.1,0.99,9.74,12.0
22.8,33.3,460.3,4.48,17.2,0.86,9.2,11.5
25.3,60.8,991.9,2.73,19.5,0.79,9.84,9.95
31.4,63.9,394.0,1.81,38.7,0.96,7.27,0.97
37.1,39.2,556.9,2.95,30.3,1.02,9.73,4.37
20.5,48.2,1015.6,5.08,40.7,0.78,9.99,1.09
25.7,43.3,470.9,3.35,22.2,0.8,9.01,7.74
42.1,81.3,747.9,2.3,24.1,0.97,7.17,6.46
29.2,37.4,469.2,5.49,33.6,1.13,9.95,2.11
42.4,27.8,294.1,5.79,29.3,0.76,9.77,3.83
43.8,40.6,733.4,3.1,27.8,0.98,9.24,5.73
31.7,61.9,978.6,2.75,29.3,1.1,10.02,5.79
25.5,63.8,584.7,4.18,29.5,0.88,9.76,4.33
38.6,79.7,732.3,0.85,35.0,0.81,9.4,1.06
22.1,76.7,717.6,4.65,32.0,0.98,9.67,2.93
24.6,35.2,552.8,5.19,40.7,0.67,9.67,0.9
38.4,46.9,722.7,2.88,40.4,0.83,9.96,1.16
29.3,67.3,420.4,1.55,24.7,0.78,6.99,4.8
23.2,79.2,521.3,0.67,13.1,0.76,8.38,11.39
34.9,38.6,576.0,4.32,12.3,0.74,9.99,12.0
37.1,46.1,934.4,2.11,15.7,1.02,10.0,12.0
21.3,78.0,496.1,3.28,14.2,1.13,8.13,12.0
25.2,40.1,739.9,2.82,23.2,0.84,9.95,8.35
23.8,48.6,381.4,1.55,13.6,0.67,6.73,7.91
27.9,78.3,414.7,3.55,30.7,1.01,7.09,2.92
37.8,71.2,751.2,3.26,17.7,0.92,9.83,12.0
36.6,32.0,848.0,4.24,27.4,1.01,9.86,6.66
35.2,37.7,592.8,2.01,15.1,0.97,9.64,12.0
18.2,39.7,484.8,1.79,36.8,1.1,8.47,1.31
21.7,78.9,973.7,5.39,35.4,0.72,9.52,0.96
23.8,84.9,315.4,4.71,23.6,0.73,5.46,3.87
25.1,69.2,812.6,5.13,39.3,0.82,9.83,1.13
21.8,48.9,786.6,1.24,17.6,0.9,9.54,12.0
28.7,15.7,786.7,1.84,36.4,1.11,10.0,1.56
20.0,63.8,995.1,3.95,28.4,1.1,9.69,6.34
37.5,42.3,819.0,5.64,21.9,1.09,9.81,11.7
38.5,59.3,456.3,5.85,14.5,0.76,9.39,11.94
32.9,57.5,500.4,5.49,17.1,1.01,9.58,12.0
20.3,48.7,532.4,0.76,37.9,0.84,8.62,1.02
41.1,81.1,226.2,5.43,30.2,1.12,4.39,2.21
43.1,16.6,976.5,5.89,19.1,0.76,9.79,9.74
23.3,64.8,262.5,0.84,26.9,0.72,4.18,2.14
36.3,43.7,794.8,3.0,15.2,1.07,9.75,12.0
39.9,65.0,820.6,3.72,15.0,1.01,9.8,12.0
32.0,62.3,917.2,1.9,39.2,1.06,9.83,1.46
26.4,15.7,670.4,3.6,25.7,0.73,9.5,5.53
30.4,35.0,816.5,5.82,22.8,1.09,9.8,10.95
31.3,28.2,457.3,5.7,40.5,0.99,9.68,1.34
28.4,26.7,833.7,6.14,24.0,0.98,9.83,8.98
42.2,66.0,491.9,3.4,22.1,0.94,6.89,7.02
37.3,31.8,967.4,2.96,20.2,1.03,9.86,12.0
24.3,48.2,338.9,4.49,29.0,0.86,7.36,3.46
33.2,32.3,468.4,3.0,28.8,0.72,10.13,4.09
35.9,55.6,624.0,0.75,12.5,0.92,9.31,12.0
21.6,65.4,859.5,4.82,31.6,1.02,9.74,3.4
27.3,38.2,836.5,2.19,35.6,0.73,9.91,1.01
41.5,57.2,379.1,0.79,30.5,0.76,5.08,1.66
32.7,72.7,322.6,0.62,38.1,1.0,4.85,0.68
23.6,21.6,458.4,6.09,20.3,0.78,9.77,9.37
21.2,64.7,611.2,2.01,17.8,0.73,9.99,10.41
31.5,37.6,658.2,3.19,32.9,1.09,9.59,2.52
32.2,23.6,564.8,6.2,17.7,0.73,9.83,10.25
26.7,53.2,763.6,3.31,14.7,0.82,9.51,12.0
34.4,30.8,563.4,0.97,14.9,0.86,9.9,12.0
19.8,72.5,1004.4,3.81,35.1,0.89,9.84,1.22
21.8,18.0,421.8,1.03,12.9,0.83,7.6,11.36
32.2,21.9,733.3,1.07,20.7,1.11,9.74,12.0
19.6,51.5,719.7,5.61,15.9,0.98,9.58,12.0
40.9,56.2,439.3,2.24,34.6,0.83,7.0,0.81
21.7,66.1,549.9,4.57,27.1,0.83,9.45,5.42
35.5,33.1,510.7,3.55,18.2,0.9,9.88,12.0
28.2,73.9,346.6,1.83,34.5,0.67,5.85,0.55
28.4,81.7,605.7,3.61,34.5,1.11,10.13,1.58
37.9,49.9,528.7,0.91,27.7,0.76,8.32,4.1
31.0,68.2,351.6,2.58,20.3,1.0,6.71,8.2
36.9,51.7,582.4,3.64,29.6,1.04,10.13,5.25
31.1,19.9,558.6,1.87,40.0,1.06,9.7,1.45
33.4,37.8,311.7,4.46,13.5,0.73,8.09,10.35
37.8,21.1,311.5,0.81,20.0,0.92,6.67,7.62
33.8,84.2,750.4,3.41,20.5,0.69,9.78,8.13
34.0,31.0,800.6,4.79,31.0,1.05,9.92,4.1
38.5,59.5,1000.0,3.08,31.5,0.89,9.71,3.01
42.7,34.9,274.0,5.75,18.2,0.73,9.71,9.81
27.8,60.7,300.2,4.29,18.5,1.01,6.43,8.84
33.0,29.7,244.0,6.25,39.8,0.82,8.6,0.98
20.2,70.0,652.4,2.2,34.7,0.71,9.92,0.98
27.3,22.8,729.3,6.13,40.0,0.88,9.88,1.22
28.7,77.7,543.0,4.14,36.9,0.77,9.18,0.99
39.7,73.8,878.2,4.97,24.1,1.13,9.8,10.24
31.3,62.5,783.7,5.91,15.7,0.83,9.83,12.0
37.0,19.7,1038.0,3.81,30.9,0.94,9.84,3.66
18.5,29.6,317.2,5.67,22.6,1.12,7.04,8.27
30.1,75.2,249.6,3.75,24.8,0.85,4.74,3.51
41.4,23.5,433.6,4.1,24.8,0.83,10.2,7.39
23.8,25.9,216.2,3.17,40.1,0.73,5.4,0.55
18.8,53.1,992.7,1.37,14.1,1.12,9.78,12.0
29.3,34.2,458.4,3.82,17.8,1.05,10.09,12.0
36.3,30.5,669.6,6.36,30.2,0.76,9.53,3.25
29.8,55.3,470.4,5.22,38.5,0.82,9.88,1.13
30.0,41.1,408.9,4.98,39.5,1.11,9.38,1.45
35.4,24.8,329.5,4.36,28.8,0.92,9.4,4.86
24.6,52.4,472.3,2.59,13.0,0.93,8.4,12.0
37.5,42.1,723.1,1.52,22.9,0.97,9.61,9.55
22.0,66.4,1025.9,1.85,39.6,1.03,9.75,1.41
28.3,22.2,674.4,0.54,27.0,1.12,9.84,7.71
35.1,58.4,652.8,4.54,33.8,1.05,9.89,1.78
39.5,45.6,230.0,5.37,20.1,1.12,7.89,10.91
38.6,43.4,914.1,2.11,12.8,1.06,9.72,12.0
36.8,31.3,238.1,1.05,29.4,0.67,5.56,1.94
27.3,17.1,970.3,2.51,37.0,0.71,10.2,1.01
21.2,74.3,657.9,2.25,41.7,1.09,10.02,1.53
23.6,37.8,343.2,3.21,37.4,0.66,7.01,0.65
40.5,62.7,584.0,2.08,28.6,1.05,8.04,4.83
40.3,81.3,1045.7,2.54,30.3,1.07,9.88,4.74
42.7,54.5,459.3,5.95,36.7,0.86,9.34,1.12
20.0,42.8,429.0,2.51,12.6,0.83,7.62,11.48
32.0,33.8,300.3,5.21,40.5,0.75,8.42,0.88
34.9,80.4,707.6,4.26,27.9,0.67,9.97,4.22
36.5,62.7,275.8,2.53,40.6,1.02,5.48,0.79
34.7,61.6,851.1,5.41,34.9,0.69,9.63,0.93
38.0,44.8,981.3,4.07,16.6,1.12,9.91,12.0
27.3,74.2,992.1,0.55,17.0,0.8,10.08,11.91
22.7,65.0,291.7,0.91,22.6,1.05,4.92,5.37
23.3,34.8,674.5,5.02,19.9,0.68,9.67,8.22
18.3,57.0,282.5,3.18,25.2,0.92,5.14,3.97
27.1,45.1,686.2,2.93,30.1,0.82,9.9,3.74
20.4,15.5,892.7,1.37,25.1,0.67,9.79,5.52
26.4,71.5,657.1,1.44,13.7,0.98,9.97,12.0
34.3,23.6,941.2,5.29,41.3,1.12,9.84,1.54
41.3,50.7,881.4,5.47,24.8,0.66,9.95,5.71
39.8,38.5,435.1,3.86,37.5,0.79,9.36,1.03
24.6,38.9,735.6,2.27,14.2,1.0,9.62,12.0
21.5,48.4,206.3,6.1,36.3,1.09,5.12,0.78
23.0,84.8,536.6,4.24,17.2,0.75,8.62,9.39
43.2,43.6,402.3,5.28,32.4,0.69,9.35,1.8
32.3,27.8,996.5,0.52,31.9,0.65,9.5,2.0
22.7,58.0,544.6,3.2,39.3,0.76,9.49,1.01
39.9,31.5,756.0,5.73,21.6,0.69,9.76,7.48
28.3,22.4,822.2,2.53,15.3,0.83,9.64,12.0
41.4,18.5,857.2,4.86,37.9,0.87,9.75,1.19
24.8,16.6,825.4,4.45,21.9,0.89,9.8,9.53
28.2,45.2,445.8,1.41,19.0,0.72,8.3,7.92
31.1,44.9,783.2,5.15,26.6,0.88,9.64,6.23
41.2,28.0,666.7,1.18,16.4,0.65,9.5,9.49
40.6,69.9,707.8,4.87,20.9,0.77,9.88,8.93
32.9,24.0,200.7,6.45,23.6,0.83,8.83,7.13
23.8,79.1,419.5,6.25,20.3,0.71,7.38,6.39
28.5,56.1,991.1,5.3,25.5,1.06,9.63,8.31
43.4,16.9,446.6,3.71,23.5,0.75,10.08,7.34
33.8,82.4,572.3,4.55,35.2,1.03,9.14,1.32
38.3,36.6,358.7,4.87,39.6,0.89,9.6,1.19
29.7,46.5,317.8,0.55,15.0,0.89,6.12,8.88
31.8,34.9,377.4,1.11,36.7,0.97,7.26,0.99
29.2,66.0,670.6,4.08,40.0,0.67,10.18,0.96
36.3,49.0,981.2,0.54,32.6,0.69,9.59,1.75
40.1,24.3,477.3,5.95,41.9,0.81,9.76,1.11
31.2,22.3,474.9,3.44,22.1,0.86,9.59,8.94
30.5,65.8,679.5,2.05,36.9,0.86,9.78,1.18
26.8,31.6,503.2,2.86,32.2,0.99,9.78,2.85
22.6,24.6,973.9,5.6,21.7,0.65,9.73,7.04
42.4,50.0,521.2,6.06,33.1,1.13,9.81,2.46
26.2,71.2,616.9,1.2,27.3,0.74,9.74,4.86
38.8,34.5,653.4,5.17,17.7,0.77,9.78,10.8
36.6,34.4,864.8,3.97,17.2,1.1,9.69,12.0
38.6,73.4,679.3,4.01,33.4,0.65,10.02,1.32
42.4,25.3,403.3,5.18,33.4,1.15,9.63,2.27
34.2,58.2,305.4,1.84,27.9,0.67,5.83,2.45
41.3,81.9,997.1,3.69,27.0,0.71,9.62,4.76
22.4,73.9,881.3,2.42,17.4,0.77,9.67,10.78
34.3,19.3,219.5,1.07,24.9,0.87,5.33,4.01
38.1,37.4,898.3,1.13,38.1,0.91,9.78,1.24
25.1,25.0,702.0,1.32,37.6,0.7,9.83,0.97
37.3,81.4,641.1,4.19,31.8,0.69,9.14,2.04
38.2,84.0,210.4,1.13,41.9,0.67,3.03,0.28
39.6,31.4,863.7,3.92,38.8,0.78,9.65,1.05
26.1,61.9,368.4,4.03,16.4,1.11,6.98,11.84
35.7,73.9,818.8,5.92,24.0,0.84,9.97,7.88
25.9,31.4,213.5,4.26,16.0,1.03,5.75,9.25
37.2,28.1,876.9,6.41,26.0,0.75,9.81,5.7
30.0,15.8,219.6,0.69,35.3,0.68,5.27,0.5
33.5,43.8,400.5,4.72,16.7,0.93,9.44,12.0
28.8,78.0,428.0,0.66,38.4,1.06,6.99,1.04
22.2,78.2,333.9,4.88,29.1,1.1,5.91,3.5
22.6,23.9,608.9,2.82,34.5,0.92,9.91,1.28
20.0,29.3,441.1,4.17,13.4,0.8,8.7,12.0
34.1,43.6,1044.3,2.36,14.8,0.7,10.01,11.63
40.1,69.6,693.0,1.45,30.6,0.98,8.61,3.54
18.5,57.8,681.5,4.84,37.1,0.79,9.95,1.1
19.7,51.0,387.7,5.93,38.2,1.07,7.54,1.13
29.9,56.4,547.4,1.6,32.7,0.95,9.71,2.41
37.2,21.7,305.4,6.02,18.0,1.08,9.78,12.0
22.1,48.4,848.1,1.34,17.9,0.93,9.56,12.0
25.1,84.4,481.5,4.91,38.4,1.04,8.12,1.18
24.0,21.2,839.2,6.26,15.4,0.8,9.91,12.0
28.4,51.3,515.9,1.38,32.6,0.9,9.27,2.22
23.8,35.7,1040.4,3.11,28.0,0.66,9.65,3.96
27.2,52.8,345.5,2.52,24.6,0.95,6.46,5.45
36.9,55.2,201.3,2.83,25.2,0.92,5.09,3.92
33.9,55.4,705.6,5.02,40.4,1.03,9.87,1.42
20.1,74.7,1010.0,4.47,37.8,1.01,9.59,1.36
34.6,42.3,750.0,6.31,37.9,0.96,9.75,1.32
30.4,51.1,272.9,1.61,24.2,0.68,5.42,3.38
42.3,15.8,659.4,3.76,15.2,1.1,9.92,12.0
25.5,70.3,973.1,3.19,41.9,0.66,9.74,0.9
36.9,33.2,205.5,6.01,16.4,1.05,8.72,12.0
37.0,72.2,341.9,0.56,27.5,0.89,5.11,3.02
23.8,33.6,892.4,6.44,19.9,1.06,9.59,12.0
41.5,15.8,959.8,3.38,27.3,0.88,10.09,6.01
30.8,25.8,801.1,4.25,21.1,0.97,9.94,11.18
35.7,84.0,1042.8,2.66,38.9,0.83,9.69,1.13
21.8,37.4,276.7,5.62,41.1,1.02,6.42,0.92
24.7,22.6,663.8,3.87,24.3,0.78,9.64,6.82
33.2,23.3,782.2,4.48,14.1,1.01,9.89,12.0
26.3,36.7,797.2,4.39,31.9,0.75,9.65,2.3
31.0,17.6,874.5,2.68,23.3,1.01,9.76,9.75
27.7,50.8,980.0,0.96,41.6,0.8,9.55,1.06
34.7,30.0,507.4,5.35,14.7,0.79,9.88,12.0
30.7,51.4,236.5,2.24,15.6,1.06,5.26,8.83
18.1,24.9,508.1,5.59,33.0,1.06,9.77,2.42
34.9,45.1,770.9,4.15,34.8,1.0,9.83,1.37
29.0,56.9,381.4,2.62,26.1,1.11,7.37,6.29
26.9,19.3,888.5,4.07,20.3,0.73,9.83,8.73
20.4,42.9,386.8,4.37,21.3,0.78,7.68,6.89
23.7,36.2,208.6,4.74,22.1,0.8,5.4,4.64
23.8,31.8,631.9,5.43,18.8,0.8,9.86,10.61
42.3,57.3,817.5,1.46,37.5,0.81,8.78,1.0
29.2,56.2,497.2,6.16,14.0,1.0,9.98,12.0
19.1,59.1,836.6,2.97,24.2,0.79,9.8,7.06
21.6,26.1,572.6,5.66,34.4,0.79,9.79,1.09
20.1,35.0,346.0,1.82,12.1,0.94,6.28,10.91
33.3,29.7,277.0,0.67,38.3,0.75,5.87,0.61
22.9,52.8,804.0,3.94,33.2,0.83,9.45,1.72
31.0,47.3,527.9,2.45,14.2,0.68,9.82,11.3
27.6,38.1,975.9,6.41,38.8,1.13,9.8,1.54
38.9,70.0,659.2,1.13,26.6,0.81,8.63,5.09
26.3,21.6,496.2,0.78,31.6,1.08,8.96,3.32
29.9,83.2,496.6,0.77,38.5,0.91,7.8,1.0
36.8,23.2,311.7,1.8,38.4,0.76,7.32,0.78
29.3,69.1,704.7,3.98,24.3,0.75,9.68,6.6
38.6,40.8,694.8,3.53,19.1,1.0,9.82,12.0
35.2,75.6,880.0,2.6,19.7,1.13,9.85,12.0
28.7,20.2,371.0,1.03,35.0,0.74,7.22,0.75
31.1,41.2,447.2,1.9,39.9,0.71,8.57,0.85
43.1,38.5,282.7,1.6,14.2,0.84,5.45,7.81
35.2,84.5,451.0,4.97,12.5,0.85,7.08,10.99
41.5,84.0,563.9,5.18,36.7,1.05,6.58,0.97
22.6,28.3,1019.4,5.16,23.6,0.88,9.68,8.26
30.6,59.1,755.1,6.31,20.3,0.68,9.82,8.17
41.6,52.5,865.4,5.81,17.7,1.11,9.79,12.0
26.4,25.8,476.7,3.49,22.4,0.84,10.01,8.86
43.2,26.7,322.8,2.99,41.1,0.98,7.95,1.1
20.5,84.2,418.2,5.99,41.3,0.98,6.86,0.94
41.5,46.7,418.0,4.17,21.9,0.68,8.71,6.46
29.6,23.8,695.6,2.27,40.9,0.65,9.65,0.88
19.9,30.0,490.3,3.89,21.0,0.69,9.16,7.41
40.9,33.8,928.8,6.45,37.6,1.13,9.68,1.53
24.6,50.8,1040.3,5.6,18.4,1.05,9.35,12.0
18.6,38.5,491.8,2.19,36.8,0.72,8.55,0.86
21.5,46.9,799.3,6.22,22.6,0.96,9.94,9.91
35.1,26.7,758.9,6.39,17.9,0.96,9.94,12.0
43.4,37.9,365.3,1.89,40.0,0.65,6.44,0.59
20.9,19.9,980.3,5.87,18.4,0.86,10.03,11.85
30.0,77.3,369.5,5.8,41.8,1.01,6.89,0.97
22.7,28.9,826.4,0.74,15.3,0.74,9.97,11.95
37.4,68.0,495.5,4.52,12.3,1.08,8.57,12.0
21.1,39.5,512.0,2.33,38.1,0.98,9.03,1.24
24.2,48.2,587.1,4.55,29.6,0.65,9.69,3.15
23.1,35.4,934.8,5.98,24.6,1.08,9.76,9.28
32.4,63.8,319.2,3.49,14.5,0.66,6.44,7.12
40.7,74.1,246.4,2.99,29.2,1.09,4.47,2.57
31.3,35.0,541.7,6.03,23.8,0.82,9.91,7.67
19.5,32.0,247.2,6.34,26.5,1.0,6.05,4.46
32.6,62.7,784.5,0.87,30.9,1.04,9.64,3.98
38.7,28.7,846.3,6.04,31.2,0.79,9.89,2.92
21.4,59.8,926.5,1.0,40.8,0.83,9.94,1.15
19.9,21.6,832.3,2.52,31.7,0.9,9.98,3.06
22.9,58.4,978.9,5.08,22.2,0.94,9.76,9.87
37.4,50.9,836.1,5.16,21.9,0.8,9.87,8.62
33.4,23.0,995.7,4.85,26.3,1.15,9.93,8.57
32.1,60.4,364.1,0.73,19.8,1.02,6.02,7.73
24.5,46.3,624.9,1.3,23.3,0.79,9.84,7.66
26.6,30.2,1044.8,6.12,37.3,0.97,9.94,1.35
43.1,39.7,779.3,0.99,37.8,0.87,8.18,0.99
24.3,49.4,946.8,0.97,30.8,1.08,9.79,4.25
41.4,21.4,225.8,5.51,29.5,0.81,10.19,4.21
33.1,82.0,941.0,4.35,24.8,0.74,10.09,6.53
21.2,61.6,793.1,2.61,31.1,0.67,9.8,2.53
30.2,22.2,345.1,1.49,36.2,1.14,7.25,1.16
42.7,72.6,221.8,5.81,34.1,0.83,5.13,0.62
28.9,37.6,420.9,6.43,13.1,0.76,9.79,12.0
40.4,56.8,978.4,0.8,33.9,0.9,9.99,1.44
24.7,34.4,767.9,3.82,33.6,0.8,9.61,1.43
32.8,66.3,981.5,2.07,15.0,0.77,9.76,12.0
39.9,65.6,579.2,5.49,16.5,0.96,9.71,12.0
41.9,53.6,996.1,2.58,35.6,0.69,9.95,0.96
30.6,31.9,593.5,4.79,28.8,0.9,9.58,4.87
34.6,32.8,373.6,3.74,36.6,0.84,8.88,1.05
18.1,41.8,328.7,3.75,17.5,0.92,5.99,7.88
24.6,25.2,1044.7,5.65,12.9,0.81,9.67,12.0
25.2,38.6,483.8,3.32,16.9,0.94,9.24,12.0
20.4,62.9,336.0,5.57,25.6,0.69,6.49,3.64
25.3,73.2,207.1,2.68,27.7,0.84,3.99,2.16
26.3,38.3,442.7,1.55,37.7,0.77,8.18,0.88
43.2,31.4,955.7,3.23,33.5,0.87,9.8,1.67
35.4,73.3,653.9,3.49,41.7,0.85,9.98,1.19
29.1,77.3,737.6,3.37,14.4,0.97,9.64,12.0
43.7,43.7,984.0,5.35,15.9,0.96,9.51,12.0
22.0,16.9,635.9,3.89,14.5,0.86,9.91,12.0
30.4,63.6,912.5,5.83,28.2,0.74,9.74,4.4
34.8,69.9,475.3,3.59,20.0,0.94,8.04,9.41
19.4,16.3,1030.5,1.85,32.5,1.13,9.88,3.04
36.6,56.7,267.0,1.28,16.0,0.74,4.69,5.42
20.6,56.2,816.1,5.71,15.1,0.68,9.67,10.76
21.6,41.5,761.5,0.84,25.8,0.78,9.44,5.86
22.2,67.5,362.9,1.21,23.3,0.86,6.16,5.22
42.2,45.0,530.5,0.88,36.9,0.8,6.94,0.78
35.8,62.4,465.9,3.04,37.1,1.07,8.1,1.21
35.0,51.2,280.3,3.7,15.5,0.9,6.55,9.36
32.4,32.4,697.1,0.62,36.4,0.77,10.07,1.09
25.6,57.5,1044.6,3.59,28.9,1.13,9.89,6.13
34.1,66.6,675.6,2.86,27.1,0.71,10.16,5.01
28.7,83.2,663.5,5.14,14.8,0.71,9.82,11.5
21.8,41.6,234.3,5.48,34.2,0.77,5.77,0.63
35.9,19.5,318.3,4.61,13.8,0.69,10.02,11.91
21.4,84.2,636.2,3.34,20.3,1.03,9.78,12.0
23.0,58.7,1037.4,1.8,14.9,0.81,9.84,12.0
39.3,81.3,945.1,5.58,27.9,1.01,9.44,6.02
35.2,22.3,489.2,2.55,31.4,1.03,10.06,3.75
34.4,38.9,661.6,2.64,38.7,0.77,9.86,1.06
28.9,24.4,669.8,6.0,34.0,0.91,9.78,1.37
28.3,73.5,782.6,6.35,40.8,0.91,9.94,1.27
35.9,76.6,784.6,5.89,34.8,1.09,9.62,1.46
37.2,50.1,871.3,6.49,20.9,0.66,9.72,7.54
31.3,28.1,221.2,5.71,28.4,0.81,8.04,3.83
43.2,23.9,1002.1,4.73,25.7,1.09,9.81,8.54
42.8,56.2,259.6,2.26,29.0,0.77,4.86,2.04
28.7,50.4,604.7,6.22,29.2,0.72,9.84,3.76
39.3,63.6,981.6,5.76,33.1,0.94,9.89,2.12
32.1,36.4,614.5,1.94,14.5,0.8,9.6,12.0
31.3,43.2,254.1,3.43,34.4,0.88,6.53,0.81
19.4,16.5,394.9,0.92,16.3,1.06,6.94,11.27
32.9,57.7,691.9,6.22,12.8,0.91,9.81,12.0
41.4,44.6,274.7,3.94,27.6,0.91,7.22,4.3
38.3,79.4,560.1,1.97,29.4,0.79,7.56,3.04
38.4,59.9,479.7,2.25,13.0,1.05,7.75,12.0
22.2,42.9,892.9,6.38,27.5,1.02,9.91,6.71
27.3,33.5,293.6,4.19,28.0,0.77,7.41,3.52
24.1,78.4,780.4,3.02,13.6,0.81,9.86,12.0
26.2,16.1,545.6,3.5,33.3,1.04,9.71,2.09
33.1,37.9,699.6,1.09,18.3,0.83,9.86,11.24
27.5,81.0,374.7,0.95,35.8,0.85,6.16,0.73
32.6,60.8,718.2,4.06,21.3,0.83,9.81,9.32
29.4,52.3,772.9,3.57,26.3,0.73,9.88,5.43
25.5,29.2,259.7,2.65,38.8,0.82,5.8,0.67
20.5,73.3,900.7,3.9,36.2,1.05,9.5,1.4
41.2,29.3,932.1,0.94,35.5,0.9,9.98,1.25
18.3,32.4,254.0,6.16,16.8,0.88,5.98,7.84
18.0,28.4,712.7,2.26,13.4,0.73,9.86,12.0
39.5,26.1,704.9,0.93,30.2,0.74,9.67,3.24
43.9,81.7,210.6,1.52,24.3,0.67,2.34,1.43
36.9,57.1,491.0,1.07,39.3,0.66,7.73,0.71
18.4,59.6,1023.6,1.57,22.5,0.89,9.77,9.18
23.9,81.8,672.1,3.0,24.3,0.85,9.84,7.64
43.3,31.1,993.2,4.93,27.8,0.79,9.54,4.8
39.0,15.4,774.3,2.13,35.9,1.15,9.86,1.58
32.7,56.9,224.1,3.12,20.0,0.85,5.44,5.73
24.2,50.5,266.1,6.07,40.3,1.04,6.41,0.94
18.4,48.4,813.9,2.27,28.2,0.76,9.83,4.5
18.5,19.3,671.4,5.27,37.2,0.77,9.75,1.06
33.9,46.8,308.1,1.45,27.8,0.93,6.22,3.72
18.6,35.1,722.0,1.57,35.2,0.65,9.98,0.91
43.8,34.2,888.7,3.24,13.5,0.66,9.74,11.2
22.8,30.6,840.0,1.9,36.0,0.72,9.85,0.99
36.5,38.3,409.2,5.92,27.7,0.76,9.83,4.82
22.0,39.7,419.5,0.8,25.5,0.91,7.35,5.5
32.0,36.6,1022.7,4.08,15.3,0.99,9.68,12.0
20.1,83.5,954.3,4.13,34.2,0.81,9.97,1.13
37.9,80.3,470.6,0.9,15.9,0.77,6.41,7.7
33.2,55.2,900.4,4.9,17.8,1.06,9.98,12.0
20.2,83.7,337.5,3.31,15.8,0.73,5.39,6.2
40.1,84.4,367.3,4.84,12.2,0.99,5.13,9.4
32.2,39.9,354.0,5.46,31.9,1.12,9.44,3.39
42.0,46.2,274.6,2.44,20.1,0.77,6.06,5.73
41.8,82.1,926.5,3.41,16.5,0.69,9.29,9.78
41.9,57.6,692.0,2.06,21.6,1.14,8.56,10.93
20.0,29.9,420.1,1.71,27.0,0.79,7.47,4.12
21.1,63.3,921.4,0.5,27.1,0.79,9.55,5.2
43.7,29.4,882.2,6.28,23.0,0.89,9.48,8.54
30.7,38.8,285.8,3.15,26.8,0.77,6.8,3.71
24.2,30.9,747.5,0.58,24.8,1.15,10.03,10.0
38.0,32.1,813.6,0.55,36.7,0.67,10.03,0.94
24.9,15.3,808.5,2.23,12.9,0.88,9.99,12.0
36.9,76.6,814.7,0.58,38.0,0.92,9.92,1.28
39.8,35.7,344.0,2.75,19.3,0.88,7.79,8.93
38.4,21.0,467.8,0.88,33.7,0.91,8.41,1.4
25.1,21.1,917.6,0.74,24.2,1.14,9.5,10.01
28.4,53.9,963.6,4.52,20.8,1.09,9.95,12.0
28.7,84.5,437.3,5.94,30.5,0.8,7.39,2.56
30.8,25.2,219.6,2.96,35.1,0.93,6.14,0.8
22.4,22.0,930.8,5.52,25.5,0.65,9.9,5.26
29.8,45.7,520.5,0.68,26.0,0.85,9.06,6.03
31.3,54.4,480.0,5.17,13.8,0.73,9.71,12.0
31.8,35.6,494.9,0.88,39.7,1.01,8.89,1.25
39.3,36.2,553.3,5.53,37.4,0.76,9.88,1.05
31.5,44.7,521.5,5.79,23.9,1.02,9.75,9.37
24.0,37.0,681.5,5.22,34.9,0.81,9.82,1.11
35.2,79.1,267.1,5.42,21.4,1.11,5.54,7.0
38.7,17.9,1025.8,3.87,33.9,0.87,9.76,1.38
26.3,31.4,996.0,2.09,27.5,1.07,9.76,6.9
34.8,71.6,994.2,4.36,25.8,0.96,9.82,7.5
21.8,73.4,947.4,3.14,13.7,1.14,9.77,12.0
26.9,22.8,761.3,0.53,41.0,1.02,9.92,1.42
41.6,83.2,387.9,3.36,37.1,1.01,4.98,0.71
41.7,63.5,242.1,4.41,35.8,0.78,5.57,0.61
33.0,34.1,284.4,0.58,21.1,0.9,5.46,5.69
36.3,46.9,475.4,4.23,20.7,0.8,10.1,9.56
40.2,35.8,628.3,4.42,29.2,0.66,9.82,3.43
42.9,25.5,1044.3,1.45,37.4,1.01,9.54,1.34
30.7,35.4,570.1,3.09,40.0,0.77,10.08,1.08
32.6,55.6,645.9,6.29,20.1,0.85,9.97,10.48
28.8,72.8,790.9,5.81,30.2,0.79,10.04,3.57
19.9,40.4,353.6,2.96,33.7,0.75,6.89,0.92
29.0,39.4,992.9,2.6,18.8,0.68,10.2,9.33
38.6,47.8,649.7,1.24,24.2,0.82,9.47,7.1
38.9,60.1,434.8,0.71,17.6,0.69,6.15,6.08
41.2,67.6,994.8,2.28,33.0,0.92,9.73,2.11
19.3,37.9,731.6,6.14,37.9,0.66,9.72,0.9
31.7,56.0,611.1,6.25,38.3,1.12,9.82,1.54
20.8,42.3,693.1,5.38,32.1,1.13,9.73,3.34
23.2,65.1,836.1,2.6,22.4,0.8,9.62,8.16
41.4,26.5,331.4,1.36,31.8,0.78,6.43,1.63
30.9,33.0,935.1,4.07,37.9,0.7,9.76,0.96
37.7,44.8,1015.6,4.38,30.8,1.1,9.97,4.47
19.7,77.3,681.9,3.05,24.4,0.94,9.71,8.28
28.8,55.1,779.9,4.65,39.6,0.96,9.92,1.33
35.5,82.6,930.9,4.98,37.1,1.1,9.6,1.48
21.5,22.2,518.6,5.2,38.5,1.11,9.32,1.44
26.5,47.2,1043.9,3.51,39.1,1.06,9.78,1.46
19.7,44.3,778.4,5.25,23.8,1.04,9.71,9.54
34.9,57.0,560.4,0.65,37.8,1.09,8.61,1.31
43.2,71.8,775.7,4.58,29.1,1.09,7.94,4.63
39.5,73.9,643.4,1.91,13.1,0.83,8.24,12.0
43.3,61.9,294.9,2.12,31.1,1.14,4.25,1.85
40.0,59.9,876.5,1.05,26.1,1.0,9.67,7.46
40.2,81.4,679.7,1.65,20.3,0.84,7.7,7.87
33.0,41.9,876.5,6.45,41.1,0.87,9.48,1.16
31.5,73.3,331.7,2.99,13.7,0.99,5.67,9.79
28.6,79.5,657.6,6.07,40.4,0.83,10.17,1.18
39.3,49.4,851.6,1.48,16.8,1.06,9.79,12.0
22.7,66.0,1040.1,1.72,23.3,0.72,10.03,7.17
19.5,41.4,951.7,3.85,24.5,1.1,9.77,9.63
42.6,26.1,934.7,2.6,33.9,0.8,9.78,1.26
18.1,56.1,410.3,4.36,18.5,0.73,7.31,7.24
43.4,28.8,912.3,3.03,41.6,1.08,9.9,1.49
37.0,47.0,343.9,5.37,34.5,0.77,8.67,0.93
26.5,76.1,368.4,3.09,35.7,1.07,6.41,0.96
36.1,21.0,293.6,3.93,15.2,0.8,9.04,11.67
39.3,17.1,929.0,2.43,26.3,1.12,9.51,8.02
24.4,57.5,292.0,4.72,40.4,0.76,6.34,0.67
38.0,38.2,317.4,4.43,20.1,0.68,8.82,7.47
38.9,44.3,409.0,2.88,16.4,1.12,7.8,12.0
24.5,43.4,686.8,2.16,26.6,0.73,9.67,5.2
19.1,21.1,948.2,4.18,39.9,1.12,9.82,1.54
23.3,15.2,555.5,6.16,26.6,1.06,9.93,7.7
23.2,77.9,664.3,1.3,24.1,0.69,10.03,6.39
19.7,30.2,341.5,5.29,31.5,0.87,7.29,2.22
36.9,44.8,426.1,3.76,40.1,0.69,9.38,0.9
27.9,83.0,313.8,3.65,13.5,0.81,5.46,7.8
41.0,72.9,548.4,6.27,16.6,0.83,8.44,10.51
24.6,22.6,701.8,4.14,16.0,0.95,9.88,12.0
29.8,50.6,441.4,5.48,14.6,1.14,9.56,12.0
34.6,66.1,919.1,3.59,21.1,0.73,9.84,8.4
40.8,63.9,1034.1,2.0,18.9,0.81,10.1,10.95
31.6,68.3,302.1,4.67,28.5,0.94,6.29,3.48
27.7,47.0,215.2,6.04,21.8,0.74,6.09,4.94
40.5,27.3,871.3,5.55,24.2,1.01,9.67,8.96
26.1,47.5,362.0,1.69,40.3,0.85,7.01,0.84
20.1,60.4,500.2,2.4,16.7,1.12,8.52,12.0
29.6,57.6,535.1,3.6,23.7,0.96,9.57,8.86
38.4,19.9,979.1,3.93,19.7,0.83,9.56,10.07
18.8,19.5,760.0,1.66,28.5,1.01,9.8,5.79
33.2,82.6,234.5,1.88,34.1,1.07,4.05,0.64
33.5,25.6,212.6,5.05,36.5,1.05,7.91,1.16
42.1,35.6,369.6,4.88,27.5,0.78,9.55,4.96
25.4,68.7,470.4,5.54,37.6,0.86,8.55,1.03
25.2,43.7,611.8,6.1,35.6,0.88,10.05,1.23
29.5,27.7,912.2,2.35,16.7,0.84,9.87,12.0
27.3,47.7,467.6,5.66,19.4,0.81,9.95,10.37
37.1,54.8,520.1,4.5,32.2,1.03,9.97,3.06
34.7,46.7,479.9,6.25,41.2,0.66,9.71,0.89
37.7,79.3,207.6,2.13,23.3,0.8,3.48,2.74
39.3,34.9,1011.9,2.12,18.9,0.72,9.77,9.37
42.0,61.3,318.1,4.73,38.1,0.71,6.68,0.67
29.2,22.9,444.5,6.07,18.0,0.79,9.96,11.01
43.6,42.5,309.9,5.45,32.9,1.03,9.18,2.27
23.6,66.9,617.0,4.86,13.0,1.13,9.92,12.0
36.6,30.7,992.3,2.82,12.6,0.91,9.92,12.0
31.9,56.3,285.6,4.81,25.5,0.82,7.05,4.7
39.2,25.7,574.8,5.31,31.7,1.06,9.77,3.48
30.4,22.2,219.0,5.02,16.3,0.68,7.84,8.22
38.4,51.6,855.3,4.56,34.9,0.7,9.89,0.96
42.2,62.3,745.0,0.78,15.9,0.82,7.73,9.96
37.0,22.9,794.7,4.46,28.0,0.87,9.77,5.31
38.2,79.2,601.5,3.37,21.2,1.05,8.29,9.98
19.7,30.8,971.5,6.27,34.6,1.11,9.85,1.53
23.3,23.4,548.1,4.14,36.1,0.92,9.85,1.26
43.3,29.2,637.0,4.15,14.0,0.9,9.71,12.0
36.0,26.9,791.0,6.46,17.8,0.76,9.79,10.49
32.6,21.3,642.5,1.06,38.8,0.88,9.67,1.19
27.5,70.8,360.9,2.16,24.5,1.11,6.23,6.21
19.2,49.7,469.5,4.44,26.3,0.85,8.41,5.37
27.6,42.2,278.5,2.39,17.0,0.76,5.79,6.45
31.0,81.5,567.7,2.58,41.8,0.82,9.01,1.03
23.5,41.0,718.0,5.86,39.7,0.91,9.91,1.26
22.5,26.7,300.8,3.98,12.1,0.95,7.08,12.0
31.2,34.2,736.0,1.12,28.5,0.87,10.11,5.09
33.2,31.7,958.9,2.37,38.2,1.03,9.74,1.4
24.2,49.9,487.1,0.96,24.9,0.94,8.55,6.94
33.3,35.4,388.7,3.84,25.1,0.98,9.11,7.59
41.4,51.1,959.1,1.54,23.4,1.08,9.76,10.36
30.3,61.9,788.2,5.64,12.9,1.08,9.86,12.0
40.3,69.4,289.6,3.96,35.7,0.75,5.64,0.59
42.1,64.7,546.9,0.86,25.7,0.96,5.93,4.57
20.4,29.4,773.0,2.31,27.9,1.01,9.72,6.15
20.5,23.1,688.2,4.2,19.7,0.72,9.74,8.94
30.4,53.0,725.8,2.51,35.5,1.07,9.71,1.46
33.3,28.9,682.1,3.58,35.8,0.74,9.98,1.03
29.1,20.9,878.4,5.96,28.6,1.05,9.69,5.86
26.5,51.9,472.4,2.6,39.1,0.73,8.61,0.88
34.7,37.9,802.2,2.52,15.5,1.02,9.85,12.0
18.1,67.9,1042.4,5.42,35.6,0.72,9.83,1.0
43.2,37.0,531.5,2.41,28.8,0.84,7.92,3.74
24.0,83.5,872.4,0.97,18.9,0.72,10.05,9.63
41.8,68.1,409.2,1.59,16.0,0.79,5.11,6.25
20.8,19.0,439.6,6.19,21.0,1.14,9.77,12.0
24.2,50.6,994.6,6.1,37.7,0.7,9.51,0.94
24.1,54.4,222.0,1.85,35.6,0.85,4.36,0.52
43.9,63.7,384.8,3.82,31.4,0.99,5.35,1.91
18.1,49.8,610.5,1.32,14.7,0.7,9.66,11.16
34.6,48.8,541.6,4.55,40.6,0.7,9.51,0.94
40.6,40.8,734.8,1.61,21.2,0.72,9.67,8.05
35.5,34.0,363.8,0.8,30.2,0.97,6.75,2.95
27.4,81.2,260.0,5.45,36.1,1.1,4.91,0.76
42.9,37.2,513.9,2.45,16.0,1.06,7.98,12.0
41.2,19.4,645.7,1.15,31.6,1.14,9.55,3.76
29.3,26.7,677.7,5.5,13.0,0.94,9.72,12.0
32.9,75.0,711.3,5.07,15.1,1.13,9.79,12.0
43.2,56.1,666.4,4.6,33.7,0.8,9.12,1.31
43.5,69.5,408.9,5.97,16.7,0.86,6.5,8.42
29.7,71.6,849.9,3.44,25.3,0.85,9.77,6.89
40.0,72.6,274.6,1.27,19.4,0.67,4.0,3.47
25.9,53.5,368.6,0.87,24.6,1.06,6.62,6.23
27.7,27.4,828.5,2.41,14.3,0.66,9.89,11.05
22.3,25.4,437.8,1.02,34.6,1.01,7.87,1.12
23.4,55.2,619.5,3.71,14.4,0.85,9.98,12.0
35.1,40.7,478.1,0.59,37.1,0.65,8.01,0.73
31.3,54.1,630.9,3.16,31.9,0.79,9.78,2.49
24.0,49.9,494.7,1.57,24.5,0.82,8.64,6.36
28.5,57.2,1045.1,2.71,38.0,1.13,9.82,1.56
27.7,17.2,503.9,4.55,17.6,0.98,9.66,12.0
43.7,17.3,733.0,2.61,19.9,0.92,9.52,10.96
40.2,65.5,955.1,2.55,16.1,0.71,9.84,10.86
28.1,28.5,742.2,6.44,23.4,0.85,9.93,8.19
41.8,60.7,681.0,4.81,41.6,0.67,9.65,0.9
26.9,53.3,683.8,3.58,16.8,1.03,9.96,12.0
35.4,83.7,622.0,3.98,36.9,0.73,9.1,0.93
43.1,73.5,886.4,4.22,31.6,0.95,8.55,2.8
28.1,43.9,242.9,0.65,12.5,1.0,4.98,9.11
35.7,58.1,952.4,0.98,40.3,0.83,9.85,1.15
25.7,23.2,698.3,4.4,41.1,0.97,9.75,1.32
24.9,42.0,921.5,2.69,39.7,1.03,9.84,1.42
32.9,66.4,208.8,0.83,27.1,0.74,4.02,2.08
43.5,58.6,938.9,2.29,18.6,0.95,8.43,10.84
29.8,48.9,302.1,1.28,23.7,1.02,6.01,5.83
42.4,27.4,813.0,6.0,30.4,0.83,9.73,3.49
41.8,71.2,554.0,1.72,23.4,0.73,6.49,4.66
24.6,34.1,778.9,1.36,33.2,0.79,9.71,1.65
28.4,72.4,734.0,4.26,35.9,1.12,10.05,1.57
34.7,57.8,338.9,3.63,18.3,0.83,7.04,8.04
31.5,41.1,637.4,3.96,24.1,0.7,9.6,6.23
20.5,17.8,435.6,3.12,40.7,0.69,8.63,0.83
43.8,31.3,676.4,3.3,19.5,0.74,9.88,9.39
37.6,77.2,827.3,5.17,22.4,0.71,9.98,7.54
29.4,72.3,269.1,1.82,13.1,0.9,4.87,7.8
34.1,55.2,638.4,2.88,22.0,0.82,9.92,8.92
20.3,47.6,725.0,6.25,23.1,1.07,9.74,10.44
30.9,60.3,451.1,1.64,15.0,1.09,7.95,12.0
42.2,47.6,1010.1,2.26,12.0,0.89,9.85,12.0
41.3,60.1,642.3,1.65,29.3,1.09,7.56,4.34
26.8,36.5,355.1,0.62,21.0,0.88,6.37,6.49
31.8,73.7,291.6,2.12,12.5,0.97,5.22,9.25
36.1,64.1,660.4,0.78,37.8,0.73,9.69,0.99
26.8,38.1,519.0,1.43,29.5,0.68,9.36,3.18
19.7,73.1,363.7,2.68,17.1,0.73,6.1,6.54
31.1,49.1,226.1,0.62,38.0,0.78,4.6,0.5
33.6,27.2,681.6,5.02,19.6,1.03,9.85,12.0
18.2,20.4,708.8,5.27,18.8,0.74,9.45,9.3
20.5,64.0,320.5,2.97,38.8,0.72,6.01,0.6
23.4,75.6,711.5,6.41,17.4,1.11,9.51,12.0
27.0,71.5,1009.2,4.57,38.4,0.99,9.94,1.38
32.1,60.9,1031.6,4.96,36.1,0.89,9.57,1.19
25.6,24.9,955.2,1.65,21.3,0.7,10.01,7.99
25.2,21.6,886.0,5.52,13.0,1.08,9.76,12.0
40.6,39.2,378.0,6.17,14.5,0.7,9.86,11.62
21.8,74.8,333.0,1.92,15.3,0.96,5.32,8.19
30.9,82.3,578.2,4.62,38.7,0.98,9.65,1.33
42.8,31.9,726.7,4.98,24.1,0.85,9.86,7.75
34.3,68.3,923.1,2.33,13.0,1.11,9.89,12.0
36.6,55.2,397.2,3.35,28.7,0.68,7.92,3.04
29.2,17.2,607.7,1.09,18.2,1.06,9.83,12.0
18.5,53.0,750.3,1.54,19.1,0.93,9.77,11.93
34.8,71.4,578.8,0.87,16.8,0.96,8.58,12.0
34.4,34.3,586.1,3.86,34.9,1.14,9.73,1.56
20.9,77.8,391.3,4.25,12.0,0.94,6.84,12.0
30.0,31.5,1038.7,6.0,25.2,1.05,9.67,8.54
41.8,20.4,603.9,3.75,14.6,0.73,9.52,11.52
23.3,26.2,652.8,2.06,28.6,1.05,9.65,5.88
30.0,73.6,385.8,0.86,22.4,1.03,6.46,7.05
30.0,44.2,637.0,5.81,12.9,1.13,9.75,12.0
39.1,70.8,417.0,3.37,25.8,1.12,6.8,6.01
39.4,52.2,372.0,4.92,29.1,0.76,8.15,3.3
37.7,48.6,434.4,0.59,19.4,0.88,6.37,7.24
27.5,71.5,202.3,3.43,35.0,1.11,4.19,0.65
19.9,44.6,684.6,2.45,23.1,0.97,9.95,9.66
27.1,71.1,529.4,0.68,34.5,0.88,8.39,1.04
35.7,22.0,963.9,5.15,29.4,0.7,9.88,3.59
36.3,59.5,234.6,3.58,38.1,0.83,5.72,0.66
43.1,64.2,236.7,2.5,28.4,0.98,4.17,2.42
29.8,77.9,953.0,5.33,17.6,1.04,9.94,12.0
34.4,30.7,307.6,3.18,36.7,0.87,7.86,0.96
32.0,57.3,201.8,0.52,35.5,0.68,3.81,0.36
21.9,45.3,352.1,6.17,41.2,0.97,7.75,1.05
30.0,41.8,900.3,2.03,14.8,1.11,10.09,12.0
32.2,22.5,882.3,5.48,29.7,0.9,9.72,4.25
42.7,24.4,489.1,5.4,26.8,1.11,9.79,7.85
27.5,73.6,767.8,1.47,32.1,0.83,9.65,2.41
43.5,67.5,631.2,3.34,41.4,1.09,6.72,1.03
32.1,41.8,969.0,0.74,28.0,1.04,9.78,6.37
24.3,73.0,248.0,2.63,32.6,1.13,4.72,1.42
23.0,20.7,891.2,4.89,22.4,1.05,10.01,11.06
21.7,58.7,345.0,1.92,21.0,0.81,6.21,5.89
29.8,75.8,532.9,1.2,22.1,1.1,8.76,10.45
18.6,73.7,363.2,3.54,13.2,0.98,5.97,10.45
29.6,41.1,797.2,3.72,20.5,0.73,9.66,8.49
43.7,67.2,776.6,4.55,17.2,0.67,8.05,7.92
35.4,44.9,665.7,5.05,25.7,0.83,9.8,6.53
37.8,73.8,793.4,4.67,25.8,1.04,10.1,8.34
21.1,52.2,743.6,5.57,35.0,0.96,9.51,1.28
30.3,68.5,860.0,1.84,27.1,0.91,9.89,6.28
25.4,20.5,403.5,3.92,25.9,0.65,9.17,4.7
41.2,56.3,564.6,2.66,18.9,0.87,8.06,9.27
22.7,53.5,328.9,6.27,37.6,0.73,6.93,0.71
29.9,57.7,565.2,3.14,14.7,0.88,9.75,12.0
33.3,63.7,796.4,6.26,41.5,1.15,9.55,1.53
31.4,79.3,787.7,5.11,26.3,1.09,10.02,8.25
39.6,70.0,803.0,4.81,17.6,0.81,10.21,11.77
24.0,30.4,462.5,3.45,22.6,0.95,9.21,9.07
27.8,72.8,762.9,3.16,12.5,0.9,9.7,12.0
38.6,23.5,512.3,3.66,17.0,0.72,9.6,10.15
31.7,58.6,1002.8,2.26,22.1,1.14,9.64,11.96
28.5,76.8,491.9,5.93,28.6,0.86,8.74,4.32
18.8,22.1,712.6,5.27,15.9,0.9,9.98,12.0
37.6,74.5,837.6,5.31,32.3,0.97,10.28,2.9
43.3,70.9,970.4,3.1,37.3,0.75,8.59,0.9
34.1,50.3,572.2,0.93,29.2,0.76,9.21,3.72
40.3,36.6,506.4,4.6,20.9,0.75,9.62,8.43
31.4,43.4,565.5,2.75,15.6,0.84,9.87,12.0
24.0,82.8,475.1,5.72,12.5,0.75,8.17,11.21
18.4,29.1,755.8,5.18,34.0,1.11,9.82,1.74
35.0,55.6,992.8,1.37,30.9,1.01,9.73,3.92
30.8,20.8,307.2,4.11,26.3,1.1,8.73,7.25
38.3,30.3,676.8,4.65,15.1,1.07,9.91,12.0
36.1,68.4,963.0,3.91,18.2,1.0,9.91,12.0
43.7,36.2,285.1,3.58,36.5,0.77,7.56,0.82
31.3,84.0,619.8,1.87,26.4,0.96,9.62,6.88
29.1,50.1,935.4,1.92,40.9,0.74,9.69,1.01
25.5,51.2,965.4,5.11,42.0,0.72,9.88,0.99
30.4,17.5,637.2,0.61,36.0,0.97,9.86,1.33
40.7,82.0,221.2,5.17,19.7,0.96,4.1,4.98
19.1,27.2,289.8,3.66,18.9,0.73,5.86,5.66
43.4,52.7,698.7,6.12,19.6,0.83,9.85,10.38
43.8,42.7,305.3,6.48,41.6,0.68,9.75,0.93
33.5,44.1,327.0,4.48,22.1,1.01,7.95,8.68
26.6,60.0,856.3,2.97,33.2,1.14,9.91,2.47
23.8,61.3,838.1,3.35,40.8,1.02,9.83,1.4
25.2,25.8,916.4,1.73,36.6,1.07,10.15,1.52
19.3,50.0,289.9,1.1,29.9,0.89,5.12,2.15
30.4,70.3,368.4,3.97,17.1,0.7,6.87,7.06
19.5,46.0,908.0,5.33,17.2,1.01,9.78,12.0
36.7,26.6,812.9,2.07,26.8,0.78,9.62,5.38
27.7,36.9,885.1,3.02,40.6,0.84,9.98,1.18
23.2,29.9,1041.3,3.83,39.1,1.0,9.85,1.38
32.2,23.8,934.8,5.95,17.0,1.1,9.85,12.0
43.3,41.4,642.4,1.33,20.6,0.89,7.06,7.54
36.1,52.9,464.2,1.92,29.7,1.13,8.18,4.56
30.8,20.1,684.2,6.01,26.3,0.91,9.66,6.62
38.2,57.3,742.8,0.74,15.6,0.71,9.72,10.98
37.2,84.5,485.0,4.44,23.1,0.91,7.23,6.61
41.2,82.5,855.3,4.34,40.6,1.08,9.51,1.44
23.3,73.0,278.8,2.8,40.5,0.92,4.89,0.63
40.3,33.6,862.5,3.31,28.8,1.02,9.79,5.63
25.8,16.6,227.2,5.63,31.1,0.92,7.6,2.7
42.5,73.3,623.3,1.49,18.7,0.92,6.4,7.96
25.3,18.9,932.2,1.89,34.3,0.79,9.91,1.1
42.1,29.4,273.5,3.57,13.6,0.75,8.3,10.87
43.1,53.1,640.1,2.96,18.6,0.79,8.02,8.56
21.8,27.5,335.5,3.95,12.2,0.87,7.43,11.98
43.3,73.4,960.6,6.03,23.6,1.05,9.37,9.55
20.2,69.4,907.5,6.0,37.5,1.06,9.87,1.47
23.7,67.9,993.8,1.88,41.5,0.73,9.93,1.02
29.5,72.1,943.7,2.31,32.0,0.93,9.79,2.8
43.8,30.4,826.1,1.47,34.3,0.86,8.3,1.0
30.7,66.0,357.2,6.07,19.9,0.94,7.55,8.86
32.3,39.9,457.1,2.89,27.6,0.97,9.11,5.79
36.1,61.7,622.3,3.2,34.1,0.79,9.88,1.15
43.2,23.5,700.6,5.32,26.9,1.11,9.94,7.79
38.4,64.4,864.9,3.58,14.7,1.12,9.87,12.0
23.8,83.0,392.9,1.22,34.2,0.7,6.45,0.63
25.9,18.1,309.0,3.13,18.6,1.0,7.47,10.14
20.5,21.6,610.2,4.28,14.9,0.67,9.93,10.85
34.8,23.7,334.2,4.82,26.3,0.67,9.68,4.9
22.7,45.1,789.7,4.37,14.2,1.13,9.57,12.0
24.7,35.4,689.3,1.22,30.9,1.0,9.84,3.91
41.1,71.5,829.9,2.33,31.2,0.81,9.73,2.94
26.5,48.2,253.9,4.9,19.7,0.98,5.98,7.46
32.7,48.9,1020.0,5.78,40.9,1.07,9.81,1.47
28.3,65.2,200.0,0.78,36.7,1.09,3.89,0.59
19.9,40.3,476.6,0.75,15.3,0.66,7.97,8.47
27.4,39.7,777.7,4.36,34.5,1.06,10.03,1.49
28.6,68.0,238.4,3.79,22.6,1.08,5.17,5.8
41.3,69.6,270.8,1.43,34.5,0.95,3.96,0.53
26.4,16.0,265.2,3.79,36.0,0.89,7.13,0.89
27.9,25.1,694.3,6.35,16.5,0.71,9.75,10.41
38.4,29.9,961.5,4.29,31.9,0.77,9.82,2.44
37.7,39.6,672.1,3.19,37.9,0.9,9.62,1.21
38.8,35.4,713.0,5.47,21.7,1.08,9.6,11.55
42.8,61.8,494.1,1.78,14.4,1.05,5.5,9.71
38.7,73.0,215.9,2.99,12.8,0.9,4.18,6.77
28.6,28.4,218.4,3.67,15.3,1.04,6.55,11.0
39.4,54.4,955.1,3.53,12.1,1.03,9.5,12.0
31.2,40.7,287.2,6.03,21.8,0.94,8.22,8.53
25.2,50.4,1049.8,2.26,21.0,0.76,9.77,8.67
25.9,58.5,339.8,0.84,15.3,0.82,5.94,7.88
23.8,77.6,773.4,6.0,31.5,0.73,9.99,2.54
21.8,28.5,1006.6,1.8,41.8,0.65,9.67,0.88
22.8,21.1,507.9,2.77,39.0,0.69,9.5,0.92
19.6,58.9,824.3,3.69,19.6,1.03,9.72,12.0
41.1,42.6,498.2,6.36,35.1,0.67,9.7,0.91
42.2,26.4,459.2,3.71,40.1,0.85,9.47,1.13
33.3,23.2,371.5,3.19,39.2,1.14,9.04,1.45
39.9,54.1,897.8,4.0,38.5,1.05,9.62,1.41
22.8,36.0,418.8,6.32,35.6,1.03,9.22,1.32
41.4,84.8,440.7,5.41,20.8,0.79,5.6,5.21
31.2,43.4,1049.1,1.51,14.5,0.97,9.64,12.0
19.7,29.9,478.2,5.32,26.6,0.9,9.64,6.31
21.7,59.0,559.4,5.55,13.6,0.96,9.76,12.0
26.0,32.1,1041.5,4.64,42.0,0.87,9.81,1.19
19.1,49.6,513.9,4.44,22.7,0.92,9.24,8.72
26.0,48.8,511.2,3.15,40.8,1.14,9.59,1.54
19.6,46.7,903.6,4.35,35.2,0.81,9.82,1.12
24.1,70.7,465.1,4.93,24.3,0.76,8.23,5.66
24.9,30.2,398.7,1.24,15.5,0.87,7.31,10.16
43.9,78.3,559.7,2.04,19.1,0.91,4.46,5.35
24.1,70.4,795.5,1.66,32.2,0.69,9.66,1.98
24.2,38.3,236.8,5.55,36.9,1.05,6.4,0.94
35.9,27.6,517.8,4.58,41.4,0.86,9.78,1.18
40.3,34.6,494.3,3.2,16.0,0.86,9.82,12.0
28.1,38.3,408.1,5.46,16.7,0.98,9.33,12.0
40.8,54.0,756.1,4.8,13.3,1.04,9.63,12.0
26.8,18.2,446.5,5.98,19.8,1.14,10.05,12.0
23.1,79.0,715.7,0.96,36.6,0.74,9.78,1.01
26.6,21.9,628.7,3.55,17.9,0.82,9.94,11.48
33.8,34.5,384.6,4.74,28.4,0.73,9.47,4.09
27.5,22.7,426.6,1.74,25.4,1.09,8.45,7.6
35.5,33.0,345.0,2.46,21.8,0.92,7.95,8.13
24.2,73.6,248.1,3.01,30.6,1.08,4.35,1.98
36.2,58.1,726.3,5.27,27.1,1.14,10.14,8.05
27.0,30.9,771.9,3.46,22.0,0.93,9.83,9.87
29.9,76.0,341.1,3.46,32.7,0.71,6.02,1.11
32.5,71.0,723.1,3.09,20.4,0.83,9.85,9.93
35.8,67.8,1034.8,1.87,31.3,0.67,9.97,2.44
24.2,74.3,263.2,6.04,40.7,1.07,5.12,0.77
39.7,58.4,616.8,2.41,33.9,0.66,8.94,0.98
36.8,50.1,823.1,3.9,24.6,0.95,9.84,8.29
24.1,41.2,239.1,1.39,34.4,0.7,4.86,0.48
43.3,30.7,861.5,3.11,36.3,0.65,9.77,0.89
35.3,54.0,1032.6,5.92,21.8,0.78,9.86,8.49
29.8,77.3,275.2,6.47,33.2,0.93,5.77,1.18
22.1,56.6,898.9,2.67,25.0,0.69,9.83,5.76
31.9,79.4,521.8,1.42,36.6,0.96,8.11,1.09
22.3,40.0,322.5,2.39,20.9,0.99,6.29,7.3
29.2,63.7,619.2,2.46,40.1,1.13,10.06,1.6
28.6,60.4,260.8,4.37,29.2,1.1,5.85,3.38
36.7,61.9,643.8,3.48,22.6,0.93,9.99,9.72
23.0,60.2,216.5,5.11,24.6,1.05,4.75,4.42
39.4,30.5,819.3,4.71,22.4,0.83,9.84,8.64
26.5,25.1,614.8,2.01,16.4,0.94,9.92,12.0
29.5,83.5,590.1,5.21,14.1,0.85,10.02,12.0
38.1,18.2,366.8,5.58,21.7,0.82,9.98,9.12
34.3,47.7,507.1,4.09,25.8,1.01,9.63,7.78
26.0,44.8,354.6,6.07,22.9,0.8,8.44,6.89
28.0,40.2,825.1,5.2,12.4,0.84,10.05,12.0
26.0,69.7,369.2,4.07,29.4,0.83,6.76,2.91
33.5,67.2,724.2,5.94,16.3,1.09,9.67,12.0
26.6,78.4,437.7,4.1,18.3,0.74,7.6,7.68
36.9,42.7,758.4,3.63,15.6,0.84,9.83,12.0
33.1,54.5,659.4,2.64,27.6,1.09,9.75,6.96
21.8,77.5,559.9,5.8,14.9,0.66,9.33,10.09
26.1,84.6,772.1,1.24,19.7,1.12,10.02,12.0
23.8,82.9,553.4,3.34,25.6,1.1,8.96,8.01
28.1,65.2,898.2,3.72,17.0,0.86,9.72,12.0
31.4,25.0,820.2,3.83,25.4,0.98,9.82,7.91
31.2,16.6,659.5,4.41,22.3,1.15,9.58,11.71
37.6,72.8,945.5,3.53,37.8,0.93,9.57,1.24
22.9,73.9,904.5,2.04,35.8,0.7,9.74,0.95
42.6,67.2,652.1,5.64,41.8,1.08,8.99,1.36
26.9,34.6,258.2,4.45,27.9,0.72,6.77,3.07
25.8,59.8,681.1,5.65,29.3,0.78,9.49,3.87
35.8,37.1,502.0,2.16,40.4,1.09,9.62,1.46
38.9,46.5,659.1,4.32,24.0,0.78,9.92,7.21
27.8,41.8,750.1,4.79,28.7,1.02,9.83,5.73
37.4,79.0,748.1,2.8,23.4,0.87,9.82,8.43
41.0,31.4,772.5,5.37,28.4,1.03,9.9,6.05
37.9,55.4,777.4,0.52,14.4,0.77,10.15,12.0
18.9,40.3,292.9,4.07,35.5,0.86,6.04,0.73
39.5,61.4,363.0,4.18,41.6,0.81,7.16,0.81
38.1,54.5,736.0,3.7,14.0,0.77,9.62,12.0
35.4,79.7,546.9,4.28,36.0,0.81,8.69,0.98
37.8,22.1,848.4,1.5,19.3,0.81,9.92,10.48
43.5,30.4,306.2,4.61,17.9,1.13,9.38,12.0
29.2,68.6,362.8,2.51,32.8,0.92,6.47,1.47
19.7,40.8,674.7,3.21,13.3,0.88,9.88,12.0
30.0,26.6,625.6,2.5,25.9,0.9,9.65,6.84
19.2,50.2,426.4,3.34,12.0,1.15,7.72,12.0
25.7,60.6,547.1,4.23,28.6,0.98,9.73,5.45
33.3,18.1,229.7,5.53,25.9,1.0,8.77,6.93
26.1,35.4,231.5,3.4,39.5,0.81,5.68,0.64
35.8,71.7,280.7,2.44,33.6,0.89,5.04,0.83
39.4,51.4,690.3,3.43,15.8,0.74,9.88,11.53
28.9,17.5,934.2,4.63,22.6,0.99,9.87,10.18
41.4,34.7,421.2,2.58,39.9,0.82,7.98,0.92
20.1,59.7,228.8,2.99,33.8,1.02,4.39,0.78
39.8,29.0,802.3,3.88,29.8,0.76,9.72,3.53
39.5,72.9,927.0,2.26,28.8,0.85,9.75,4.67
26.4,62.4,317.4,1.75,23.9,0.89,5.64,4.68
25.8,48.0,527.9,1.34,29.6,0.73,9.21,3.39
25.9,79.1,334.9,2.62,35.1,0.68,6.25,0.6
39.1,42.4,290.4,0.79,15.8,0.81,5.55,7.05
39.6,31.5,750.9,4.0,41.1,0.92,9.65,1.25
26.6,61.3,1022.4,1.56,19.2,0.98,9.81,12.0
33.4,55.1,776.4,2.76,25.4,0.86,9.75,6.92
21.6,38.5,1037.1,2.12,12.7,0.9,9.82,12.0
30.2,39.1,569.2,4.28,28.5,0.92,9.94,5.33
44.0,42.9,963.2,5.6,23.5,0.91,9.78,8.64
22.1,35.4,374.3,4.3,19.5,0.7,7.69,6.86
42.6,64.7,300.2,3.76,41.6,0.85,5.6,0.67
39.4,60.6,797.1,4.51,24.8,0.75,9.61,6.27
43.3,45.9,515.7,0.68,24.4,0.92,5.65,4.66
22.7,42.8,470.0,1.24,25.9,1.03,7.98,6.46
23.6,40.6,770.6,1.07,15.5,0.94,9.65,12.0
18.4,34.8,483.5,1.09,23.8,0.76,8.2,5.92
36.8,21.0,686.7,2.06,22.1,0.75,9.7,7.91
34.7,33.8,454.5,3.69,26.0,0.67,9.52,4.97
22.6,37.5,866.2,1.19,37.7,0.86,9.69,1.17
38.6,53.3,465.5,6.11,17.8,0.87,9.68,11.88
25.8,69.2,654.7,5.63,30.2,0.77,9.61,3.31
21.5,42.7,219.7,6.33,13.1,1.03,5.75,10.56
29.0,81.1,873.0,0.76,21.5,0.84,9.57,9.1
20.4,72.9,727.3,5.61,26.2,0.98,9.71,7.3
24.8,83.9,363.4,5.32,14.2,0.97,6.34,10.42
27.7,76.3,383.1,5.91,28.3,0.95,7.11,4.05
40.1,58.2,423.1,3.67,21.3,1.1,7.56,9.54
38.6,56.9,690.1,5.23,41.8,0.66,9.69,0.89
29.5,24.1,666.1,0.81,30.9,0.68,9.62,2.59
36.8,65.6,432.8,0.96,19.3,1.01,6.52,8.55
32.8,57.0,790.0,1.21,15.1,0.83,9.9,12.0
26.9,50.5,955.7,5.99,13.2,1.14,9.73,12.0
36.9,63.5,237.0,0.87,14.7,0.76,4.19,5.25
35.8,46.1,554.6,1.1,32.4,0.74,9.25,1.92
34.1,51.7,704.5,6.08,37.6,0.94,9.89,1.31
34.1,42.9,698.5,1.14,16.7,0.79,9.61,11.39
35.8,65.2,216.6,5.72,24.1,0.82,5.84,4.45
28.0,76.4,379.0,5.24,22.6,1.11,7.16,8.27
40.6,73.9,252.6,0.74,31.3,0.66,3.4,0.82
22.2,70.0,683.6,0.63,17.5,0.92,9.56,12.0
41.0,16.0,748.6,3.71,40.6,0.82,9.73,1.11
26.9,78.8,335.8,6.48,33.9,0.82,6.39,0.88
21.3,34.2,483.1,5.77,40.7,0.77,9.89,1.07
33.6,77.2,480.3,2.36,20.3,0.72,7.63,6.67
27.8,28.8,896.8,2.82,29.6,0.67,9.49,3.14
39.2,45.8,365.5,2.83,34.0,1.14,7.26,1.31
29.2,67.5,666.1,4.91,33.3,0.98,9.85,2.01
35.4,59.8,865.5,2.55,12.6,1.04,10.1,12.0
26.0,44.1,905.1,1.39,41.9,0.68,9.8,0.94
23.4,62.5,766.6,4.98,39.8,0.66,10.0,0.92
28.1,53.4,454.6,3.25,15.6,0.95,8.5,12.0
33.8,34.3,899.6,0.96,28.3,1.01,9.7,5.87
35.1,60.2,830.8,5.24,21.4,0.85,9.45,9.07
33.0,29.3,798.8,4.01,38.4,0.84,9.86,1.16
43.7,63.6,257.2,3.44,32.9,0.84,4.59,0.93
36.0,15.2,236.8,4.54,18.7,0.73,9.27,9.05
42.2,53.4,791.1,3.53,13.0,1.03,9.72,12.0
21.1,43.1,1003.1,4.39,20.8,0.76,10.1,9.08
19.6,36.2,857.7,5.7,13.1,0.81,10.07,12.0
26.1,51.1,906.8,4.18,16.2,0.99,9.45,12.0
21.6,60.2,663.2,4.46,31.1,0.65,9.89,2.46
31.7,82.6,458.9,4.18,34.4,1.03,7.54,1.09
31.5,73.3,776.1,3.69,26.0,1.1,9.9,8.43
33.0,65.2,805.2,1.53,30.0,0.68,9.6,3.02
37.4,48.5,774.1,2.51,16.7,0.95,10.02,12.0
43.3,42.5,1004.7,4.66,21.5,0.85,9.95,9.59
40.8,17.3,512.1,3.05,33.4,0.69,9.59,1.34
21.1,40.1,233.7,2.94,22.9,0.99,4.93,4.96
26.8,74.4,972.2,5.06,22.5,0.96,9.82,9.89
24.7,41.9,336.4,0.53,17.8,0.97,6.14,8.44
22.6,47.3,792.7,4.57,29.8,1.06,9.8,4.96
32.2,34.0,942.2,3.44,36.3,0.79,9.92,1.1
32.4,34.2,463.6,2.76,26.1,0.99,9.48,7.23
23.9,19.3,905.9,2.54,15.5,1.02,9.89,12.0
36.5,58.0,482.2,1.54,37.2,0.73,7.63,0.78
37.1,46.4,875.1,2.51,14.1,1.13,9.8,12.0
18.5,57.4,259.4,2.85,26.2,0.82,4.91,3.08
28.3,53.3,757.0,3.12,19.8,1.01,10.01,12.0
41.1,70.9,775.6,4.53,40.1,1.03,9.83,1.41
31.5,67.6,617.7,3.22,34.1,0.9,9.79,1.29
27.0,69.0,784.0,5.28,29.0,0.71,10.01,3.9
24.6,49.9,984.7,4.34,32.0,0.79,9.78,2.38
24.3,39.8,823.8,1.64,28.0,0.77,9.97,4.77
20.6,80.3,1017.1,2.16,16.4,0.91,9.78,12.0
39.2,18.8,581.3,0.98,33.3,0.78,9.53,1.58
20.3,25.7,649.0,6.17,26.8,0.92,9.63,6.38
25.6,44.4,424.2,5.82,31.0,0.79,9.03,2.77
19.2,58.0,1037.8,1.01,13.4,0.65,9.95,11.4
38.3,15.6,246.9,3.94,16.3,0.83,9.39,11.99
19.0,65.4,504.8,6.26,29.7,0.95,8.87,4.15
26.0,54.1,453.0,4.98,25.8,1.04,8.98,7.4
32.9,48.9,528.5,3.45,18.8,0.66,9.95,8.84
28.6,44.6,980.1,1.95,19.2,0.78,9.85,10.02
25.3,51.4,512.8,2.17,30.9,1.14,8.79,3.95
25.2,26.3,979.4,4.92,13.8,0.78,9.95,12.0
38.7,22.6,559.8,5.18,25.0,1.04,9.6,8.51
43.3,35.3,926.6,3.67,27.7,0.9,9.8,5.73
27.0,64.7,643.5,1.23,21.2,0.71,9.73,7.94
19.0,56.2,464.6,6.1,36.6,0.97,8.42,1.15
19.0,48.6,581.9,5.57,13.7,1.13,9.81,12.0
37.7,55.0,560.7,1.34,38.0,1.09,8.71,1.33
32.4,54.1,420.9,0.84,33.7,1.0,7.22,1.29
38.4,36.5,446.2,3.72,25.4,0.91,9.96,7.45
36.1,21.8,358.5,2.2,39.7,0.81,8.49,0.96
41.6,77.8,485.6,2.2,33.1,0.83,5.91,1.12
41.0,57.0,730.7,1.02,39.9,0.82,8.76,1.01
38.5,63.8,528.6,6.22,26.2,1.11,9.73,8.26
30.4,47.5,805.5,5.48,25.6,0.76,9.79,5.99
26.0,68.0,1038.9,1.18,27.9,0.84,9.97,5.25
31.2,55.9,520.5,5.76,14.0,0.87,9.96,12.0
31.1,18.8,593.2,4.6,39.3,0.85,9.41,1.13
33.9,77.3,339.5,2.45,32.0,0.65,5.77,1.16
22.8,36.4,533.4,5.73,30.5,0.79,9.44,3.16
35.0,24.7,817.8,4.09,39.8,0.9,9.8,1.23
29.9,21.2,384.8,5.59,41.8,1.03,9.72,1.4
34.1,65.4,354.7,3.32,16.9,0.93,6.61,9.17
24.2,64.3,519.9,3.5,34.5,0.84,9.3,1.1
29.3,64.0,895.9,2.25,29.4,0.98,9.7,4.9
23.5,79.1,730.1,2.83,25.8,0.98,9.8,7.62
40.8,39.4,1013.9,3.91,41.3,0.77,9.66,1.05
30.7,54.3,968.9,6.18,37.5,0.7,9.81,0.96
23.8,58.4,328.5,4.1,32.9,1.05,6.63,1.68
19.1,83.6,236.2,1.38,23.5,0.91,3.69,3.28
35.6,36.9,539.2,0.54,32.0,0.74,8.92,2.06
23.6,81.9,643.8,5.61,28.0,0.78,9.81,4.8
43.7,25.4,638.2,2.69,19.5,1.03,9.34,12.0
31.9,68.5,314.0,2.39,25.5,0.98,5.72,4.56
25.5,59.3,306.1,5.3,18.4,1.12,6.66,10.25
35.1,72.2,239.8,6.17,27.0,0.88,5.72,3.53
25.2,17.0,923.2,4.99,33.6,0.68,9.78,1.23
39.3,20.5,1005.6,1.54,13.1,1.0,9.83,12.0
26.0,19.9,298.3,2.85,35.0,0.78,7.12,0.78
43.7,56.5,381.2,5.06,12.6,0.81,7.34,10.85
33.7,57.2,276.4,5.94,27.5,0.75,7.13,3.52
40.0,78.4,945.9,6.49,29.2,0.8,9.97,4.24
19.9,47.7,1014.9,3.57,34.8,1.06,9.93,1.48
27.1,19.8,422.5,5.44,34.8,0.94,10.12,1.33
37.2,29.7,458.0,0.78,24.5,0.7,7.69,4.84
35.0,15.6,508.3,2.21,14.0,0.94,9.91,12.0
23.1,69.4,627.1,2.73,32.8,0.97,9.97,2.4
27.3,72.1,780.1,6.35,27.3,1.09,9.95,7.33
24.8,84.9,628.7,0.52,22.0,1.08,9.76,11.49
33.9,43.9,1008.4,2.35,19.0,0.68,9.6,8.62
27.0,16.4,284.9,6.08,15.6,1.08,9.08,12.0
26.0,31.4,878.8,2.34,20.9,0.68,9.73,7.74
23.4,56.1,484.3,1.85,25.8,0.73,8.36,4.84
28.6,82.3,520.9,4.88,26.3,0.71,9.13,4.84
23.1,22.3,802.5,4.97,29.5,0.74,9.61,3.61
43.0,23.5,990.0,3.33,22.9,1.05,9.92,10.65
22.0,64.1,808.8,6.18,39.6,0.99,9.69,1.35
41.7,61.7,859.5,1.72,26.9,0.99,9.46,6.67
29.1,32.5,838.2,5.98,24.7,1.11,9.83,9.58
27.8,71.9,472.8,5.03,13.4,0.85,8.72,12.0
24.0,24.0,843.4,2.71,30.0,0.65,9.94,3.04
34.5,79.8,866.8,5.34,30.1,0.97,9.96,4.44
35.8,29.1,653.4,1.3,29.5,1.08,9.69,5.31
30.2,20.7,656.2,1.29,38.6,1.14,9.63,1.53
19.4,38.8,845.8,6.08,34.9,0.83,9.75,1.14
41.9,28.1,894.5,1.07,38.0,1.06,9.85,1.46
43.5,51.9,486.6,0.52,13.8,1.07,4.86,9.02
29.2,63.1,881.3,2.83,21.5,0.72,9.26,7.52
34.0,49.4,892.1,1.12,21.6,0.97,9.53,10.33
29.7,61.2,399.0,5.68,31.7,0.74,8.28,2.03
26.4,40.5,809.4,6.04,25.5,0.87,9.93,7.11
20.0,17.0,358.6,3.39,35.3,1.09,7.29,1.11
29.9,83.2,279.1,3.05,23.5,1.04,4.96,5.03
39.3,72.4,688.4,3.73,18.6,0.94,9.47,11.95
18.4,20.1,972.4,1.86,20.7,1.05,9.84,12.0
33.1,46.4,230.1,2.29,17.5,0.73,5.44,5.69
40.9,59.5,902.5,1.11,17.9,0.75,9.87,10.36
23.7,28.3,630.5,3.18,18.5,0.75,9.65,9.91
22.8,55.5,931.8,4.17,12.5,1.04,9.57,12.0
38.1,52.4,917.0,6.08,33.5,1.1,9.91,2.13
24.6,29.6,944.0,4.93,24.0,0.93,9.57,8.33
23.0,24.9,853.5,4.84,12.7,1.13,9.68,12.0
27.8,68.1,916.5,2.35,23.1,1.01,10.01,10.18
28.2,37.6,349.6,5.83,39.2,0.93,8.84,1.15
40.7,32.1,458.3,6.18,27.3,0.96,9.86,6.35
34.1,66.7,406.1,6.09,41.6,1.07,8.41,1.27
28.6,66.5,831.1,0.73,28.2,0.7,9.89,4.17
31.9,34.3,330.6,4.13,40.9,0.73,8.32,0.86
42.8,76.1,354.9,4.36,18.1,0.78,4.85,5.3
20.9,63.2,947.1,2.27,20.7,1.1,10.2,12.0
23.4,39.2,800.0,6.45,33.0,1.12,9.76,2.56
43.0,44.9,944.1,2.25,41.6,0.83,9.85,1.14
42.9,65.9,318.5,1.8,36.8,1.11,4.37,0.68
22.6,29.8,539.1,3.4,28.6,0.92,9.72,5.16
21.8,47.8,440.7,2.44,14.6,0.89,7.85,11.62
28.9,60.7,208.2,6.04,22.9,1.07,5.72,6.21
19.3,52.8,441.8,3.14,14.6,0.92,7.62,11.72
35.0,57.6,522.6,2.96,21.3,0.88,9.3,9.31
20.0,53.2,278.4,4.26,19.8,0.66,5.66,4.71
19.5,28.9,681.5,0.99,23.7,0.66,9.77,6.16
30.6,43.7,525.7,5.04,37.1,0.96,9.79,1.32
42.9,52.2,239.5,5.11,16.5,0.69,7.25,7.55
29.1,69.6,798.4,3.34,21.2,1.02,9.78,11.48
27.3,60.8,819.9,6.23,19.8,0.96,9.49,11.47
43.9,44.9,909.3,3.98,20.9,0.88,10.03,10.36
31.8,83.2,612.7,4.67,22.8,1.0,9.65,9.95
27.8,22.5,1023.4,6.05,19.3,1.15,9.83,12.0
28.0,29.5,977.0,4.5,40.3,0.77,9.6,1.04
23.1,38.9,668.6,3.09,24.6,0.93,9.72,8.0
31.3,31.0,578.2,0.65,15.4,1.07,9.73,12.0
29.4,58.8,202.6,4.87,26.0,0.66,5.24,2.67
25.0,17.8,804.3,6.29,17.5,0.75,9.67,10.44
22.2,27.4,680.2,3.32,18.5,0.91,10.1,12.0
26.1,35.5,996.9,2.54,20.6,0.93,9.8,10.91
31.2,62.8,705.1,3.62,15.7,0.69,9.93,10.85
19.5,76.3,1043.9,4.87,33.6,0.85,9.8,1.54
22.0,70.9,925.7,0.5,35.8,0.91,9.95,1.27
42.6,27.7,1010.6,5.82,23.8,0.86,9.48,7.74
32.1,54.6,478.5,5.82,32.7,1.0,9.69,2.51
19.6,17.1,326.9,3.75,23.7,1.04,6.93,6.88
36.0,36.7,877.3,1.23,16.9,0.88,9.72,12.0
19.6,71.4,868.3,4.53,23.9,0.86,9.88,8.01
37.2,47.0,379.7,1.33,28.7,1.0,6.84,3.89
37.5,25.5,850.0,3.55,13.2,0.93,9.79,12.0
34.9,45.7,694.7,1.06,31.6,1.09,9.79,3.61
37.0,28.9,293.1,4.03,34.3,0.89,9.02,1.12
20.3,42.5,626.5,2.41,37.8,0.94,9.85,1.29
36.9,49.1,991.5,5.49,15.1,0.71,9.47,11.0
21.6,39.5,630.5,5.3,12.0,1.07,9.92,12.0
26.8,80.6,870.4,6.49,14.2,0.86,9.88,12.0
42.5,54.4,224.6,2.05,39.7,1.01,4.74,0.67
31.1,74.0,818.9,0.87,35.0,0.86,9.89,1.2
43.2,68.3,1004.8,3.16,37.1,0.65,9.23,0.84
20.3,61.3,624.6,1.0,27.5,0.85,9.93,5.58
30.4,49.8,487.1,1.57,27.8,0.72,8.7,4.01
19.6,15.2,749.7,4.08,21.0,0.85,9.96,9.9
34.4,57.9,978.8,4.05,37.3,0.81,10.03,1.14
20.0,39.9,350.3,0.76,36.9,0.75,6.05,0.64
22.6,23.2,543.1,3.16,23.8,0.71,9.93,6.73
24.7,46.1,332.8,3.68,21.9,1.01,7.08,7.89
37.5,66.5,622.2,2.11,34.2,1.03,9.29,1.37
22.3,82.3,659.4,5.73,12.8,0.78,10.09,12.0
40.0,41.2,1002.6,1.47,37.8,0.9,9.96,1.25
21.4,53.0,550.6,2.02,25.4,0.88,9.29,6.77
18.9,74.6,681.9,1.44,25.2,0.83,9.84,6.81
28.3,38.4,952.5,1.2,32.1,0.79,9.93,2.39
43.5,25.0,473.2,5.77,31.4,0.74,10.09,2.7
20.9,34.7,773.0,2.17,20.0,1.09,9.89,12.0
20.6,77.9,843.6,4.84,40.3,1.07,9.84,1.47
37.5,26.2,480.9,3.07,41.6,0.86,9.99,1.2
26.1,38.0,339.7,4.32,27.8,1.01,7.67,4.95
36.6,47.5,627.5,6.07,28.8,0.9,9.65,4.83
23.2,74.3,503.3,5.57,28.6,0.69,8.94,3.55
30.0,80.6,426.5,0.91,26.6,1.06,6.78,5.27
24.9,44.8,1027.4,5.57,40.4,0.76,10.21,1.09
29.7,80.2,626.8,3.21,19.3,1.0,9.84,12.0
38.0,26.3,928.0,2.6,15.2,0.91,9.91,12.0
37.8,26.0,366.0,4.53,39.9,1.0,9.71,1.35
31.4,81.4,998.5,6.2,18.4,0.89,9.99,12.0
42.1,50.7,875.3,1.06,34.5,1.0,9.44,1.32
24.9,28.0,887.4,5.11,18.1,0.67,9.78,9.07
24.2,49.2,531.3,1.72,40.8,0.67,9.28,0.87
34.0,69.8,612.8,2.78,35.7,1.1,9.61,1.48
34.2,72.9,704.4,5.74,39.6,1.02,9.76,1.4
19.2,75.5,871.3,3.77,40.5,1.06,9.88,1.47
33.8,54.9,921.7,0.9,14.5,0.88,9.57,12.0
27.7,75.7,266.3,3.55,25.0,0.88,5.16,3.89
37.4,50.7,968.5,5.24,31.4,0.92,9.76,3.17
39.0,57.5,996.9,3.67,36.1,0.77,9.84,1.06
32.4,68.1,704.0,1.5,19.2,1.02,9.46,12.0
18.0,44.8,358.7,3.17,39.4,1.06,6.53,0.97
34.5,20.2,895.7,6.05,18.6,1.1,9.64,12.0
37.5,39.5,666.3,4.45,38.0,0.91,9.75,1.24
24.5,58.7,894.6,4.88,27.4,0.86,9.56,5.5
30.1,28.5,892.6,5.22,27.5,1.07,9.67,6.84
43.1,25.4,273.7,1.04,23.2,1.03,5.38,5.49
25.8,35.5,716.0,3.99,15.1,1.08,9.76,12.0
23.8,17.2,610.7,2.76,22.4,0.98,9.93,10.26
23.5,67.0,1004.2,1.33,24.8,1.09,9.52,9.05
32.5,33.1,452.1,1.72,26.4,0.69,8.72,4.53
42.7,23.7,375.1,5.19,34.2,0.99,9.79,1.38
33.8,63.9,962.5,1.47,22.6,0.69,9.73,7.06
25.9,74.0,326.4,2.37,24.2,1.02,5.61,5.28
34.6,16.4,783.5,2.21,39.2,0.96,9.97,1.35
34.2,31.4,455.0,0.79,34.6,0.66,8.45,0.78
33.5,81.2,682.7,3.27,12.7,0.95,9.54,12.0
22.1,42.0,723.8,5.1,36.4,0.72,9.66,0.98
34.5,80.7,554.8,0.63,41.7,0.72,7.97,0.8
29.2,34.2,1028.7,1.18,40.2,0.73,9.76,0.99
18.5,30.3,312.1,4.82,37.1,0.89,6.79,0.85
32.0,30.0,532.7,4.06,30.9,0.71,9.88,2.79
43.7,21.0,565.8,4.79,20.3,0.71,9.78,8.49
27.1,77.8,736.4,1.88,31.6,0.78,9.8,2.59
43.1,83.6,546.2,5.32,32.9,0.65,5.6,0.89
20.5,81.8,282.5,3.38,20.4,0.79,4.89,4.66
37.0,74.6,1005.3,4.16,19.7,0.96,9.93,12.0
21.0,74.3,553.7,1.05,23.9,0.95,8.97,8.02
25.1,61.3,491.3,1.73,31.2,1.13,8.13,3.42
32.8,72.8,579.7,5.14,20.8,0.71,9.8,8.23
33.4,29.6,384.1,1.84,28.7,1.08,7.93,4.9
38.2,42.2,285.2,1.06,39.0,0.85,5.66,0.67
34.0,59.9,326.3,4.08,20.9,0.84,6.98,6.93
33.4,76.2,341.7,3.79,41.0,0.82,6.22,0.72
41.7,61.2,368.0,4.15,26.2,0.71,6.69,3.63
29.8,73.7,557.0,4.21,15.0,0.89,9.78,12.0
23.9,48.2,730.3,3.5,13.7,1.04,9.99,12.0
22.2,65.2,734.6,3.46,22.2,1.09,9.56,11.19
28.4,83.6,200.1,6.04,19.8,1.13,3.81,5.44
36.5,25.7,982.8,3.7,37.3,1.04,9.91,1.45
19.1,79.9,899.4,4.2,34.1,0.96,9.77,1.37
21.4,51.6,1019.3,2.1,38.5,0.9,9.95,1.25
20.8,60.0,506.0,5.73,29.7,1.09,9.23,4.93
33.2,76.5,765.1,0.65,25.1,1.02,9.9,8.59
24.3,43.7,342.8,3.84,20.1,0.73,7.06,6.37
22.3,44.3,894.5,2.8,29.5,0.99,9.85,4.94
33.4,51.9,337.2,4.12,30.5,0.87,7.61,2.8
37.8,16.3,477.1,2.66,23.8,0.95,9.7,8.73
26.6,49.8,617.2,4.81,40.1,1.1,9.95,1.53
33.0,35.4,705.4,0.62,31.2,0.98,9.52,3.47
20.6,80.0,675.7,2.94,37.1,1.12,9.83,1.54
42.3,21.1,286.8,5.49,30.6,1.08,9.61,4.36
26.8,47.2,558.4,2.0,21.5,0.71,9.65,7.77
43.9,81.3,984.5,0.82,34.1,0.66,6.09,0.59
43.4,78.1,941.5,3.48,18.9,0.84,7.62,8.53
38.2,64.1,702.2,6.36,29.9,1.08,9.63,4.95
18.5,56.3,686.5,0.88,24.1,0.77,9.89,7.02
32.1,34.7,294.9,0.92,16.5,1.0,5.76,8.69
20.3,40.7,370.2,4.07,24.4,0.89,7.41,5.94
41.3,21.3,414.7,2.0,21.3,1.02,8.45,9.88
38.5,70.0,615.0,2.96,15.4,0.73,8.89,10.45
43.3,37.7,821.7,5.48,36.7,0.77,9.95,1.07
33.8,61.7,591.6,1.69,27.0,0.77,9.34,5.07
31.6,40.0,307.2,4.82,22.4,0.92,8.08,7.91
31.5,47.5,573.4,3.53,27.1,0.79,9.61,5.26
28.0,53.9,338.2,5.93,34.6,1.06,7.67,1.13
30.2,71.1,838.5,6.34,12.5,0.82,9.73,12.0
34.5,29.8,341.5,3.41,28.4,0.98,8.71,5.04
42.3,42.9,610.2,4.01,26.4,1.12,9.72,8.19
33.5,24.1,789.4,4.98,38.8,0.95,9.79,1.31
40.3,20.3,394.0,2.41,28.7,0.77,8.77,3.85
40.4,57.3,264.6,1.86,16.1,1.07,4.78,7.88
31.5,28.2,678.8,6.29,23.7,0.66,9.65,6.08
27.0,19.2,246.1,3.1,30.6,0.78,6.54,2.12
34.6,77.8,699.6,0.51,13.4,0.84,9.8,12.0
29.6,52.4,840.5,5.53,38.5,0.75,9.91,1.04
20.1,24.4,479.9,4.1,14.0,0.95,9.33,12.0
27.8,18.7,615.1,1.51,12.9,0.93,9.77,12.0
43.8,23.4,989.4,0.68,12.1,0.85,8.74,12.0
19.3,48.0,600.4,2.25,32.5,0.8,9.74,2.11
36.1,61.8,1047.1,6.07,25.7,0.87,9.58,6.67
39.9,59.9,333.5,6.1,15.1,0.8,8.07,10.45
34.9,25.1,802.6,2.37,37.7,0.76,9.7,1.03
32.8,59.3,754.7,5.52,18.1,0.83,9.81,11.29
36.4,43.3,941.5,3.15,21.8,0.95,9.71,10.2
29.2,47.5,278.6,4.43,17.3,0.97,6.59,9.33
20.4,71.1,438.2,2.51,39.8,0.8,7.01,0.78
43.0,38.3,312.4,3.6,34.7,1.12,7.71,1.21
29.2,25.3,993.1,2.26,33.7,0.78,9.29,1.29
35.3,76.1,562.6,0.87,13.3,1.01,8.44,12.0
31.8,29.8,973.6,1.34,27.7,0.69,9.95,4.45
19.4,35.6,450.2,2.24,29.3,0.98,7.86,4.05
42.8,64.5,307.4,6.36,23.5,0.88,7.2,6.17
38.6,62.8,452.1,6.29,21.7,0.93,9.45,9.86
21.9,71.0,707.6,5.47,37.6,0.74,9.76,1.01
43.5,27.9,918.4,1.9,12.7,0.87,9.86,12.0
37.2,39.7,527.6,3.15,30.8,1.03,9.82,4.13
30.3,23.8,977.6,3.14,23.8,1.03,10.03,9.81
33.9,52.9,407.6,2.82,32.0,0.77,7.69,1.85
20.8,35.5,789.5,0.77,17.9,0.83,9.77,11.34
32.6,63.2,825.4,3.71,19.2,0.65,9.94,8.49
19.9,15.0,432.9,0.94,29.6,0.69,7.79,2.69
32.2,19.2,222.9,5.31,41.4,0.71,8.48,0.85
32.4,45.3,510.5,4.65,41.2,0.8,10.01,1.12
40.7,82.1,238.4,2.62,19.5,1.03,3.53,4.68
36.9,77.4,965.6,4.38,15.1,0.91,9.82,12.0
24.5,84.6,1010.5,1.9,29.7,1.05,9.9,5.07
41.1,44.2,825.1,2.09,24.6,1.03,9.79,8.92
32.9,18.3,817.7,2.38,34.9,0.94,9.81,1.3
33.8,36.4,404.8,5.28,27.8,0.9,9.68,5.53
22.4,62.3,262.8,1.76,27.3,1.12,5.21,3.93
40.3,24.5,881.8,3.88,31.4,0.93,9.73,3.26
42.2,36.0,675.3,1.7,15.8,0.89,9.17,12.0
38.1,18.9,779.4,2.21,32.3,1.08,10.09,3.14
42.5,48.2,862.7,1.91,26.7,0.69,9.6,4.78
25.9,29.6,548.0,4.37,36.6,0.98,9.89,1.35
40.4,21.4,322.9,3.66,16.2,0.71,9.44,10.29
30.7,43.8,875.8,4.83,21.0,1.06,10.07,12.0
22.3,39.6,585.7,1.82,40.5,1.05,9.66,1.42
35.4,52.6,902.9,0.55,28.6,0.9,9.69,5.03
35.8,67.4,572.0,4.58,39.9,0.98,9.79,1.34
25.5,22.9,384.5,1.19,32.7,1.04,7.33,1.97
18.7,70.4,345.4,1.98,39.8,0.89,5.64,0.7
23.2,16.8,832.3,2.33,21.5,1.1,10.1,12.0
28.4,46.0,688.7,4.98,14.7,0.87,9.82,12.0
22.4,56.1,543.9,4.26,36.1,1.1,9.68,1.48
23.0,82.0,618.3,1.61,36.1,0.94,9.74,1.28
28.2,55.2,667.2,4.09,30.6,0.86,9.86,3.6
43.0,26.1,403.5,4.75,29.4,0.65,9.85,3.3
37.9,51.2,521.4,2.83,39.4,0.8,9.04,1.01
26.3,42.7,448.5,1.98,17.3,1.08,8.11,12.0
42.7,48.6,530.2,4.57,30.5,0.86,9.23,3.41
34.8,28.8,625.5,4.17,13.5,0.86,9.79,12.0
29.8,50.1,347.4,0.97,16.2,0.89,6.25,8.59
30.2,25.5,534.5,4.5,25.1,0.79,9.99,6.71
28.7,67.1,527.7,3.43,36.6,0.9,9.41,1.18
24.1,56.6,443.1,5.02,34.0,0.84,8.59,1.12
28.1,20.5,1048.7,1.64,41.2,1.1,9.75,1.51
31.7,77.3,262.6,2.05,13.3,0.93,4.89,8.02
31.7,58.1,746.5,3.76,23.4,1.07,9.63,10.03
37.8,37.1,348.3,3.39,16.8,0.99,8.22,12.0
27.3,18.2,913.6,2.82,13.1,0.76,9.73,12.0
36.6,59.3,977.1,4.98,19.9,1.08,9.84,12.0
33.0,41.1,541.3,3.89,19.3,0.69,9.9,8.9
43.0,78.5,900.0,4.76,24.6,0.87,8.38,6.5
28.0,17.4,412.4,1.42,16.2,0.77,8.14,9.65
41.4,17.7,319.1,4.87,26.7,0.92,9.87,6.59
39.3,81.5,468.5,3.27,39.6,0.8,6.34,0.71
34.6,82.5,490.4,0.7,34.4,1.01,7.13,1.01
35.0,16.9,537.8,1.91,37.3,1.12,9.83,1.54
20.2,65.1,517.0,0.65,36.1,1.0,8.18,1.15
42.7,30.5,549.5,3.24,23.7,0.83,9.82,7.78
20.8,64.1,803.5,2.46,33.3,0.95,9.89,2.0
32.6,75.8,408.7,6.42,34.6,1.09,7.75,1.19
26.6,22.1,215.8,5.71,18.2,0.79,7.42,8.08
29.2,31.7,616.2,5.45,37.8,0.71,9.91,0.98
33.9,16.7,581.0,3.51,25.7,0.72,9.79,5.6
41.6,18.1,251.1,5.34,12.5,0.9,9.75,12.0
29.9,17.1,313.7,2.1,31.3,1.02,7.59,2.82
43.7,71.0,633.4,3.86,32.3,0.98,6.33,1.78
33.4,35.9,399.5,2.86,28.6,0.88,8.54,4.34
22.2,49.5,946.0,1.53,18.4,1.01,9.74,12.0
22.9,70.1,347.3,0.94,26.5,0.97,5.89,4.22
36.6,49.6,217.1,3.85,24.0,0.96,6.45,5.8
19.3,45.0,580.4,1.09,41.2,0.75,9.57,1.01
30.5,15.8,1038.2,4.81,36.7,0.81,9.75,1.1
21.9,54.8,738.8,6.03,34.9,0.82,9.83,1.13
29.3,23.7,500.9,1.47,17.4,1.05,9.33,12.0
37.5,68.5,214.3,3.33,21.9,1.04,4.59,5.21
29.9,33.0,612.2,4.93,23.4,0.78,10.06,7.66
22.2,62.2,375.5,2.22,26.8,0.68,6.7,3.25
24.6,60.2,750.6,6.02,12.9,1.03,9.98,12.0
27.6,58.2,695.6,5.83,29.8,0.85,9.95,4.11
19.8,33.7,425.4,1.12,22.7,0.76,7.27,5.7
33.2,33.7,258.6,0.66,28.9,0.71,5.56,2.19
33.8,75.4,841.8,6.36,12.3,0.66,9.53,11.55
19.6,15.9,697.6,6.24,21.6,0.86,9.85,9.5
28.5,27.7,915.8,3.03,35.1,0.82,9.49,1.09
28.8,57.7,420.8,0.8,27.0,1.0,6.98,4.86
26.7,72.2,754.9,4.21,35.7,1.14,9.94,1.58
32.5,40.1,300.9,2.26,33.0,0.75,6.51,1.16
27.0,60.7,448.0,6.12,37.6,0.77,9.2,0.99
28.8,54.0,758.1,5.27,12.2,0.82,9.47,12.0
38.7,19.5,901.7,4.4,19.8,0.88,9.79,10.86
22.2,58.5,472.8,2.21,28.5,1.0,7.99,4.68
34.1,72.0,879.0,4.71,40.2,0.83,9.75,1.13
31.1,84.5,776.1,2.24,32.4,0.7,10.03,1.98
25.9,17.1,496.4,0.73,25.7,1.02,9.31,7.57
36.9,61.2,944.9,3.55,15.9,1.05,9.88,12.0
32.3,44.0,632.8,3.43,26.8,0.77,9.56,5.3
30.4,15.7,751.0,5.08,25.2,0.72,9.62,5.79
35.4,58.0,621.3,5.69,35.4,0.91,9.82,1.26
38.9,23.6,584.8,2.63,24.4,0.75,9.68,6.59
43.3,41.5,920.8,3.2,21.6,0.84,9.9,9.3
34.4,33.3,450.5,3.32,14.7,1.04,10.01,12.0
40.7,40.3,231.1,2.45,13.4,0.76,5.84,7.8
18.0,49.5,947.8,4.96,25.2,1.05,9.67,8.57
31.8,40.1,901.3,3.63,22.4,0.99,9.62,10.04
23.6,53.7,511.6,5.98,28.7,0.76,9.76,4.23
20.4,31.7,357.6,4.4,33.4,0.91,7.44,1.4
31.8,59.5,774.2,1.77,13.2,0.96,9.8,12.0
37.4,74.8,266.9,1.49,26.9,0.75,4.45,2.37
28.7,30.7,560.2,2.73,37.9,0.72,9.86,1.0
35.4,50.6,273.0,2.58,25.7,0.92,6.02,4.44
30.7,60.4,708.2,2.94,27.6,1.0,9.81,6.36
29.4,54.5,223.1,1.6,26.6,0.88,4.6,2.97
25.5,40.6,734.9,6.37,23.7,0.69,9.79,6.42
27.9,60.0,772.2,1.37,15.3,1.11,9.7,12.0
27.1,17.0,614.1,4.42,15.8,1.0,9.62,12.0
34.8,40.9,348.8,0.58,17.4,0.96,6.28,8.74
21.0,52.3,286.2,2.94,35.8,0.97,5.41,0.74
20.4,16.4,466.3,2.36,20.3,0.85,8.84,9.19
35.2,50.5,595.4,2.79,40.4,1.14,9.81,1.57
32.2,60.8,745.9,3.49,36.3,0.72,9.8,0.98
29.2,68.1,201.1,4.1,32.5,1.02,4.65,1.28
22.0,22.9,804.4,4.0,33.6,0.86,9.59,1.53
28.7,84.3,805.8,4.28,13.4,1.09,10.07,12.0
38.5,57.4,577.9,5.57,29.1,1.01,9.47,5.16
41.1,40.4,491.9,5.82,40.2,0.93,10.02,1.31
36.3,32.4,916.0,4.92,13.2,1.12,9.83,12.0
19.6,55.1,866.9,0.97,20.7,1.11,9.72,12.0
35.4,76.7,1035.8,6.27,13.5,0.68,9.58,11.31
24.3,51.4,516.1,6.18,29.1,0.75,9.71,3.89
26.2,61.3,970.8,4.77,15.5,0.99,9.78,12.0
23.1,40.0,274.3,3.6,26.4,1.11,6.03,5.02
38.2,42.2,549.7,2.0,33.6,0.87,9.55,1.54
34.9,35.0,595.6,5.04,16.9,0.67,9.81,9.74
33.9,64.4,574.7,5.77,34.7,0.97,9.85,1.34
35.4,40.1,731.3,4.49,13.8,0.75,9.85,12.0
24.2,28.4,344.7,4.27,16.5,0.93,7.8,10.97
29.6,40.9,936.5,1.66,20.4,0.84,9.77,9.98
34.5,74.8,669.0,2.65,35.9,0.93,9.78,1.27
34.6,66.7,968.6,4.84,37.5,1.12,9.89,1.55
38.6,38.4,202.2,0.6,18.6,0.89,4.16,5.02
25.5,78.5,735.5,4.35,14.9,0.67,9.72,10.66
38.0,20.2,550.6,5.1,37.4,0.94,9.85,1.3
29.4,18.5,629.3,2.51,31.5,0.81,9.64,2.75
35.4,23.9,832.2,0.96,16.7,1.04,9.82,12.0
29.8,23.2,393.1,5.41,28.7,0.88,9.72,4.86
42.7,21.1,374.2,1.35,38.2,1.02,6.93,0.99
22.7,61.3,797.6,2.72,14.1,1.1,10.01,12.0
35.6,57.1,643.2,4.74,14.5,0.83,9.72,12.0
33.0,60.3,398.6,5.4,20.2,1.14,8.54,12.0
22.5,63.2,611.4,5.67,31.6,0.72,9.83,2.46
19.7,68.0,590.6,3.68,17.3,0.97,9.74,12.0
38.8,29.5,787.7,3.36,36.5,0.67,9.8,0.92
22.1,58.6,202.3,5.59,34.5,0.76,4.88,0.52
22.8,55.6,698.7,3.88,28.8,0.97,9.77,5.27
43.4,81.1,714.8,3.97,15.5,0.67,6.47,6.95
36.6,31.3,833.7,3.1,41.6,0.7,9.78,0.96
24.5,19.1,955.8,2.74,26.7,0.8,9.59,5.52
33.4,60.7,574.2,3.38,25.6,0.94,9.78,7.44
31.9,66.8,491.1,2.69,41.9,0.66,8.29,0.76
40.0,34.8,287.0,2.56,37.9,0.89,6.97,0.87
37.0,55.0,486.3,6.46,25.7,0.96,9.75,7.52
39.6,19.2,258.2,2.52,24.6,0.85,7.89,5.97
23.5,82.2,882.4,2.04,14.9,0.68,10.04,11.28
34.6,22.7,886.0,2.62,39.8,0.96,9.81,1.31
19.0,19.7,554.7,4.04,37.3,0.95,9.98,1.33
19.8,18.1,420.7,5.97,21.3,0.9,9.17,9.47
36.6,44.9,300.3,5.23,34.6,1.0,8.15,1.14
18.6,21.8,923.6,5.55,34.9,0.75,9.88,1.04
33.1,67.1,945.9,5.65,18.8,0.99,9.85,12.0
39.9,77.9,426.3,6.02,30.4,0.73,6.79,2.16
27.9,33.2,728.5,1.91,19.7,0.85,9.67,10.4
19.2,59.0,419.9,3.25,35.7,0.68,7.41,0.71
36.6,18.0,391.4,2.81,16.6,1.06,9.19,12.0
42.2,42.1,218.0,2.79,32.1,0.92,6.07,1.71
36.6,35.5,690.6,4.41,21.8,1.14,9.75,12.0
33.0,31.0,327.5,2.91,13.1,1.12,7.88,12.0
24.0,60.1,210.5,4.2,15.7,1.15,4.78,8.66
18.4,24.1,289.1,2.79,31.6,0.7,5.66,1.34
36.1,75.2,466.7,2.37,19.2,0.95,7.1,8.84
24.0,61.5,768.8,2.62,30.9,0.85,10.02,3.37
40.3,64.8,372.2,5.32,24.4,0.92,7.37,6.07
30.1,80.5,954.5,4.11,32.8,0.8,9.85,1.98
31.8,81.0,445.2,6.34,26.8,0.67,8.03,3.88
37.6,53.6,481.5,5.5,21.3,1.0,9.66,11.12
38.3,49.7,385.3,3.41,16.4,1.13,8.05,12.0
34.7,38.5,415.7,1.95,22.2,0.92,8.22,8.07
42.4,65.1,263.0,4.54,31.0,0.81,5.82,1.83
43.5,52.7,450.6,4.86,34.2,1.12,8.26,1.29
42.6,80.3,930.7,3.29,16.8,0.83,8.66,10.76
39.4,31.7,785.2,1.88,31.9,1.11,9.91,3.48
36.3,36.7,944.0,3.84,17.4,1.08,9.81,12.0
35.2,37.1,289.1,2.02,18.7,0.91,6.53,8.05
20.7,71.4,587.3,6.14,27.9,0.99,9.63,5.97
25.1,21.9,394.9,4.27,20.7,1.0,8.97,10.69
18.1,46.9,813.0,2.25,31.8,0.97,9.53,2.99
21.6,44.9,1024.7,1.79,40.7,0.73,9.78,1.0
29.4,20.1,893.1,4.8,16.5,1.0,10.0,12.0
21.8,43.8,230.0,4.75,29.1,0.65,5.51,1.92
41.4,50.9,469.2,4.08,39.7,1.01,8.65,1.22
38.9,19.6,224.3,4.19,17.3,0.93,8.91,12.0
19.9,50.7,234.1,4.12,23.0,0.78,4.79,3.78
24.5,82.1,267.6,2.66,15.7,1.05,4.48,7.45
39.3,83.5,434.9,6.12,31.3,0.85,6.7,2.1
38.9,52.2,458.6,3.38,32.1,0.89,8.26,2.25
42.6,51.1,540.4,0.62,31.9,0.66,5.81,1.22
43.9,35.0,544.2,2.59,28.3,0.85,7.9,4.04
43.4,84.8,855.7,1.28,34.4,0.73,6.22,0.64
28.7,34.2,320.2,2.68,13.1,0.79,7.1,9.97
24.5,46.7,334.1,4.15,40.7,0.78,7.08,0.77
37.7,15.2,732.6,0.64,18.7,0.67,10.1,9.17
25.8,39.4,686.0,5.72,15.6,0.88,9.81,12.0
39.0,20.0,330.9,4.16,40.2,0.91,9.84,1.26
31.9,67.1,924.4,2.27,36.9,0.94,10.11,1.32
38.6,54.3,479.7,2.37,34.9,0.88,8.03,0.99
25.2,55.1,511.9,3.29,15.1,1.08,9.6,12.0
31.2,35.1,557.4,1.99,36.2,0.67,9.48,0.89
32.7,72.0,474.3,0.53,30.3,0.96,7.26,3.1
42.5,15.2,673.8,0.66,34.0,1.08,8.48,1.46
24.9,38.4,530.4,2.65,41.3,0.67,9.89,0.93
42.4,61.2,420.5,1.25,17.8,0.9,5.5,6.98
38.9,78.6,968.8,0.63,27.1,0.94,9.71,6.33
37.0,31.4,462.1,5.66,34.6,0.75,9.95,1.04
38.5,52.9,793.7,2.14,25.0,0.78,10.14,6.73
33.7,52.7,495.1,3.52,13.6,1.04,9.7,12.0
24.3,76.2,569.9,1.58,15.3,0.93,9.26,12.0
22.9,18.5,400.6,0.78,30.1,0.81,7.48,2.79
40.5,44.7,839.5,4.97,20.6,1.03,9.85,12.0
36.9,27.8,826.6,1.25,16.1,1.02,9.7,12.0
23.5,16.5,218.9,0.65,22.2,0.82,4.61,4.07
34.0,25.3,251.2,4.02,18.0,0.89,7.84,9.8
29.6,83.4,984.0,0.58,12.7,0.98,9.82,12.0
22.1,30.0,955.5,3.12,16.6,0.82,9.59,11.92
31.8,80.5,630.2,2.23,38.5,0.96,9.54,1.29
25.3,29.4,619.4,2.42,12.4,0.78,9.76,12.0
20.5,80.2,890.6,0.52,35.2,0.8,9.85,1.1
30.1,60.8,317.7,6.29,34.6,0.81,7.17,0.81
33.3,22.9,755.6,3.6,28.9,1.12,9.88,6.08
19.2,55.7,604.6,3.94,18.3,1.07,9.81,12.0
28.5,37.3,831.8,4.5,38.3,0.93,9.9,1.29
24.7,41.8,225.6,5.29,26.3,0.93,6.09,4.3
18.8,45.8,703.8,4.15,17.2,0.68,10.0,9.92
21.3,44.6,673.2,5.07,24.9,0.97,9.89,8.35
21.6,61.5,914.7,3.19,17.8,0.81,9.76,11.21
22.8,68.8,775.3,2.73,23.3,0.96,9.83,9.3
38.9,38.0,948.1,5.44,26.9,1.07,10.15,7.69
29.4,79.7,954.2,5.69,22.8,0.67,9.95,6.87
21.8,80.7,546.9,1.33,31.7,0.95,8.77,2.79
20.6,17.8,316.8,3.76,40.1,0.93,6.96,0.91
25.7,16.0,735.7,4.6,22.4,0.75,9.71,7.71
38.7,44.8,942.7,1.0,22.7,0.97,9.62,9.71
27.5,56.3,263.7,6.08,34.1,0.93,6.71,0.9
22.2,34.5,674.2,3.62,27.9,1.03,9.87,6.41
28.5,33.2,297.7,4.37,24.9,0.71,7.41,4.53
32.4,62.5,222.9,1.57,36.4,0.87,4.38,0.53
18.8,57.1,777.7,2.09,38.7,1.15,9.99,1.61
34.3,26.7,779.6,1.23,29.7,0.99,9.73,4.73
28.3,76.9,710.6,2.08,17.6,0.99,9.68,12.0
18.3,62.6,930.3,3.45,26.0,0.81,9.85,6.21
35.5,40.4,268.7,5.5,27.1,0.7,8.47,4.07
36.5,62.9,289.5,3.7,25.0,1.12,6.03,5.82
34.3,22.9,934.9,1.97,19.9,0.7,9.71,8.56
26.9,47.8,627.8,0.77,26.2,1.15,9.87,8.65
31.8,26.8,432.1,4.23,25.4,0.71,9.63,5.66
28.1,17.9,827.4,3.02,18.3,0.74,9.72,9.85
36.2,38.7,960.2,6.41,39.1,0.8,9.78,1.1
33.2,25.6,786.2,5.18,38.6,0.91,9.91,1.26
20.1,59.3,873.1,5.35,34.8,1.05,9.74,1.42
34.7,62.2,440.1,0.57,24.0,1.14,7.05,7.46
35.9,25.4,445.5,5.17,23.1,0.83,9.97,8.29
27.6,16.7,934.5,1.67,33.5,0.66,9.72,1.25
40.8,70.5,722.6,4.01,30.2,0.96,10.05,4.31
39.9,15.1,399.0,3.18,30.0,1.01,10.01,4.68
22.6,39.1,645.5,3.93,15.7,0.85,9.84,12.0
41.5,49.6,783.0,1.3,30.5,0.74,9.4,2.96
29.5,72.3,385.8,3.24,39.1,0.8,6.84,0.77
36.8,73.7,756.7,0.72,14.6,0.98,10.05,12.0
39.2,65.7,235.8,0.75,22.2,0.9,3.85,3.71
31.1,32.3,458.1,4.45,27.3,1.02,9.58,6.65
28.4,65.4,772.9,6.21,32.6,0.76,9.54,1.93
41.8,32.3,326.9,5.16,14.7,1.07,9.82,12.0
24.0,30.0,388.9,3.31,38.2,0.73,8.1,0.83
24.7,53.3,947.2,0.84,13.2,0.81,9.66,12.0
27.4,62.5,773.2,0.77,37.7,0.95,9.57,1.27
40.3,18.7,624.1,1.45,12.8,1.02,9.51,12.0
42.4,19.2,379.3,6.35,16.6,0.78,9.69,11.44
23.7,69.9,490.2,2.89,36.0,1.12,8.35,1.31
40.5,75.2,688.2,5.56,37.8,1.0,9.66,1.36
24.7,57.3,332.0,4.73,41.5,0.76,6.79,0.72
43.2,45.0,609.5,4.13,15.5,1.01,9.6,12.0
33.5,74.2,547.6,6.19,27.8,1.0,9.84,6.27
18.2,66.0,605.2,1.88,14.3,1.03,9.72,12.0
18.9,55.6,289.7,3.23,16.7,1.11,5.48,9.12
21.8,37.4,290.5,5.69,17.2,1.01,6.62,9.72
22.9,28.9,1019.5,3.81,13.9,0.83,9.72,12.0
38.0,44.3,1032.5,1.98,38.8,1.05,10.16,1.49
23.8,35.1,562.2,1.75,15.8,1.0,9.51,12.0
43.2,38.7,870.6,5.02,30.9,0.94,9.76,3.64
34.5,51.1,757.4,0.58,30.8,0.83,9.87,3.32
36.0,26.8,299.4,5.99,18.0,1.11,9.52,12.0
23.7,71.4,452.2,0.61,42.0,0.91,7.3,0.93
41.2,25.2,466.6,4.29,22.4,0.96,10.1,10.28
35.4,48.7,706.4,4.13,39.2,0.86,9.83,1.18
40.5,67.2,693.0,3.97,40.4,1.04,9.61,1.4
42.9,49.0,985.0,3.35,40.5,0.82,9.83,1.13
21.3,40.3,871.5,5.61,34.6,1.06,9.71,1.44
20.5,48.2,928.3,4.46,19.6,0.7,10.06,9.02
38.9,74.4,957.5,5.19,15.6,1.0,9.65,12.0
40.5,84.3,881.1,1.19,29.1,0.89,9.42,4.5
33.2,59.2,482.9,0.8,22.8,1.0,7.68,7.88
27.5,70.5,382.8,0.67,36.9,0.92,6.35,0.81
35.0,16.0,686.0,1.38,34.3,0.72,9.77,0.98
25.9,76.6,786.1,4.5,20.3,0.89,9.98,10.83
24.2,81.8,528.6,3.46,12.5,1.13,8.61,12.0
30.7,55.3,921.1,5.01,19.1,1.03,9.87,12.0
23.6,67.8,1016.5,1.65,29.0,0.8,9.81,4.27
30.6,50.9,684.0,2.7,14.4,1.12,9.52,12.0
42.9,35.0,588.1,5.83,31.7,1.04,9.69,3.33
39.8,74.7,916.5,6.11,32.2,0.83,9.69,2.41
42.5,56.8,220.6,6.03,17.1,0.95,7.38,10.33
39.0,55.6,309.7,5.41,29.9,0.86,7.84,3.22
27.2,61.1,918.8,4.63,30.2,0.7,9.82,3.09
39.1,74.9,822.2,5.98,26.3,1.05,9.16,7.24
42.0,66.2,553.7,4.79,40.6,0.75,7.84,0.82
42.6,29.8,955.5,6.22,15.2,0.88,9.91,12.0
35.8,47.7,498.7,0.65,24.2,1.0,8.15,7.49
23.5,83.6,738.8,6.03,38.5,1.12,9.69,1.51
19.0,53.8,739.2,3.83,23.6,0.68,9.8,6.45
21.8,80.7,356.7,1.17,24.7,0.85,5.8,4.3
43.1,71.9,442.1,1.79,32.0,0.96,4.71,1.39
30.0,61.6,978.6,5.61,32.0,1.04,9.74,3.18
40.2,39.5,355.9,3.54,12.7,1.11,8.38,12.0
30.1,36.3,347.5,6.4,25.7,0.65,9.61,5.02
35.2,60.0,607.7,1.21,22.0,0.96,9.35,9.81
18.6,45.3,278.4,2.98,30.8,0.65,5.11,1.34
24.5,70.9,960.4,2.49,28.7,1.04,9.68,5.76
29.3,68.2,285.1,3.6,31.5,0.72,5.66,1.43
34.4,36.8,724.1,4.3,31.6,1.1,9.85,3.69
22.5,64.2,488.8,4.47,19.6,0.73,8.86,8.2
37.9,49.6,883.6,0.51,19.4,1.03,9.95,12.0
27.5,37.6,701.3,1.03,23.1,0.79,9.85,7.85
39.3,43.9,530.1,0.71,19.3,0.93,7.84,9.48
20.5,77.7,1036.3,5.69,32.5,0.95,10.05,2.62
35.7,40.2,256.3,2.38,30.1,0.75,6.19,2.14
25.6,35.1,691.1,2.7,18.5,0.8,9.89,10.76
38.7,39.6,1041.1,3.2,38.5,0.7,9.85,0.97
28.5,30.0,787.3,5.6,25.8,0.65,9.77,5.05
35.3,53.1,828.8,0.58,15.8,0.77,9.78,11.81
42.3,25.3,227.3,1.21,18.4,0.91,5.62,6.99
18.5,72.2,218.2,4.61,28.2,1.01,4.02,2.45
18.3,30.8,230.7,6.28,22.2,1.05,5.67,6.39
38.0,56.9,1043.0,4.36,37.5,0.68,9.69,0.93
34.8,23.8,1032.6,2.07,26.8,0.79,9.86,5.52
25.6,83.5,484.3,3.62,39.5,1.04,7.99,1.16
30.9,46.8,447.3,6.35,15.1,0.89,9.85,12.0
19.1,72.6,324.1,3.67,32.1,0.74,5.59,1.27
23.0,68.8,479.8,2.74,38.6,0.85,8.14,0.96
29.0,65.0,514.6,2.8,20.8,0.79,8.84,8.21
39.7,72.9,836.0,6.3,16.1,0.68,9.65,10.1
30.5,22.0,936.3,4.81,25.7,1.03,9.67,7.99
33.2,62.5,834.7,4.62,40.8,0.8,9.65,1.08
40.7,33.6,749.5,1.89,31.0,1.12,9.87,4.3
26.0,70.0,851.0,3.86,31.3,1.09,10.12,4.03
36.2,82.0,827.7,2.64,32.1,1.01,9.72,2.94
40.4,78.1,604.4,1.94,13.2,0.81,7.24,10.45
23.3,23.0,485.5,5.87,25.4,0.79,9.71,6.34
27.3,40.9,440.4,2.8,14.3,0.89,8.79,12.0
43.5,40.5,777.5,2.2,21.5,0.83,8.87,8.29
43.6,23.6,1015.4,6.09,36.6,1.1,9.8,1.51
23.8,21.9,693.9,1.68,31.7,0.71,9.62,2.3
19.7,41.9,975.6,4.97,41.9,1.01,9.65,1.37
25.0,84.4,212.1,4.42,17.2,0.96,3.9,5.46
28.3,54.8,875.3,6.02,23.9,1.05,9.83,9.74
29.5,58.5,925.6,5.49,36.3,0.92,9.8,1.26
34.1,48.0,736.3,4.73,18.5,0.96,9.9,12.0
41.4,61.4,994.0,2.39,16.6,1.13,9.62,12.0
26.6,82.0,701.4,3.47,24.8,0.7,9.85,5.95
40.1,56.2,404.5,6.17,23.5,0.7,9.16,6.25
20.4,19.6,383.4,0.64,41.4,0.85,6.66,0.79
19.1,49.5,672.5,5.27,25.7,0.89,9.71,6.9
31.1,84.5,970.5,2.01,37.8,0.75,9.9,1.04
19.6,42.1,261.5,1.61,38.6,0.69,4.69,0.45
28.2,56.6,713.7,1.89,16.7,0.66,10.17,10.07
41.3,22.5,854.3,0.86,33.5,1.03,9.88,2.02
24.3,24.9,298.1,6.45,20.3,0.89,8.2,8.92
36.4,76.2,299.3,5.72,14.8,1.07,5.89,10.38
25.9,36.0,511.2,3.63,38.2,0.83,9.92,1.15
19.2,36.4,432.8,4.79,20.8,1.0,8.3,9.85
32.5,42.1,368.6,3.84,22.4,0.89,8.3,7.88
39.7,82.7,368.9,5.37,21.7,0.96,5.89,6.26
28.6,20.9,311.1,5.57,18.0,0.84,9.02,10.54
34.0,72.3,719.2,1.9,25.0,0.69,9.82,5.78
41.4,38.9,784.9,3.26,24.8,1.12,9.69,9.44
38.5,74.5,797.5,4.31,24.3,1.07,9.84,9.59
23.0,84.4,652.5,6.37,39.5,0.81,9.89,1.12
37.1,39.4,1010.0,4.6,22.2,1.13,10.05,12.0
31.0,24.1,948.5,5.89,12.9,0.8,9.66,12.0
37.4,25.1,1014.0,5.58,17.4,0.87,9.58,12.0
30.9,68.1,530.5,3.99,33.6,1.03,9.4,1.77
21.3,25.1,946.1,5.86,29.7,0.8,9.71,3.81
32.8,33.2,848.4,2.76,40.6,0.81,9.8,1.11
30.8,29.3,489.0,2.78,32.8,0.86,9.88,2.08
31.5,39.9,290.6,5.19,17.8,0.88,8.3,10.37
40.9,20.2,780.2,1.31,15.6,0.71,9.73,10.98
41.3,75.0,316.0,2.33,27.6,0.66,4.15,1.78
29.8,75.2,449.7,4.15,32.0,1.11,7.91,2.76
29.8,43.9,625.3,3.02,17.0,0.83,9.85,12.0
31.4,57.8,777.9,6.14,30.1,0.7,9.65,3.13
31.5,59.9,987.3,6.25,38.0,1.03,9.84,1.42
42.7,67.4,704.3,3.52,33.8,0.8,8.06,1.09
34.9,51.4,770.7,3.73,31.9,0.74,9.84,2.31
25.2,50.7,463.5,4.85,35.7,1.13,9.31,1.47
31.8,59.2,784.2,3.24,15.1,1.11,9.79,12.0
34.3,64.2,572.1,1.64,18.1,0.7,9.26,9.06
34.6,39.3,928.4,4.98,13.1,1.1,9.53,12.0
33.2,38.1,533.6,4.93,16.3,1.1,9.66,12.0
22.6,33.9,598.0,1.97,39.4,0.97,9.75,1.32
18.9,53.4,567.7,5.5,18.7,0.91,9.65,11.9
26.8,40.2,889.5,4.18,31.9,0.76,9.8,2.39
29.1,52.8,1010.6,1.92,32.7,0.71,9.75,1.75
19.6,43.4,478.2,4.41,31.4,0.95,8.77,3.02
39.2,73.6,603.8,1.9,28.6,1.06,8.18,4.98
26.9,20.1,800.0,2.09,26.6,0.99,9.81,7.15
41.8,55.1,961.1,5.59,24.6,0.74,9.64,6.33
22.0,55.3,619.6,6.08,39.5,0.8,9.71,1.08
19.5,41.9,292.6,2.04,12.3,0.92,5.55,9.45
30.5,44.5,513.4,6.07,13.6,0.96,9.83,12.0
22.9,71.0,667.8,1.93,26.8,0.69,9.98,4.91
42.4,34.6,554.9,1.2,21.9,0.96,7.67,8.04
18.3,76.0,358.6,0.85,24.2,1.02,5.62,5.23
28.7,77.7,231.4,1.95,41.9,0.74,4.37,0.45
42.1,60.5,784.3,2.81,35.3,0.77,9.58,1.04
28.0,69.1,1043.8,6.07,38.3,0.78,9.53,1.04
20.4,57.9,981.3,1.95,23.1,1.12,9.8,11.05
25.9,51.8,780.8,2.69,19.2,0.85,9.72,10.85
30.9,82.7,915.3,4.9,35.0,0.92,9.76,1.25
22.8,34.8,417.4,2.31,36.2,1.01,7.78,1.1
30.1,25.8,729.1,4.61,28.5,0.84,9.66,4.71
39.7,35.1,251.5,3.09,38.9,0.7,7.24,0.71
40.7,58.0,801.1,1.68,41.0,0.98,9.62,1.32
19.3,28.0,1024.4,4.9,26.1,0.98,9.81,7.41
22.2,78.6,931.7,0.66,18.7,0.78,9.6,10.09
25.2,43.8,654.3,2.25,27.5,0.67,9.99,4.4
33.5,74.5,870.4,2.64,41.7,0.98,9.8,1.35
27.4,32.4,1002.3,3.25,20.8,1.0,9.91,11.75
39.9,36.9,383.6,4.58,30.5,0.66,9.71,2.74
36.6,19.1,874.3,3.26,32.8,1.0,9.76,2.41
20.6,33.0,429.4,4.07,18.4,1.12,8.43,12.0
34.2,49.3,945.4,4.07,29.7,0.74,10.03,3.66
20.9,81.2,283.6,2.74,21.4,0.91,4.64,4.78
24.6,42.2,351.5,6.1,37.6,1.0,7.77,1.09
22.6,59.8,812.5,6.24,33.4,0.77,9.68,1.47
22.5,44.9,348.6,3.99,36.8,1.03,6.88,0.99
34.0,18.3,334.3,0.93,18.0,1.08,7.09,10.76
32.7,50.2,672.1,3.45,13.0,1.06,9.77,12.0
22.6,19.6,909.7,1.61,37.5,0.78,9.92,1.08
43.7,76.9,428.2,3.4,23.6,1.05,4.46,4.53
29.0,67.7,915.0,1.63,17.4,0.86,9.8,12.0
20.5,41.5,886.8,4.72,14.8,0.78,9.82,12.0
21.1,59.8,692.2,0.98,27.5,0.73,10.02,4.87
33.2,22.8,749.6,6.22,16.5,1.1,9.83,12.0
43.5,64.2,234.4,1.67,29.0,0.86,3.72,1.75
32.9,72.6,512.1,4.46,33.8,1.08,9.12,1.67
42.7,72.5,423.9,6.0,28.1,0.73,6.61,2.98
29.5,34.9,327.5,1.99,39.1,1.03,6.88,1.0
29.3,33.5,531.2,6.11,16.7,0.71,9.74,10.33
31.0,51.5,501.7,2.83,26.8,0.66,9.55,4.49
36.1,82.7,819.6,6.26,16.9,1.15,9.66,12.0
27.6,79.4,708.4,6.33,38.3,0.69,9.69,0.93
40.5,40.2,976.1,1.63,40.0,0.88,9.76,1.2
18.8,69.6,323.6,5.49,24.0,1.09,5.65,5.75
29.4,79.5,250.8,1.66,21.2,1.06,4.26,5.21
31.3,33.3,654.4,1.86,20.4,0.89,9.97,10.73
33.8,73.1,200.9,1.0,37.8,0.96,3.67,0.49
25.2,33.8,869.6,1.44,32.5,0.96,9.74,2.58
29.1,39.0,630.1,4.29,38.4,0.7,9.92,0.98
30.6,28.9,614.9,3.2,15.5,0.79,10.11,12.0
35.9,50.5,508.1,5.25,26.3,0.8,9.85,5.96
38.1,74.0,518.7,2.49,32.3,0.84,7.81,1.89
37.2,52.0,566.5,6.31,38.9,0.79,9.93,1.09
26.9,23.6,213.6,0.8,23.5,0.78,4.6,3.48
44.0,32.6,271.0,0.88,21.4,0.83,4.56,4.28
40.1,54.4,629.3,4.71,39.4,0.84,9.88,1.16
24.8,55.8,327.6,5.83,13.4,0.89,6.98,10.94
23.1,55.4,861.9,5.27,26.4,0.74,9.41,5.18
26.2,20.4,433.3,3.44,25.8,1.04,9.28,7.72
29.8,67.8,283.2,2.12,16.4,1.08,4.95,8.16
40.1,78.7,399.9,0.58,23.8,0.77,4.76,3.49
38.2,50.7,503.5,3.56,33.7,0.71,9.07,1.17
40.1,65.3,230.0,3.35,23.0,1.01,5.05,5.16
25.1,79.0,320.4,2.57,21.3,1.11,5.35,6.81
33.4,60.0,475.3,3.97,35.5,0.67,9.06,0.85
25.4,62.2,463.9,4.87,41.7,0.66,8.86,0.82
20.8,65.5,880.3,4.71,35.4,0.74,9.91,1.03
35.8,33.2,916.8,2.08,37.4,0.99,9.52,1.32
21.7,55.8,364.4,4.01,40.2,1.13,7.08,1.12
35.4,74.0,305.3,1.39,36.1,1.03,5.07,0.73
34.8,35.7,739.0,1.23,41.4,0.94,9.92,1.3
39.1,77.8,883.9,5.22,34.4,1.0,10.07,1.41
21.6,58.4,1019.2,4.66,31.8,0.77,9.92,2.45
38.4,44.6,205.8,5.11,32.8,0.99,7.16,1.77
44.0,58.6,551.6,1.41,39.0,0.81,5.21,0.59
40.1,43.1,823.9,5.99,32.5,0.76,9.57,1.99
37.5,73.7,904.3,1.3,34.8,0.77,9.79,1.05
35.2,48.8,252.9,5.72,18.5,0.98,7.5,10.05
29.0,78.1,778.5,2.61,39.4,1.03,9.8,1.42
37.0,50.7,445.6,1.13,25.4,0.94,7.12,5.51
36.8,61.2,263.4,2.22,16.8,0.68,4.98,5.06
34.4,84.8,615.7,1.59,36.0,0.67,8.95,0.84
38.7,25.3,334.4,3.44,22.7,0.76,8.96,7.03
29.7,66.6,826.5,6.2,17.5,0.79,9.74,11.1
21.2,24.7,830.1,2.47,19.7,0.85,10.02,10.83
32.5,73.7,915.8,4.17,13.0,0.69,9.86,12.0
24.9,56.8,520.9,5.85,14.7,1.01,9.86,12.0
28.0,80.7,211.3,4.28,29.8,1.01,4.02,1.96
18.5,75.6,420.8,2.67,38.0,0.82,6.61,0.76
28.0,20.2,597.6,6.45,25.5,0.93,9.8,7.49
39.0,24.6,789.9,1.62,30.8,0.7,10.07,2.86
32.1,57.1,524.7,3.64,36.3,0.86,9.79,1.18
18.3,51.3,655.6,5.28,22.7,1.08,9.97,11.12
30.2,26.8,645.6,0.5,31.6,0.98,9.99,3.33
25.6,24.1,340.2,4.71,22.5,0.7,8.45,6.22
30.4,54.5,729.6,2.1,31.3,1.07,9.83,3.87
28.5,18.4,573.4,1.52,18.5,0.99,9.65,12.0
42.2,76.2,886.7,2.15,41.3,0.88,8.64,1.06
19.1,71.5,787.0,6.3,14.3,1.0,9.75,12.0
35.8,70.0,294.7,5.85,27.2,0.74,6.5,3.29
40.1,16.1,615.4,1.78,20.6,0.93,9.59,10.63
42.9,18.3,797.1,1.2,30.0,0.96,9.61,4.28
22.6,53.5,274.0,2.68,24.8,1.11,5.4,5.22
31.8,84.6,873.6,4.05,21.2,0.68,9.69,7.63
19.1,39.0,388.7,5.7,19.5,0.84,7.71,8.29
31.0,39.1,627.6,6.3,17.5,1.12,9.68,12.0
21.3,24.4,999.5,5.01,35.5,0.76,9.76,1.04
39.8,62.2,685.6,4.09,18.7,1.06,9.44,12.0
21.0,60.3,560.4,1.35,35.2,0.65,9.12,0.83
31.3,22.1,205.8,0.94,26.6,0.66,5.06,2.46
31.5,47.7,313.4,4.08,14.2,0.81,7.36,10.17
43.3,61.7,691.9,3.73,17.0,1.03,8.12,12.0
35.0,49.5,619.8,5.58,38.8,0.7,9.53,0.94
25.5,62.2,509.3,2.44,30.1,0.84,8.83,3.42
24.3,72.1,984.7,0.74,17.5,0.72,9.78,10.06
21.3,63.0,482.6,3.04,33.1,0.76,8.39,1.43
37.7,58.1,656.6,6.32,36.7,0.9,9.97,1.26
36.0,74.8,683.4,5.27,21.9,0.81,9.94,8.82
33.9,78.0,648.3,0.7,28.7,0.76,9.54,4.09
19.1,42.2,605.9,5.75,20.8,0.85,9.72,9.72
37.8,27.1,486.5,3.33,14.4,1.0,10.01,12.0
34.7,72.3,972.4,2.69,24.0,0.71,9.75,6.46
43.1,30.0,583.2,2.58,34.5,0.89,8.93,1.11
33.3,80.0,649.2,4.07,25.8,0.79,9.77,6.13
25.9,16.6,758.0,3.68,24.2,0.84,10.0,7.73
27.9,79.5,257.5,4.44,23.0,1.06,4.73,5.08
22.6,56.2,864.1,3.94,25.8,1.11,9.74,8.64
36.8,69.2,635.6,1.36,21.5,0.77,9.09,7.88
36.4,42.9,758.6,2.04,30.4,0.96,9.94,4.21
23.2,84.4,856.2,5.55,13.9,0.99,9.84,12.0
22.1,30.9,943.0,4.48,36.2,1.07,9.94,1.49
20.0,33.5,533.4,3.19,17.2,1.1,9.89,12.0
41.7,18.6,889.7,1.6,31.0,0.88,9.57,3.29
24.1,80.8,420.0,0.55,25.5,1.14,6.67,6.22
26.9,46.9,761.3,2.37,35.2,1.14,9.73,1.55
25.3,62.2,287.3,0.83,36.8,0.9,5.08,0.64
28.8,63.1,217.0,3.39,18.1,0.92,4.82,6.17
36.6,76.2,281.4,5.43,32.3,0.98,5.53,1.56
40.6,61.5,471.5,2.21,17.7,0.84,6.82,8.12
22.7,54.3,226.4,5.59,15.7,0.98,5.43,8.4
35.8,64.7,735.9,4.73,39.9,0.91,9.88,1.26
27.2,67.6,469.1,1.25,16.9,0.67,7.95,7.88
43.5,28.0,825.9,4.37,18.8,1.08,9.48,12.0
25.8,22.7,239.0,1.41,15.9,1.12,5.46,9.57
18.2,20.2,384.2,4.43,26.1,0.66,7.81,3.98
31.4,41.2,546.8,1.36,39.6,1.04,9.66,1.41
21.9,49.9,525.3,2.86,19.9,0.84,9.18,9.67
19.2,58.1,311.3,3.9,28.3,0.94,5.66,3.21
36.2,82.1,1045.0,0.8,24.3,0.9,9.67,7.89
37.0,38.2,441.8,1.42,22.1,0.93,7.65,7.66
30.0,68.3,812.9,2.42,29.2,0.9,9.68,4.62
35.6,52.2,387.0,3.27,28.8,1.08,7.59,4.6
32.0,30.4,946.2,5.65,22.8,0.99,9.79,9.98
34.4,58.1,529.6,1.62,37.5,0.86,8.63,1.03
33.5,82.7,965.8,2.58,13.6,0.99,9.91,12.0
35.3,23.7,490.6,3.35,14.6,1.13,9.55,12.0
23.2,50.5,207.3,2.27,41.7,0.69,4.49,0.43
25.0,18.6,639.5,4.25,34.4,0.84,9.93,1.17
29.4,37.5,646.1,2.04,36.1,1.09,9.64,1.46
29.6,58.4,301.9,5.13,30.1,1.02,6.81,3.2
38.1,73.9,399.7,3.53,24.6,1.12,6.4,6.34
27.6,66.1,866.0,1.02,30.9,0.67,9.89,2.64
22.2,47.4,231.2,4.26,14.8,1.08,5.48,9.78
24.5,78.6,616.1,3.92,34.7,1.05,9.98,1.46
23.6,36.2,650.8,2.53,28.2,1.06,9.7,6.2
37.0,67.8,785.4,0.57,40.7,0.95,9.82,1.3
30.2,48.2,231.8,1.7,31.1,0.68,5.2,1.33
36.4,77.9,697.8,2.93,16.6,0.92,9.88,12.0
28.8,70.8,202.6,1.7,26.3,0.85,4.01,2.58
41.1,78.1,425.4,3.96,13.7,0.91,5.98,9.46
43.6,30.0,624.7,4.77,34.4,1.02,9.81,1.4
35.4,61.8,974.6,5.64,27.1,0.95,9.79,6.46
40.5,66.7,307.6,4.38,23.1,0.8,5.88,4.7
31.2,67.0,343.9,4.63,41.1,0.95,6.8,0.9
42.3,50.3,768.9,4.15,40.2,0.69,9.66,0.94
39.6,15.8,518.6,6.41,40.6,0.65,9.75,0.89
43.8,33.3,729.9,2.07,18.6,0.85,8.48,9.74
34.2,37.6,1047.8,2.1,33.9,1.03,9.78,1.68
38.3,74.6,1038.8,1.26,40.4,1.06,9.83,1.46
32.1,73.9,500.7,3.41,29.1,0.92,8.62,4.26
24.7,22.3,628.3,1.08,18.4,1.08,9.74,12.0
27.2,81.5,969.0,2.12,36.5,0.71,9.91,0.99
41.2,27.8,278.3,3.4,38.4,1.13,8.4,1.33
19.5,44.0,584.5,6.25,33.1,1.11,9.86,2.47
33.4,30.1,520.9,6.28,20.8,0.95,9.72,10.91
27.7,75.2,450.7,4.96,17.7,0.68,8.24,7.96
28.1,67.5,1045.1,2.84,30.7,0.88,9.87,3.55
41.0,39.7,823.5,5.69,26.5,0.74,9.89,5.42
40.2,62.7,530.4,5.75,32.1,0.96,9.69,2.86
33.6,27.9,904.7,5.96,15.4,0.74,9.91,11.85
25.1,41.8,616.2,4.34,16.1,0.89,10.04,12.0
30.4,41.4,941.9,1.71,22.9,0.75,9.78,7.51
28.6,31.7,426.4,1.05,19.8,0.74,7.9,7.39
27.2,76.3,390.1,5.99,30.6,0.77,7.44,2.43
20.7,62.5,410.2,0.83,23.0,0.66,6.63,4.44
32.1,34.6,657.7,2.28,32.5,1.01,10.08,2.75
25.8,31.9,447.6,3.42,35.1,0.8,9.39,1.06
35.2,16.3,325.1,0.63,17.6,1.0,6.62,9.46
26.3,39.3,1045.4,5.94,39.6,0.98,9.98,1.36
29.2,51.9,965.4,2.22,35.6,0.68,9.9,0.95
19.4,34.4,739.8,0.67,30.8,0.81,9.61,3.13
43.8,64.0,957.8,6.46,39.3,0.93,9.68,1.26
31.2,43.8,995.1,2.37,20.0,1.11,9.84,12.0
18.6,37.1,774.7,5.76,24.7,0.85,9.82,7.38
32.1,80.7,640.9,3.22,14.6,0.9,10.0,12.0
40.6,33.4,949.7,4.48,25.7,1.03,9.85,8.1
38.1,42.9,682.6,1.95,27.2,1.05,9.61,6.92
36.2,41.8,307.8,3.52,30.5,1.11,7.47,3.56
21.6,31.9,511.8,2.05,13.9,0.9,9.32,12.0
35.1,30.2,579.0,6.21,13.0,0.75,9.53,12.0
37.9,36.2,995.1,0.87,24.6,1.03,9.59,8.78
32.9,75.5,760.3,2.15,17.7,0.71,9.74,9.9
41.2,68.7,944.0,5.86,34.8,0.86,9.94,1.2
25.2,62.7,844.0,3.38,32.1,0.96,9.77,2.88
24.3,47.0,463.4,4.1,21.8,1.0,9.08,10.0
40.6,50.5,810.9,4.41,13.4,1.02,9.8,12.0
34.3,33.7,366.0,0.93,17.5,0.75,6.92,7.45
18.0,20.2,546.9,0.61,32.8,1.14,8.92,2.57
27.2,38.2,885.2,6.13,41.7,0.74,9.93,1.03
40.3,49.7,720.1,2.13,21.8,0.7,9.61,7.41
18.7,19.0,901.6,2.78,36.1,0.98,9.76,1.34
18.1,21.2,416.5,4.59,38.0,1.1,8.45,1.31
25.3,33.4,837.3,1.92,13.4,0.93,9.69,12.0
41.8,40.7,372.0,4.9,39.5,0.95,9.12,1.21
41.4,42.5,663.5,3.25,26.0,0.92,9.48,6.79
31.5,23.3,568.5,5.64,40.9,0.67,9.9,0.93
32.4,30.8,673.0,2.17,28.2,0.99,9.91,5.99
26.6,33.3,315.2,1.72,19.1,0.83,6.39,6.98
24.3,19.7,507.0,5.49,41.2,1.12,9.61,1.5
39.2,37.8,766.9,2.46,19.3,0.74,9.78,9.44
20.8,20.1,674.8,2.97,38.5,0.8,9.98,1.12
30.7,64.2,666.6,5.26,17.2,0.9,9.61,12.0
34.5,42.0,634.2,4.31,32.2,0.89,9.96,2.59
20.7,37.9,1002.3,3.15,24.3,0.85,9.55,7.36
31.5,23.9,994.4,2.0,41.2,0.81,9.63,1.09
33.0,30.9,506.1,5.09,17.5,0.72,9.82,10.2
37.3,31.3,499.1,1.58,24.3,1.06,9.17,8.88
24.1,84.0,671.7,6.07,31.2,0.87,10.02,3.28
25.6,73.5,281.3,1.4,41.3,0.94,5.04,0.66
32.8,16.1,457.6,5.33,21.1,0.92,10.03,10.72
43.6,58.2,396.2,3.05,23.9,0.94,5.84,5.15
23.7,32.9,389.9,1.62,25.9,1.0,7.25,5.73
43.6,22.3,742.7,2.91,19.6,0.96,9.98,12.0
36.6,64.4,526.7,1.83,36.5,0.79,8.46,0.93
39.5,24.2,345.5,1.32,14.8,0.93,7.16,10.97
20.3,46.1,954.4,1.93,33.1,0.77,9.89,1.7
25.8,59.3,943.0,5.7,28.0,0.94,10.01,5.87
19.5,53.8,933.1,1.14,19.3,0.87,9.85,11.11
27.7,83.4,532.1,6.34,26.8,0.67,9.11,4.37
43.5,70.0,248.4,0.53,36.9,1.02,2.81,0.4
20.7,69.2,290.7,4.45,25.4,0.79,5.44,3.55
32.6,39.9,434.6,5.64,15.7,1.11,9.93,12.0
18.2,15.6,387.0,6.1,13.2,0.79,8.47,11.86
36.5,66.4,942.9,1.36,35.3,1.15,9.94,1.6
23.1,85.0,1038.4,4.69,21.9,0.88,9.93,9.59
21.4,43.4,894.2,1.14,39.9,0.66,9.83,0.91
26.8,84.0,820.4,2.62,30.5,0.69,9.69,2.84
38.0,24.9,700.3,4.89,25.1,0.69,9.99,5.86
20.8,35.8,854.4,2.58,28.9,0.68,9.62,3.58
24.0,27.0,1005.0,2.38,25.7,0.78,9.66,6.06
18.2,48.3,711.1,1.2,39.2,0.81,9.83,1.12
43.2,70.8,331.4,0.9,25.7,0.71,3.16,1.78
33.4,38.8,339.3,1.19,15.1,0.87,6.84,9.65
36.7,78.4,696.3,5.75,29.9,0.83,9.8,3.86
34.9,53.1,483.4,0.57,30.7,0.97,7.99,3.19
21.8,47.6,973.7,4.66,35.0,0.75,10.07,1.05
33.5,70.1,719.9,5.11,40.0,1.11,9.78,1.52
21.4,22.1,775.0,3.91,25.3,0.91,10.0,7.56
28.4,69.2,204.9,4.88,22.6,0.96,4.49,4.51
32.8,32.0,624.0,4.41,26.7,0.67,9.86,4.77
32.5,34.7,566.5,3.23,39.0,0.93,9.73,1.27
21.1,57.0,800.0,2.8,41.4,0.83,9.9,1.16
18.9,78.1,525.2,6.15,41.1,1.11,8.84,1.38
38.8,55.5,1030.1,6.33,18.9,1.09,9.78,12.0
36.9,60.4,769.7,4.41,26.9,0.97,9.88,6.77
20.1,69.4,760.9,1.68,19.8,1.03,9.94,12.0
21.3,33.2,981.4,3.19,23.0,0.97,9.83,9.63
41.2,72.9,1045.9,3.48,13.0,0.66,10.18,12.0
38.0,44.3,368.1,5.05,16.8,1.0,9.2,12.0
43.9,27.3,889.0,4.51,23.9,0.74,10.05,6.98
24.6,39.5,338.0,3.59,22.9,0.99,7.34,7.39
30.7,32.2,588.5,4.58,20.4,0.66,9.52,7.59
24.1,31.0,285.2,0.64,18.9,0.81,5.63,6.03
34.2,34.8,729.9,5.16,34.5,0.91,9.96,1.27
21.0,27.7,598.2,1.77,20.8,0.82,9.82,9.45
21.3,61.7,734.4,4.44,33.2,1.0,9.86,2.14
19.9,55.6,776.3,1.18,23.1,0.91,9.87,9.06
36.0,60.4,726.5,1.19,36.1,1.13,10.01,1.58
30.8,39.1,449.9,0.71,17.0,0.83,7.93,9.71
34.1,68.9,911.4,5.96,16.7,1.01,10.04,12.0
40.9,24.1,668.9,4.13,32.4,1.07,9.64,2.89
37.2,55.0,616.4,2.67,39.4,0.78,9.54,1.04
30.0,34.3,1039.0,5.23,16.3,1.03,9.89,12.0
43.6,51.9,441.0,4.26,14.2,0.85,7.74,11.1
29.9,37.7,648.8,4.22,40.0,0.71,9.77,0.98
20.9,70.3,780.0,3.42,15.5,0.65,9.46,9.82
43.8,77.4,306.4,0.55,19.5,1.02,2.37,3.11
18.6,67.0,501.1,2.05,39.9,0.74,8.19,0.85
32.3,27.3,881.4,1.15,36.1,0.68,9.8,0.93
26.0,34.2,401.2,4.47,22.3,0.9,9.05,8.68
31.1,79.4,619.3,1.99,40.6,0.82,9.81,1.13
32.5,45.6,736.0,3.2,29.0,1.0,9.69,5.22
24.2,80.9,770.5,2.62,14.2,0.7,9.85,11.77
32.5,42.5,819.1,1.36,33.1,0.72,9.95,1.61
37.7,81.6,936.1,6.25,28.1,0.85,10.0,5.22
24.9,79.8,533.9,6.1,29.2,0.91,9.23,4.46
28.0,61.2,800.6,1.01,41.8,1.06,9.81,1.46
25.0,15.6,822.3,5.46,16.6,0.94,9.92,12.0
39.3,43.0,455.2,3.43,31.7,1.1,8.96,3.3
36.8,78.8,1022.9,5.14,25.8,0.76,9.91,5.99
40.7,77.0,935.4,1.41,20.2,0.95,9.77,11.41
22.4,28.1,446.4,1.29,32.8,0.98,8.06,1.96
19.9,42.9,773.8,5.84,32.0,1.01,9.8,3.05
21.1,73.5,810.1,5.89,37.7,1.14,9.82,1.57
22.2,55.5,566.8,3.3,38.4,0.88,10.09,1.25
31.9,74.3,934.2,5.72,28.9,0.83,9.73,4.51
43.2,72.9,786.7,4.5,21.8,1.08,7.95,9.47
27.3,78.5,759.4,1.61,27.9,0.74,10.02,4.67
42.9,23.2,387.7,2.47,22.8,0.67,8.22,5.65
19.0,25.2,546.7,1.32,20.3,0.87,9.42,10.01
42.1,20.8,568.8,5.14,28.5,0.77,9.65,4.33
22.7,80.5,823.6,6.41,31.7,0.85,9.84,2.77
41.7,48.3,725.6,3.78,29.7,1.14,9.92,5.54
19.5,19.5,273.0,4.44,40.6,0.82,6.23,0.72
42.7,37.5,461.5,4.98,21.0,1.0,9.89,11.62
23.2,39.6,602.1,1.85,23.2,0.78,9.77,7.56
25.9,71.7,826.2,2.52,32.0,0.8,9.7,2.4
30.8,66.5,832.0,2.97,30.0,0.77,9.95,3.58
27.9,63.3,617.0,4.07,12.1,0.94,9.97,12.0
35.4,16.5,299.4,5.6,21.4,0.76,9.82,8.53
43.3,78.7,449.0,2.03,19.6,1.01,4.3,5.53
33.8,30.1,416.5,3.33,37.2,0.99,9.63,1.33
36.8,59.0,863.9,5.01,38.0,0.86,9.74,1.17
20.3,19.3,353.0,1.02,20.5,0.66,6.51,5.2
34.3,20.7,595.2,3.58,15.1,0.66,9.74,10.49
29.8,15.7,770.1,1.37,18.2,0.92,9.65,12.0
41.0,54.6,1020.1,3.73,17.3,1.07,9.74,12.0
28.1,59.1,1049.4,5.11,19.1,0.95,9.63,12.0
35.7,18.5,1010.0,1.92,19.0,0.87,9.86,11.29
23.9,35.3,810.5,5.6,26.4,1.09,9.68,7.89
24.7,74.6,834.5,2.51,21.6,0.75,9.59,8.05
27.8,22.1,845.3,1.64,28.8,0.83,9.91,4.61
25.9,30.2,933.2,3.29,22.3,0.93,9.9,9.82
24.6,44.7,1009.0,5.76,36.4,0.8,9.75,1.09
19.3,74.0,578.9,0.91,40.5,1.15,9.24,1.49
39.8,32.8,554.0,2.47,24.1,0.88,9.68,7.84
19.7,84.8,591.4,4.42,13.5,0.68,9.4,11.13
41.1,39.9,760.8,2.65,19.2,0.74,9.86,9.52
21.3,42.1,859.1,0.92,15.1,0.92,9.96,12.0
19.7,23.5,940.0,2.49,22.3,0.93,9.74,9.57
32.6,62.6,587.8,5.43,31.4,1.14,9.71,4.01
31.1,32.0,508.9,6.31,27.6,0.95,9.95,6.2
30.8,59.0,1035.8,0.74,19.3,0.98,9.89,12.0
32.9,30.6,397.1,3.92,35.0,0.76,9.49,1.01
25.5,42.2,388.7,1.13,15.9,0.7,7.27,7.97
35.2,75.0,808.1,4.58,18.8,0.95,10.09,12.0
31.1,66.7,352.7,0.55,32.3,1.08,5.95,1.86
26.7,25.8,539.5,0.59,17.9,0.94,9.44,12.0
39.5,57.5,448.5,5.16,32.4,0.87,9.0,2.22
36.9,59.0,343.4,0.95,41.3,0.94,5.56,0.73
28.2,21.3,692.8,2.33,36.9,0.88,9.99,1.24
40.0,47.6,517.5,6.25,16.8,0.72,9.69,10.44
41.9,33.2,592.9,6.41,27.6,1.02,9.77,6.5
32.0,47.7,366.5,1.47,24.7,0.92,6.77,5.47
23.6,69.4,852.7,3.87,41.8,0.85,9.83,1.17
41.8,26.1,467.5,3.85,40.9,0.93,9.83,1.28
22.9,23.6,491.3,3.21,15.8,0.77,9.78,11.83
19.3,33.9,414.3,6.05,39.3,0.86,8.54,1.03
26.5,81.7,569.2,5.02,17.8,0.96,9.63,12.0
36.9,67.3,594.0,5.09,21.6,0.76,9.71,8.31
42.0,16.4,650.2,2.12,22.6,1.02,9.76,10.42
34.6,43.1,1022.4,3.11,20.6,0.91,9.59,10.46
42.7,33.0,969.0,3.42,37.6,1.08,10.01,1.51
20.4,59.7,718.0,2.29,21.9,1.07,9.79,11.52
19.6,47.2,233.1,1.07,36.5,0.9,4.47,0.56
33.7,82.5,720.4,1.26,41.8,0.75,9.78,1.02
43.1,30.3,276.2,1.58,37.2,1.02,5.52,0.79
31.1,56.1,803.8,1.72,22.4,0.86,9.73,8.86
19.3,64.0,531.6,1.95,33.3,0.95,8.69,1.7
23.8,72.8,912.0,2.03,28.0,0.7,9.81,4.29
24.4,43.5,1001.1,3.23,35.6,0.97,9.9,1.34
26.8,63.1,554.5,3.56,16.6,0.84,9.83,12.0
19.1,36.2,591.5,2.35,31.1,0.82,9.75,3.01
41.5,45.5,701.6,5.94,35.2,1.14,9.66,1.54
31.4,77.7,367.6,3.82,34.8,0.87,6.44,0.78
35.4,81.5,988.2,5.22,40.9,0.99,9.89,1.37
19.7,65.3,568.0,6.05,13.8,0.96,9.93,12.0
19.4,41.2,341.8,1.48,22.4,0.7,5.95,4.43
33.2,72.4,848.3,3.07,26.3,1.02,9.95,7.69
41.1,16.8,386.3,3.1,21.3,0.81,9.82,9.11
31.7,22.2,322.0,2.63,21.3,1.05,7.66,9.2
40.8,61.3,678.4,0.55,17.3,0.95,7.98,11.08
39.1,35.4,770.8,5.4,36.4,0.81,9.86,1.12
20.0,81.6,684.1,1.17,39.2,0.83,9.64,1.12
23.3,45.5,758.0,6.47,14.5,1.02,9.6,12.0
35.1,45.1,298.2,5.14,16.6,0.93,8.2,11.42
29.5,62.5,604.6,3.98,18.9,0.98,9.73,12.0
25.6,68.7,503.5,1.43,27.3,0.73,8.67,4.29
28.9,48.3,1027.4,3.59,35.7,1.04,10.06,1.47
29.6,30.0,242.2,2.07,14.1,0.81,5.87,8.09
41.7,69.1,453.6,2.01,31.1,0.96,5.95,2.17
20.7,37.4,1000.6,5.48,16.5,0.71,9.65,10.36
25.3,27.3,1036.0,2.78,41.1,0.81,9.6,1.09
32.0,59.2,901.2,3.2,39.0,0.97,9.78,1.33
36.2,21.3,264.6,5.56,40.5,0.79,9.61,1.06
34.4,83.0,677.2,1.03,15.2,1.09,9.85,12.0
42.5,59.3,540.1,4.07,26.6,0.98,7.9,5.64
38.7,84.0,885.5,3.97,17.0,1.09,9.83,12.0
32.5,38.7,246.8,3.05,30.0,0.85,6.31,2.49
23.6,83.0,367.6,5.48,19.0,0.67,6.49,5.73
29.7,25.2,615.8,6.16,35.1,0.94,9.85,1.29
36.0,17.8,334.0,3.29,31.3,0.82,9.06,2.7
39.8,17.3,788.8,3.24,29.1,0.87,9.59,4.47
43.0,47.5,897.7,3.51,36.8,0.99,9.82,1.36
33.7,20.8,798.8,4.84,27.0,1.0,9.54,6.67
31.7,50.9,574.2,4.51,20.1,0.66,9.99,8.2
18.5,37.9,946.6,1.84,30.6,1.03,9.88,4.28
19.9,38.5,317.0,0.88,40.7,0.9,5.72,0.72
22.1,59.5,421.3,6.2,30.0,0.93,8.01,3.45
19.4,26.4,616.1,2.07,30.9,0.8,9.85,3.13
28.4,68.7,252.1,4.33,40.0,0.86,5.17,0.62
26.8,55.7,281.3,5.47,27.5,1.01,6.52,4.35
34.6,79.0,537.8,2.3,41.9,1.04,8.13,1.18
31.9,40.5,1002.3,4.31,16.8,0.84,9.79,12.0
33.5,83.8,972.2,1.15,28.1,1.0,9.59,5.86
30.3,55.3,596.1,6.32,18.4,0.78,9.78,10.43
25.2,83.1,320.8,0.85,25.6,1.07,5.01,4.32
42.8,16.9,351.4,3.13,17.1,0.95,9.52,12.0
20.2,66.0,520.9,3.72,18.7,1.04,8.87,12.0
42.4,72.2,378.6,5.24,18.3,0.89,6.1,7.45
26.1,18.7,270.5,1.23,21.6,0.76,5.89,5.04
31.3,55.5,772.7,3.14,16.0,0.86,9.61,12.0
20.8,71.1,694.2,2.3,36.3,0.84,9.68,1.14
19.8,54.3,447.6,2.37,18.6,0.82,7.78,8.58
29.2,19.5,862.1,5.17,24.5,0.76,9.82,6.65
37.3,63.5,859.6,0.53,12.5,1.03,9.69,12.0
25.0,19.2,617.4,4.99,15.1,0.69,9.9,11.13
32.6,72.2,282.1,5.36,38.9,1.09,5.97,0.91
25.2,18.0,980.7,5.91,37.1,0.74,9.88,1.02
28.1,24.6,768.4,4.26,37.2,1.14,9.86,1.57
41.6,34.3,410.0,2.5,24.3,1.14,7.89,8.19
40.3,59.3,718.9,3.06,16.2,0.85,9.79,12.0
31.4,83.3,544.3,6.32,15.2,1.14,8.91,12.0
24.2,23.2,740.0,5.79,30.2,1.08,9.72,4.78
23.0,25.0,602.8,3.28,36.8,0.69,9.76,0.94
42.8,40.8,612.7,6.16,39.0,1.12,9.89,1.56
23.3,73.5,825.5,5.44,20.7,0.67,9.88,7.91
39.0,47.7,721.7,5.91,21.6,0.74,9.69,8.02
27.6,37.5,268.0,4.6,15.0,0.94,6.81,10.47
43.6,54.3,255.6,5.65,35.2,0.69,7.47,0.72
27.6,33.2,459.3,5.85,20.3,0.73,9.76,8.72
27.1,43.1,565.7,1.05,26.4,1.13,9.82,8.24
34.6,38.3,433.9,6.29,39.9,1.15,9.92,1.59
43.0,71.3,753.7,2.5,34.6,1.05,7.28,1.07
43.4,79.7,365.8,3.14,13.6,0.91,3.97,6.29
36.4,68.2,798.5,5.25,12.2,1.1,9.75,12.0
37.6,45.7,857.2,4.49,35.6,0.71,9.72,0.96
32.6,50.3,305.7,5.86,28.6,1.12,7.99,5.17
37.7,23.8,753.2,2.9,33.6,0.83,9.53,1.46
40.4,67.3,1017.2,2.74,16.7,1.08,9.75,12.0
30.6,56.8,363.9,0.69,38.2,0.98,6.41,0.88
34.1,78.2,972.9,3.28,35.2,1.13,9.86,1.56
32.0,29.0,715.1,4.84,38.7,1.08,10.01,1.52
32.6,68.2,702.3,2.31,22.2,1.09,9.93,11.63
41.1,62.9,244.1,3.28,20.3,0.97,5.17,6.11
27.2,33.6,836.1,1.82,16.6,1.07,9.8,12.0
23.4,61.7,606.5,5.14,39.9,1.03,9.73,1.4
29.9,79.7,813.0,0.86,17.3,0.73,9.88,10.49
23.4,79.3,887.8,4.73,15.6,0.97,9.85,12.0
31.0,65.4,645.2,2.77,17.8,0.72,9.74,10.0
41.5,18.4,424.1,0.75,35.1,1.08,6.89,1.05
34.1,76.1,320.3,5.62,38.7,0.68,6.25,0.6
40.2,61.0,336.4,3.43,36.3,1.14,6.53,1.05
22.3,36.7,936.9,4.1,28.9,0.85,9.82,4.61
41.4,28.1,305.0,4.89,41.8,0.74,9.8,1.01
33.6,23.1,527.0,4.43,14.1,1.12,9.86,12.0
18.8,18.5,484.1,4.89,38.0,0.67,9.68,0.91
34.5,67.8,935.6,5.07,24.8,0.89,9.84,7.56
42.7,31.5,606.0,4.03,25.7,1.04,9.79,8.16
20.1,16.7,1047.0,2.69,15.8,0.81,9.72,12.0
33.1,42.8,826.5,1.96,13.0,0.91,9.95,12.0
41.8,48.8,923.3,5.92,21.5,1.0,9.74,10.98
18.3,26.8,283.9,6.32,17.2,1.13,6.9,11.33
34.4,18.1,415.1,2.65,26.5,0.7,9.53,4.94
30.3,28.2,315.1,1.17,16.4,0.73,6.49,7.2
27.0,62.5,594.1,1.84,16.1,0.9,9.91,12.0
34.3,20.8,810.5,4.52,38.3,0.86,9.7,1.17
19.4,53.9,343.7,1.54,39.6,0.86,5.99,0.72
37.6,25.2,310.6,5.18,40.9,0.8,9.82,1.1
18.1,28.7,722.4,6.04,32.4,0.93,9.86,2.56
26.0,42.5,395.8,6.28,35.1,1.09,8.99,1.37
31.1,22.1,607.4,0.56,37.1,0.73,9.7,0.99
27.8,27.1,243.5,6.25,31.8,0.76,7.63,1.9
26.0,39.4,778.5,4.94,21.9,0.99,9.73,10.51
39.6,38.1,660.1,1.0,16.7,0.68,9.48,9.65
42.3,67.4,750.3,2.99,19.1,0.99,8.38,10.86
40.7,20.2,434.1,4.7,37.2,0.81,9.78,1.11
31.6,75.2,436.8,6.24,32.9,0.83,8.17,1.64
41.0,72.1,881.2,1.48,25.7,0.85,9.85,6.75
41.9,68.6,810.8,1.27,12.9,0.82,8.46,12.0
28.6,36.7,692.8,3.33,20.0,1.07,9.9,12.0
25.4,72.6,733.9,6.31,33.9,1.12,9.9,1.85
20.6,27.8,279.9,6.33,27.4,0.92,7.05,4.37
30.5,23.7,927.7,1.87,25.1,0.94,9.81,7.85
42.6,18.1,854.4,2.42,21.4,0.69,9.94,7.73
32.6,80.8,701.9,5.95,30.2,1.01,9.9,4.49
35.4,36.6,980.8,4.91,41.0,0.94,9.58,1.26
20.9,79.2,343.3,6.33,39.0,0.68,6.06,0.57
21.7,34.1,783.7,5.86,12.9,0.75,9.53,12.0
30.1,78.5,1018.5,1.79,26.4,0.75,9.53,5.33
42.7,78.3,463.5,5.06,21.9,0.74,5.77,4.66
27.4,79.7,213.0,0.79,27.3,0.98,3.63,2.4
40.8,49.7,824.6,5.41,30.2,1.11,9.74,4.91
21.1,75.6,205.9,4.11,18.0,1.03,3.6,5.2
34.0,81.6,941.7,6.24,35.4,0.89,9.92,1.23
33.6,37.7,247.9,6.26,26.3,0.85,8.35,5.39
40.4,44.3,754.9,0.8,41.8,0.84,9.84,1.16
18.1,65.3,520.6,1.46,12.8,0.95,8.21,12.0
22.9,36.0,372.8,3.41,17.7,0.83,7.49,8.85
23.7,67.8,963.5,5.78,32.7,0.76,9.87,1.94
42.7,20.2,834.3,5.39,32.9,0.95,9.75,2.27
22.0,51.6,489.4,6.29,29.5,0.85,9.56,4.11
19.0,23.6,441.5,4.21,41.2,0.66,8.68,0.8
31.9,35.5,825.6,2.04,24.5,0.66,9.59,5.69
31.7,33.1,911.1,0.65,24.5,0.79,9.87,6.94
39.9,73.7,808.5,1.84,39.3,0.91,9.66,1.23
42.7,28.5,744.0,4.55,28.2,0.83,9.63,4.86
32.0,71.6,393.7,6.06,22.6,0.66,7.64,5.27
42.2,70.6,924.9,2.43,33.6,0.76,9.64,1.39
36.9,49.9,837.2,5.75,30.6,0.7,9.56,2.81
24.9,31.4,639.7,2.87,21.2,1.12,9.9,12.0
42.1,30.9,634.8,2.35,20.9,0.81,9.8,9.26
35.4,47.5,683.8,3.55,23.9,0.66,9.81,6.09
28.8,15.6,904.0,3.15,14.1,0.98,9.84,12.0
35.7,52.2,830.9,5.98,40.3,0.77,9.76,1.05
28.4,81.7,927.8,3.31,17.5,0.93,9.9,12.0
21.0,25.8,631.2,2.16,17.8,0.73,9.74,9.99
36.7,55.1,731.0,5.56,31.4,1.14,9.56,3.9
39.4,82.3,926.4,6.49,33.7,1.14,9.79,1.96
36.9,75.2,397.5,4.39,34.1,0.98,6.95,1.0
24.0,74.5,577.4,2.0,23.3,1.0,9.59,9.55
42.9,72.5,727.6,1.93,38.2,0.86,7.18,0.87
18.7,36.6,977.9,0.85,28.3,1.13,9.76,6.6
26.6,77.3,213.5,0.96,25.2,0.86,3.69,2.68
24.8,80.9,380.7,5.99,36.3,0.77,6.76,0.73
19.3,49.7,399.3,1.08,19.3,0.71,6.59,6.06
28.5,39.8,477.6,3.41,37.8,0.75,9.54,1.01
34.2,44.0,439.5,4.69,28.2,0.94,9.64,5.5
40.9,38.4,701.6,5.6,39.0,0.77,9.46,1.02
43.7,29.9,952.8,1.53,18.0,0.98,9.29,12.0
39.0,58.3,741.4,3.13,40.1,0.84,9.8,1.15
30.2,54.4,405.3,2.01,32.6,1.09,7.59,2.17
36.8,47.4,934.2,2.03,30.5,0.93,9.71,3.83
39.9,21.7,737.2,2.32,24.7,0.96,9.72,8.24
30.1,70.8,386.1,4.02,40.7,0.93,7.33,0.95
38.4,27.2,507.4,0.6,25.3,1.09,8.02,7.28
30.5,23.0,871.5,2.95,27.0,0.68,9.78,4.69
28.0,58.6,828.1,1.62,35.4,0.68,9.94,0.95
31.7,42.9,690.1,6.3,20.5,1.0,9.69,11.66
35.6,19.2,323.1,4.0,20.7,1.03,9.25,11.34
36.9,39.9,882.8,5.71,35.3,0.87,10.06,1.22
27.3,69.0,461.4,1.67,15.9,0.83,7.97,10.31
32.9,58.1,855.9,5.36,36.7,0.79,9.92,1.1
41.7,40.4,750.4,2.99,30.8,0.77,9.79,3.06
43.4,28.4,424.5,1.57,28.2,1.11,6.85,4.61
23.9,59.2,380.5,5.07,18.9,0.8,7.12,7.56
23.0,77.1,311.3,5.07,35.6,0.97,5.61,0.76
35.6,60.2,405.7,6.48,36.1,1.04,9.16,1.34
28.8,71.9,334.2,5.19,26.5,0.66,6.35,3.11
18.6,51.5,724.5,1.37,23.7,0.67,9.75,6.23
27.0,65.3,709.0,2.44,19.4,0.82,9.85,10.39
39.0,77.7,698.2,3.21,34.6,1.0,9.26,1.29
38.7,69.1,745.6,1.26,31.2,0.78,9.8,2.87
30.9,78.7,892.6,5.23,18.2,0.65,9.86,8.88
30.3,45.2,976.5,3.66,35.8,0.79,9.85,1.09
33.1,78.3,395.8,6.17,38.5,0.7,7.24,0.7
23.7,58.5,699.6,4.04,13.8,0.76,9.68,12.0
31.7,75.9,266.6,3.64,35.2,0.82,5.13,0.59
18.3,17.8,302.1,0.93,37.6,0.71,5.53,0.55
30.4,61.0,756.2,1.4,41.7,1.0,9.84,1.38
26.7,74.4,613.6,5.6,19.1,0.78,9.82,10.02
35.5,27.2,844.6,6.44,23.1,0.98,9.85,9.67
34.6,61.3,561.8,2.99,41.0,0.95,9.78,1.3
27.9,72.7,308.5,5.36,14.8,1.1,6.17,11.17
18.2,35.2,941.2,4.27,27.7,0.69,9.81,4.39
24.6,43.4,270.5,6.25,27.2,0.76,6.8,3.52
34.5,54.9,360.6,1.93,30.2,1.08,6.93,3.39
19.9,51.3,435.4,3.77,21.9,1.06,7.7,8.94
20.8,17.7,1046.0,2.95,39.8,0.75,9.77,1.02
34.8,21.9,554.3,3.75,20.1,0.7,9.72,8.46
37.6,22.0,626.5,2.11,31.5,1.08,9.53,3.6
26.4,33.4,854.2,3.49,26.9,0.74,9.85,5.17
30.7,32.2,741.0,4.25,20.0,1.09,9.77,12.0
42.6,67.0,915.2,0.99,17.7,1.13,8.46,12.0
42.6,55.1,613.5,4.96,40.7,0.76,9.53,1.01
26.0,68.5,1026.4,4.74,28.8,1.07,9.91,5.91
39.1,19.9,877.3,5.78,30.1,0.86,9.93,3.91
33.4,49.0,541.2,3.06,35.5,1.04,9.63,1.41
43.4,37.7,524.1,0.87,14.4,0.85,6.41,9.18
30.4,74.5,990.1,3.27,33.4,0.69,9.76,1.35
38.1,64.5,781.8,1.33,17.0,1.01,9.89,12.0
38.0,75.8,728.2,4.38,34.2,0.73,9.83,1.0
30.9,18.2,844.2,0.78,16.2,1.11,9.82,12.0
38.7,65.5,676.7,2.74,37.0,0.86,9.88,1.19
24.8,52.8,335.3,1.0,32.4,0.69,6.2,1.19
21.2,72.8,471.3,0.52,23.6,0.76,7.69,5.68
29.1,50.5,674.3,6.26,22.8,1.08,9.76,10.87
42.5,52.8,215.4,6.48,16.5,0.81,7.91,9.73
31.0,18.6,571.7,3.83,39.1,1.08,9.72,1.47
34.5,61.8,842.4,1.93,15.6,0.74,9.91,11.6
34.2,34.1,339.6,5.97,26.2,0.88,9.89,6.69
21.4,16.4,254.9,6.04,19.1,1.09,7.07,10.13
28.1,19.7,910.6,5.63,41.9,0.67,10.0,0.94
36.4,82.0,724.7,3.77,29.6,0.8,9.96,3.99
43.3,39.2,350.1,0.95,16.5,1.1,5.37,9.01
22.4,75.8,885.4,1.03,32.0,0.95,9.68,2.84
28.7,82.2,759.4,5.88,41.7,1.01,9.78,1.38
20.5,81.0,484.0,5.75,30.2,1.07,8.07,3.93
24.3,76.7,519.8,3.11,25.7,0.91,9.13,6.65
27.8,77.6,332.5,2.47,20.8,1.07,5.78,7.33
32.1,35.2,910.0,4.36,14.8,0.97,9.99,12.0
24.0,25.6,632.7,5.34,18.8,0.99,9.96,12.0
23.9,59.7,673.5,4.89,28.6,0.73,9.79,4.09
38.2,49.2,951.0,4.19,34.6,1.12,9.81,1.54
43.0,21.9,213.5,1.89,38.3,1.05,6.33,0.93
26.4,62.4,256.9,2.08,35.8,0.78,5.12,0.56
35.9,54.4,337.3,4.84,15.8,0.94,7.81,11.56
24.7,75.4,225.5,5.32,35.2,0.84,4.46,0.52
42.1,57.6,759.4,1.2,29.4,0.98,8.41,4.2
35.5,55.2,738.8,1.62,26.1,1.15,9.63,8.53
38.9,45.9,379.2,4.58,29.2,0.67,8.92,3.18
19.3,47.4,327.0,2.83,12.2,1.13,6.19,12.0
33.6,81.8,323.8,3.88,14.0,0.69,5.65,6.62
31.7,24.7,1010.3,4.19,27.8,0.88,9.71,5.47
25.6,46.2,789.5,5.16,17.2,0.89,9.65,12.0
24.8,60.9,697.6,5.33,28.4,0.78,9.98,4.65
33.1,45.3,474.1,2.18,22.6,0.93,8.83,8.57
36.4,34.8,568.1,3.75,39.2,1.07,9.66,1.44
18.9,35.1,276.0,1.24,40.5,0.8,5.19,0.58
32.8,31.4,1048.4,5.55,41.4,0.69,9.92,0.95
22.4,39.1,841.8,5.57,39.0,0.97,9.64,1.3
21.6,76.0,728.2,2.3,41.6,1.03,10.18,1.46
34.2,50.4,699.6,1.46,33.2,1.13,9.72,2.4
26.1,31.8,628.7,0.92,40.8,0.73,9.92,1.01
29.5,41.9,418.8,3.95,31.3,1.1,9.24,3.76
27.4,22.4,392.4,1.05,36.3,0.89,7.72,0.96
34.9,78.3,667.1,4.58,16.0,0.77,9.84,11.78
30.2,43.6,259.7,4.57,32.5,1.13,6.61,2.05
43.0,83.6,263.3,4.18,39.9,0.77,3.74,0.4
27.2,39.3,676.7,5.76,28.2,1.02,9.93,6.12
37.2,73.5,981.8,2.77,17.6,1.04,9.59,12.0
24.7,32.9,977.1,5.91,27.8,0.87,10.03,5.53
31.2,20.3,209.2,0.72,33.2,0.99,4.86,1.05
32.4,17.2,291.3,1.18,35.1,0.94,6.47,0.85
26.6,57.4,695.6,2.97,27.7,0.75,9.71,4.67
30.3,36.8,921.2,4.06,18.5,1.03,9.83,12.0
25.3,46.0,1011.3,0.69,39.8,1.11,9.92,1.55
18.2,72.3,931.5,3.9,35.2,0.89,9.73,1.22
23.6,32.4,776.0,2.34,20.1,1.15,9.82,12.0
36.2,36.6,370.4,5.82,36.4,0.86,10.31,1.25
38.0,74.2,261.7,3.7,22.4,0.89,5.0,4.69
25.3,49.5,240.4,4.03,21.4,0.99,5.68,6.38
28.6,72.9,720.3,6.17,37.9,0.74,9.66,1.0
19.0,41.2,230.8,5.09,38.2,1.1,5.0,0.77
24.2,42.9,828.4,3.13,24.0,1.05,10.02,9.86
38.3,26.7,805.6,3.36,12.3,1.09,9.98,12.0
33.8,79.1,267.7,4.39,17.6,0.95,5.3,7.24
23.4,77.8,970.6,1.7,39.3,1.09,9.79,1.5
24.7,83.9,643.6,1.03,39.0,0.99,9.99,1.38
39.2,43.2,968.8,2.37,25.6,0.91,9.42,6.9
23.4,72.3,966.4,5.17,21.1,1.12,9.88,12.0
26.7,44.0,367.5,2.04,21.1,0.87,7.27,7.34
35.3,46.8,523.5,1.28,38.9,0.9,8.72,1.1
32.6,73.1,314.4,1.81,21.7,0.73,5.6,4.56
30.0,27.4,858.7,4.57,27.3,1.12,9.77,7.39
41.4,30.4,628.5,4.18,33.9,0.76,9.79,1.2
23.7,37.0,989.5,4.63,18.3,0.75,9.76,10.1
37.3,70.2,377.0,2.43,19.6,0.7,6.45,5.76
22.1,41.1,785.1,5.91,22.7,0.88,9.73,8.8
34.0,40.1,1040.9,3.21,31.6,0.79,9.71,2.6
40.6,84.9,765.6,3.58,36.5,1.02,8.63,1.23
29.9,41.9,258.5,6.19,28.4,0.8,7.56,3.59
36.8,32.3,700.2,6.38,16.0,1.01,9.83,12.0
39.3,58.6,352.9,4.47,25.4,0.75,7.51,4.63
21.5,71.1,225.9,6.17,15.8,0.76,4.5,5.4
36.4,19.9,484.7,3.75,14.6,1.05,9.86,12.0
41.9,58.3,426.2,2.34,29.7,0.84,6.41,2.63
33.0,17.5,870.5,2.39,40.7,0.71,9.66,0.95
22.8,51.8,517.6,3.85,37.1,1.13,9.48,1.5
21.3,33.0,823.0,4.13,35.2,0.74,9.79,1.01
24.8,36.5,213.8,3.14,33.8,0.73,5.2,0.64
20.7,47.7,212.6,5.8,38.9,0.83,5.04,0.58
31.3,79.9,224.9,3.06,34.6,0.7,4.15,0.41
19.8,64.7,386.5,2.14,30.8,0.73,6.53,1.92
23.8,80.6,517.9,0.55,22.9,1.07,8.58,9.36
29.4,61.2,716.7,6.32,15.0,0.74,9.81,11.77
30.3,15.5,1038.0,5.45,25.8,0.71,10.0,5.58
32.7,33.6,501.2,4.19,39.7,1.09,10.01,1.53
36.3,78.4,247.3,5.48,29.5,0.87,4.81,2.12
19.2,60.0,365.7,5.36,17.5,0.73,6.74,7.06
20.1,83.7,963.2,6.09,31.5,0.94,10.01,3.32
19.6,25.9,794.5,2.82,26.0,0.67,9.83,5.15
29.0,35.8,871.7,3.83,39.9,0.86,9.78,1.18
19.1,40.4,305.5,1.09,16.8,0.95,5.5,7.75
37.4,37.9,314.7,6.29,33.4,1.13,9.96,2.31
23.8,32.6,295.4,6.41,32.4,0.81,7.68,1.73
42.4,46.0,928.6,5.23,41.5,1.03,9.76,1.41
30.6,60.0,378.5,3.22,28.9,0.72,6.97,2.74
29.6,36.8,746.7,3.48,38.1,0.87,9.81,1.19
38.3,20.6,638.7,3.11,12.7,0.76,9.74,12.0
36.5,64.6,662.7,2.26,15.7,0.9,9.65,12.0
33.8,47.1,366.1,3.67,22.4,0.86,8.0,7.27
42.3,54.0,740.0,0.82,30.6,1.14,7.79,3.74
29.0,46.9,236.6,6.45,25.5,1.11,6.95,6.31
39.0,77.3,1044.5,3.04,18.1,0.94,9.76,12.0
27.9,54.1,222.7,6.06,29.7,0.74,6.06,2.2
39.8,79.6,242.6,4.85,29.0,0.93,4.49,2.27
24.7,50.7,476.0,2.24,27.7,1.05,8.77,5.9
25.5,35.5,906.9,1.83,14.7,0.67,9.72,10.76
35.6,39.9,418.6,6.47,39.8,0.87,10.07,1.22
23.5,51.5,601.1,5.13,29.8,0.67,9.96,3.24
24.0,52.1,215.3,2.0,19.9,0.77,4.6,4.44
25.9,63.1,267.0,0.9,32.6,0.7,4.82,0.88
35.7,30.7,716.8,4.68,21.5,1.13,9.76,12.0
41.1,61.1,365.2,2.32,27.2,0.73,5.75,2.9
35.5,69.5,790.1,1.83,22.2,0.73,10.06,7.81
39.5,62.4,867.6,4.91,38.4,1.14,9.96,1.58
32.1,48.7,922.8,4.58,41.8,0.91,9.65,1.23
19.8,84.4,313.7,3.39,16.8,1.03,5.3,8.13
20.6,43.3,587.2,6.16,12.7,0.81,9.68,12.0
32.4,22.5,1005.0,4.58,18.6,0.92,9.85,12.0
26.5,72.5,856.3,5.86,29.7,0.65,9.92,3.18
23.7,29.9,299.4,1.64,17.2,0.85,6.23,7.77
30.1,64.9,627.1,2.28,36.3,0.93,9.84,1.28
35.3,27.5,984.0,1.13,24.3,0.91,9.78,8.1
28.0,16.2,574.0,2.33,30.3,0.85,9.81,3.7
38.9,26.2,911.8,6.33,25.7,1.04,9.96,8.36
37.2,41.4,621.5,6.28,39.1,0.9,9.92,1.25
37.1,22.5,290.8,5.06,13.1,0.97,9.8,12.0
43.6,28.8,325.7,3.63,33.9,0.74,8.2,1.0
25.7,68.5,239.7,5.18,31.6,1.08,4.73,1.76
34.8,68.9,366.0,3.82,31.5,0.83,6.88,2.01
40.2,72.2,959.6,0.52,24.4,0.89,9.62,7.72
33.1,73.9,752.7,3.51,12.5,0.83,9.72,12.0
38.5,44.4,828.0,4.09,32.7,1.1,9.77,2.77
28.8,75.7,728.4,2.09,36.9,1.1,10.11,1.56
33.4,51.8,528.6,1.72,14.6,0.76,9.17,11.65
19.4,47.9,384.3,2.14,25.2,1.03,6.86,5.89
43.6,65.3,986.8,4.24,16.9,0.7,9.4,9.8
38.8,30.0,637.6,1.38,30.3,0.66,9.44,2.77
40.6,70.3,608.9,4.82,35.6,1.07,8.85,1.32
36.1,45.1,1046.7,3.04,32.0,0.72,9.62,2.14
22.8,23.9,526.3,2.62,21.5,0.73,10.06,8.23
18.8,23.4,926.0,5.34,16.2,0.95,9.53,12.0
40.5,26.5,933.0,3.54,35.8,1.06,9.74,1.44
28.3,77.3,397.8,2.77,21.7,0.74,6.8,5.62
24.9,84.4,280.6,5.77,12.7,0.71,4.92,6.31
32.6,40.0,1029.3,2.71,29.1,0.69,9.82,3.61
28.9,35.5,562.0,5.65,19.4,0.66,9.79,8.38
34.9,30.3,201.9,3.53,37.2,0.71,6.73,0.67
30.6,72.7,624.2,1.75,16.3,1.12,9.88,12.0
36.1,29.6,726.4,4.18,25.0,0.7,9.84,5.85
40.2,79.7,859.7,2.21,19.6,0.95,9.86,11.93
23.1,61.7,1001.5,1.38,32.7,1.11,9.97,2.85
26.6,77.8,977.9,1.02,28.5,0.96,9.55,5.4
29.4,53.8,999.1,1.95,35.7,0.67,9.9,0.92
43.0,63.3,227.3,4.92,25.8,0.95,5.48,4.14
27.5,58.4,805.0,5.53,12.1,1.1,9.7,12.0
27.9,73.2,392.0,5.67,18.5,0.81,7.46,8.26
35.0,73.5,359.4,2.12,42.0,0.81,6.05,0.68
28.9,56.3,880.3,4.47,24.2,0.77,9.88,7.05
42.7,59.3,554.6,1.88,30.6,0.9,6.41,2.43
41.3,79.5,979.1,4.24,39.1,0.77,10.04,1.08
31.3,80.1,236.1,5.82,12.6,1.01,4.74,8.72
34.8,61.5,881.9,0.75,31.8,0.97,9.69,3.09
19.5,15.5,316.3,6.41,20.7,0.85,7.63,7.75
36.1,22.3,350.1,5.46,20.4,1.01,9.59,11.79
36.4,75.1,605.7,5.07,18.7,0.7,9.58,8.99
27.3,20.9,536.3,4.65,36.7,1.02,9.85,1.41
23.7,29.9,613.2,5.12,23.2,0.95,9.89,9.38
41.8,31.1,999.0,6.47,14.0,0.97,9.67,12.0
29.1,57.0,758.8,5.12,14.9,0.68,9.63,10.78
35.0,55.4,446.8,2.61,16.5,0.96,8.13,11.86
18.9,35.3,347.0,4.18,39.0,0.9,6.9,0.87
28.8,29.5,557.0,2.52,24.8,0.89,9.84,7.64
39.2,68.5,583.9,6.32,39.5,0.81,9.66,1.1
28.1,80.5,711.1,5.9,36.5,0.65,9.77,0.89
33.7,18.7,426.1,3.91,37.1,0.86,10.04,1.21
23.5,24.3,852.4,5.19,20.6,0.85,9.62,9.8
28.8,60.0,283.7,5.96,20.1,0.86,6.65,7.07
42.1,71.3,676.4,1.96,28.8,0.96,7.36,3.94
32.7,70.4,730.0,3.98,24.5,0.8,9.65,6.89
41.5,65.4,375.8,3.39,27.3,0.78,6.23,3.32
41.5,77.1,902.1,5.13,13.6,0.9,9.6,12.0
42.5,30.2,723.1,2.77,41.1,0.95,9.9,1.31
41.3,22.5,748.9,4.75,13.7,0.93,9.81,12.0
18.1,58.1,623.1,2.92,17.4,1.09,9.59,12.0
42.3,72.6,973.2,1.17,32.3,1.03,9.22,2.71
21.6,55.7,789.8,1.14,16.7,0.68,9.67,9.83
19.0,82.4,524.6,1.21,15.2,0.93,8.18,12.0
19.4,70.7,402.8,0.7,16.6,0.86,6.56,8.5
27.1,64.1,260.4,3.7,13.9,0.83,5.22,7.46
34.1,19.2,340.6,4.53,19.5,1.13,9.72,12.0
28.5,22.5,1043.8,1.26,20.1,0.88,9.97,10.81
18.7,69.9,545.8,4.17,27.0,1.01,8.71,6.18
30.4,28.9,963.9,4.09,25.2,1.13,10.01,9.57
29.5,17.0,345.0,1.38,26.2,0.73,7.08,3.91
37.7,78.8,561.6,2.92,30.5,0.68,7.98,2.32
25.3,77.4,1016.4,5.03,18.9,0.81,9.84,10.54
23.7,30.3,277.5,0.6,16.0,0.67,5.34,5.58
24.7,69.6,704.9,1.38,38.4,0.71,9.84,0.98
25.9,18.4,981.3,6.47,31.0,1.15,9.81,4.35
33.6,35.0,1007.2,4.9,13.8,1.13,9.73,12.0
30.3,58.7,919.1,3.28,40.8,1.0,10.03,1.4
26.8,68.4,927.5,4.28,32.8,1.03,9.92,2.54
27.7,15.7,754.4,5.58,16.6,0.72,9.98,10.87
27.6,37.8,387.4,5.55,41.1,0.95,9.1,1.21
43.3,30.0,821.1,2.45,23.0,0.73,9.45,6.97
24.1,84.9,1031.6,3.45,41.5,0.84,9.95,1.17
39.3,62.0,647.0,4.33,15.1,0.82,9.85,12.0
36.4,43.4,421.6,0.93,16.8,0.96,7.27,10.39
18.1,20.3,687.5,6.17,31.7,0.69,9.71,2.23
43.8,56.9,787.0,3.1,12.7,0.7,7.85,10.0
37.7,59.9,377.0,2.73,12.6,0.95,6.76,11.76
35.7,72.1,811.3,5.94,35.8,0.97,9.81,1.33
28.5,35.2,699.3,1.21,17.0,0.82,9.63,11.65
32.4,83.7,720.5,0.74,39.6,0.72,9.91,1.0
24.6,45.8,460.1,4.61,24.8,1.09,9.5,9.06
18.9,35.7,332.0,2.81,38.2,0.68,6.2,0.59
39.7,39.4,729.9,5.09,24.5,1.01,9.56,8.6
41.3,51.4,698.3,0.91,27.9,0.72,8.42,3.82
22.2,80.6,487.3,2.8,21.5,0.97,8.05,8.8
38.5,66.5,451.5,1.91,31.7,0.98,6.95,2.26
37.3,55.4,495.2,4.94,21.5,1.05,10.03,11.87
22.6,26.4,616.4,1.86,18.7,0.85,9.92,11.32
29.0,25.5,1028.6,3.25,14.4,0.66,9.53,10.56
29.0,50.2,849.0,5.41,13.7,1.06,9.61,12.0
37.8,66.0,924.0,5.99,21.2,0.87,9.86,9.91
39.8,67.6,629.8,4.84,34.1,1.07,9.64,1.53
20.5,30.8,647.2,3.08,18.2,1.04,10.03,12.0
32.6,22.0,373.7,3.93,21.0,0.9,9.43,9.91
37.8,41.9,812.9,4.64,39.2,1.15,9.94,1.6
38.4,79.3,558.3,5.75,31.2,0.88,8.44,2.79
21.8,53.2,831.1,5.83,39.6,1.0,9.84,1.38
31.7,37.4,547.7,6.09,39.3,0.98,9.68,1.33
40.3,37.7,292.2,5.36,13.9,0.91,9.44,12.0
26.3,24.2,347.1,1.38,40.7,0.94,7.11,0.94
29.1,48.1,889.8,4.99,13.5,1.05,9.84,12.0
38.9,70.4,419.8,5.39,39.8,0.94,7.87,1.03
20.3,82.8,424.7,5.77,28.4,0.88,7.0,3.62
40.3,50.1,990.0,6.05,28.0,0.98,9.81,5.99
26.1,26.7,759.0,3.55,33.4,0.67,9.93,1.34
18.0,62.8,297.2,4.43,38.4,0.7,5.25,0.52
24.1,68.0,322.0,0.56,30.5,0.71,5.45,1.66
20.3,20.0,431.5,3.94,24.8,0.86,8.81,6.65
20.4,74.5,704.9,3.34,15.4,1.09,9.94,12.0
36.0,73.1,839.9,6.27,35.7,0.97,9.97,1.36
23.6,48.1,433.3,5.91,15.8,1.14,8.81,12.0
42.3,54.2,940.0,5.29,33.8,0.67,9.84,1.13
31.4,64.9,292.8,0.84,27.8,1.01,4.93,3.16
30.0,62.4,376.5,2.91,23.6,0.81,6.98,5.44
29.3,16.2,1024.9,4.68,30.4,0.66,9.77,2.82
36.0,23.6,314.5,0.68,35.2,1.06,6.46,0.96
29.8,26.4,954.9,1.91,40.2,0.73,9.88,1.01
21.3,67.9,798.3,5.83,19.9,0.76,9.81,9.27
40.9,45.8,262.1,1.28,40.4,0.82,5.08,0.58
29.1,53.2,611.2,0.81,40.8,1.04,9.88,1.44
19.9,69.1,641.1,3.98,36.4,0.96,9.86,1.33
31.8,38.9,992.3,6.18,38.4,0.78,9.71,1.06
34.8,67.4,557.9,5.51,32.8,0.73,9.66,1.78
25.2,46.0,579.7,6.35,13.2,0.7,9.77,12.0
38.8,41.4,295.6,5.02,29.3,0.72,8.52,3.24
35.4,38.3,743.3,3.12,34.4,1.08,9.89,1.5
34.9,82.5,379.3,6.18,40.3,1.11,6.86,1.07
28.9,69.0,265.9,3.06,29.1,1.13,5.27,3.2
43.0,16.4,1047.4,2.6,35.8,1.07,9.53,1.42
25.1,82.0,429.2,3.19,33.2,1.09,7.11,1.72
33.0,69.3,319.9,5.38,20.4,1.06,6.68,8.56
26.0,25.4,794.6,6.01,16.6,1.13,9.58,12.0
37.4,20.3,898.4,2.65,34.5,1.07,9.8,1.47
19.2,36.6,254.5,3.27,19.0,0.88,5.32,6.19
19.2,58.7,289.6,5.89,19.3,0.81,5.97,6.28
39.1,58.2,276.6,0.78,31.3,0.94,4.84,1.66
29.3,34.3,239.9,5.2,35.7,0.95,7.02,0.94
26.9,46.2,760.5,3.23,29.5,0.94,9.78,4.66
33.8,29.8,700.1,2.76,38.5,1.0,9.78,1.37
36.2,18.5,763.4,3.18,18.3,1.0,9.69,12.0
23.2,51.2,629.8,3.01,19.6,0.69,9.81,8.7
22.8,39.3,894.9,5.04,31.1,0.79,9.79,2.95
42.9,53.0,664.7,6.07,36.9,1.09,9.89,1.52
33.3,81.3,980.9,3.45,28.2,0.95,10.0,5.75
28.1,25.0,612.8,5.5,12.3,0.81,9.82,12.0
38.8,15.1,872.1,4.89,32.3,1.08,9.73,3.0
31.7,20.4,546.3,2.48,36.4,0.77,9.65,1.05
24.3,47.4,569.9,4.02,20.3,0.85,10.11,10.55
23.4,64.5,921.6,4.5,13.6,0.79,9.94,12.0
28.3,55.7,291.5,0.64,27.5,1.09,5.32,3.8
40.4,49.6,680.2,2.88,13.3,1.01,9.78,12.0
19.6,39.8,817.4,6.46,24.5,0.88,10.04,7.92
23.7,36.7,837.9,4.32,12.5,1.12,9.78,12.0
41.2,41.3,702.8,2.51,18.7,1.11,9.54,12.0
21.2,57.8,580.9,2.0,23.7,1.01,9.77,9.43
34.4,26.7,421.7,1.76,15.4,1.1,8.34,12.0
23.6,69.0,973.0,2.91,15.4,1.01,9.84,12.0
33.8,55.3,514.3,1.66,36.8,0.96,8.97,1.21
28.0,33.8,879.1,1.31,13.2,0.86,9.55,12.0
20.6,50.1,226.9,2.68,32.7,0.79,4.4,0.9
33.1,82.4,397.3,4.14,36.4,0.68,6.79,0.65
35.8,16.4,493.7,1.38,15.9,1.05,9.43,12.0
35.7,29.0,770.8,0.77,17.9,0.71,9.86,9.89
34.6,46.4,471.4,0.71,31.2,0.86,7.95,2.52
31.0,59.7,235.2,2.1,21.5,0.77,4.97,4.31
31.5,29.9,347.8,1.64,26.3,0.88,7.15,4.74
34.5,80.2,420.3,3.74,37.1,0.81,6.53,0.74
35.9,60.0,349.6,3.23,16.1,1.06,6.92,11.39
35.0,76.4,373.2,2.45,30.6,1.14,5.89,2.82
33.3,38.1,853.6,5.5,40.3,1.12,9.94,1.56
22.1,73.0,550.2,3.53,13.7,0.96,9.24,12.0
23.5,41.5,544.4,1.05,13.8,1.14,9.34,12.0
24.8,32.7,1021.6,2.27,28.6,0.85,9.9,4.82
41.9,78.8,579.7,6.34,40.8,0.91,7.35,0.94
37.7,21.5,988.5,6.36,18.6,0.78,9.77,10.28
32.4,81.0,454.2,2.03,21.9,1.1,7.31,8.79
24.6,47.1,540.5,1.5,15.0,0.74,9.47,11.46
20.9,84.5,536.8,3.47,22.9,0.96,8.58,8.37
41.4,52.8,664.2,3.39,13.3,1.05,9.71,12.0
41.2,68.0,696.6,2.96,23.7,0.95,9.01,8.18
20.9,15.5,410.9,3.68,28.7,0.69,8.65,3.4
38.7,49.8,874.5,1.89,41.3,0.96,9.7,1.3
29.6,66.6,622.0,1.19,36.6,1.03,10.0,1.45
26.4,69.8,206.0,3.92,36.7,0.74,4.43,0.46
37.2,26.1,702.6,6.1,18.8,1.02,9.87,12.0
34.0,44.3,878.4,1.33,14.6,1.09,9.88,12.0
38.3,44.3,412.9,4.73,30.1,1.14,9.35,4.91
19.9,22.3,232.2,3.13,27.6,0.86,5.49,3.05
26.3,46.0,886.1,2.26,27.5,0.66,9.94,4.36
26.3,71.5,1029.8,5.62,15.3,0.86,9.84,12.0
26.6,36.0,265.1,3.24,26.8,0.98,6.27,4.39
31.1,45.3,997.3,4.0,16.5,1.1,9.79,12.0
25.4,82.3,505.4,3.16,24.7,1.12,8.3,8.19
29.6,17.2,1000.2,0.99,13.9,1.1,9.88,12.0
27.6,56.4,751.5,4.07,37.7,0.98,9.68,1.33
37.1,67.0,956.7,3.01,12.4,0.99,9.82,12.0
33.7,68.3,868.0,1.02,40.2,0.65,9.81,0.89
35.0,65.1,223.8,4.07,37.9,0.83,5.28,0.62
23.5,65.9,255.6,0.56,34.6,1.1,4.56,0.7
26.5,19.1,646.9,1.75,41.5,0.99,9.86,1.37
18.6,52.4,310.2,5.19,13.6,0.88,6.16,9.48
20.8,69.8,591.9,0.73,31.2,0.7,9.18,2.38
24.9,21.6,1011.4,4.38,37.5,0.77,9.87,1.07
19.7,15.8,450.5,6.2,15.8,0.93,9.81,12.0
33.7,72.0,615.6,1.53,29.5,1.1,9.64,5.32
44.0,64.9,526.6,3.0,23.8,0.7,5.55,3.67
20.6,43.9,735.4,3.95,25.1,0.73,9.97,6.16
39.4,80.8,364.8,3.2,39.4,0.98,5.36,0.73
21.1,68.7,420.9,4.22,28.2,0.8,7.28,3.54
35.4,82.8,930.0,2.92,14.8,0.73,9.71,11.77
34.7,80.1,889.6,1.39,40.1,0.74,9.94,1.03
41.5,48.7,870.8,1.03,17.6,0.9,9.79,12.0
21.0,67.8,855.3,4.97,38.8,0.94,9.8,1.29
26.2,61.8,590.5,1.93,41.1,1.1,9.77,1.51
20.4,71.8,819.6,5.58,38.3,0.91,9.95,1.27
28.6,70.1,529.1,4.96,32.3,1.0,9.64,2.75
41.7,25.7,285.6,0.8,34.3,0.74,5.33,0.55
38.3,31.4,534.4,1.71,33.0,1.01,9.25,2.18
36.8,33.6,334.9,2.25,25.8,0.97,7.44,5.74
31.9,72.3,532.2,4.07,20.2,0.76,9.13,8.49
41.0,71.8,452.8,5.36,20.6,0.98,7.0,8.28
29.7,49.7,709.3,0.86,33.9,0.76,9.69,1.18
21.9,55.7,507.3,2.0,30.8,0.95,8.65,3.33
39.8,72.9,799.8,2.76,29.5,0.98,9.74,4.81
25.3,36.9,635.3,1.6,31.6,1.0,9.91,3.4
19.4,18.5,981.6,3.77,35.2,1.1,9.46,1.46
21.3,48.8,277.4,3.37,34.5,1.12,5.44,0.86
33.8,79.0,784.6,2.4,15.2,1.06,9.92,12.0
33.8,70.3,771.5,3.6,22.9,1.09,9.7,10.77
24.8,40.7,1008.0,2.63,19.9,0.66,9.62,7.94
36.9,19.5,515.8,2.56,28.1,0.83,9.7,4.92
38.1,59.6,459.6,2.09,13.8,0.67,7.54,8.71
41.9,73.4,346.5,3.74,34.9,0.76,5.2,0.55
33.2,61.5,425.5,3.16,15.2,0.84,7.79,10.6
38.3,44.8,626.6,1.68,20.1,1.08,9.87,12.0
37.6,23.6,912.1,0.58,35.5,0.91,9.86,1.25
24.7,78.8,441.6,1.41,13.5,0.97,7.07,12.0
26.1,34.3,334.1,0.76,31.8,0.83,6.28,1.7
30.4,30.7,431.3,3.09,39.7,0.95,9.06,1.21
18.5,72.1,285.8,1.85,30.5,1.06,4.92,2.21
25.7,83.7,987.7,3.02,33.4,0.8,9.98,1.63
30.3,61.2,941.7,2.48,35.8,1.12,9.76,1.52
20.8,58.7,462.2,3.73,18.7,0.76,8.35,8.51
21.3,37.4,409.9,4.84,29.4,1.11,8.22,4.66
30.0,16.4,969.6,3.38,21.3,0.66,9.78,7.44
37.0,28.4,201.5,0.87,19.5,0.92,4.76,5.63
39.7,55.9,710.5,0.61,17.8,1.14,9.12,12.0
32.2,25.6,978.6,1.78,29.6,0.95,9.81,4.69
30.3,76.9,632.3,3.05,35.8,0.93,9.8,1.27
28.0,28.2,202.5,0.77,38.3,0.99,4.43,0.62
23.0,51.5,386.0,2.47,24.9,0.79,7.12,4.9
21.8,50.8,984.1,5.82,23.2,0.68,9.99,6.74
38.6,57.3,214.5,1.04,32.6,0.78,3.78,0.77
30.1,37.9,535.6,6.19,35.4,0.74,10.09,1.04
38.5,76.1,871.3,5.64,19.6,1.11,9.75,12.0
36.3,46.1,912.4,5.49,20.9,1.08,9.79,12.0
23.0,64.0,606.0,5.68,28.0,0.81,10.0,5.03
31.3,59.5,397.6,0.98,25.3,1.07,6.94,6.15
29.5,23.2,709.7,1.41,33.2,0.76,9.88,1.64
29.0,58.6,424.2,1.31,27.1,0.75,7.62,3.94
32.1,53.5,417.0,1.17,15.3,1.03,7.3,12.0
43.5,77.9,886.5,2.47,17.0,0.81,7.08,8.52
39.1,76.7,331.1,5.48,39.1,0.68,5.79,0.55
41.5,25.6,204.7,2.01,18.8,1.01,6.24,8.43
18.8,20.7,486.3,1.97,13.5,1.14,8.71,12.0
21.6,35.6,617.3,4.56,33.9,0.93,9.97,1.49
20.2,84.1,799.3,1.08,32.5,0.78,9.91,2.1
24.8,16.5,863.9,2.66,30.0,0.84,9.83,3.84
29.5,62.1,764.0,2.27,27.1,0.97,9.75,6.6
34.7,57.6,732.5,5.58,41.1,1.0,9.75,1.37
31.0,60.3,765.9,3.59,15.6,1.09,9.75,12.0
41.5,30.3,430.8,4.38,27.3,1.1,9.61,7.17
42.4,30.9,525.0,1.27,28.9,1.08,7.79,4.64
22.3,45.1,724.0,6.07,12.7,0.97,9.95,12.0
40.2,21.7,255.7,2.43,24.4,0.87,7.4,5.86
30.5,20.2,451.0,4.74,35.5,0.99,9.92,1.37
29.8,21.2,545.5,6.23,26.1,0.98,9.91,7.48
38.4,55.1,653.4,3.55,38.3,0.76,9.65,1.03
20.4,42.8,613.5,3.55,31.3,0.9,9.9,3.24
40.9,35.6,810.4,1.2,35.0,0.75,9.99,1.05
35.4,37.1,602.4,2.84,36.1,1.1,9.7,1.49
40.8,29.5,968.5,5.61,32.7,0.81,9.57,2.0
43.9,43.8,523.3,1.31,34.5,1.05,5.66,0.83
31.5,29.2,646.6,6.01,32.9,0.84,9.79,2.0
20.4,63.9,202.7,4.5,28.5,1.03,3.97,2.39
22.3,23.7,463.9,3.03,29.0,0.76,9.06,3.75
26.4,81.4,936.6,3.78,17.7,1.03,9.7,12.0
20.7,21.3,483.5,1.4,36.8,0.74,8.62,0.89
39.2,81.0,415.2,1.8,21.4,0.9,5.47,5.58
25.7,73.3,662.0,2.22,28.1,0.71,9.79,4.27
43.4,62.6,266.9,2.81,19.5,0.91,4.68,5.49
36.3,78.9,651.9,5.99,32.9,1.06,9.66,2.49
22.5,24.7,458.1,2.71,41.3,1.03,8.91,1.28
30.4,27.3,525.6,3.64,36.1,0.68,9.67,0.91
30.1,32.7,872.7,1.47,30.6,0.9,9.8,3.71
30.8,32.1,762.7,4.92,29.0,1.08,9.79,5.71
31.9,36.8,579.2,3.86,26.7,0.98,9.85,6.95
18.8,55.3,690.9,3.14,18.1,0.68,9.83,9.27
35.8,17.0,851.8,6.18,22.4,0.81,9.99,8.56
30.7,41.8,833.9,5.84,24.2,0.93,9.8,8.35
38.6,32.2,357.5,4.46,40.3,0.74,9.57,0.99
39.2,57.5,455.8,6.03,24.8,0.99,9.69,8.39
24.0,84.0,496.0,3.89,29.6,0.97,8.27,3.99
19.3,51.2,359.4,5.46,39.7,0.75,7.12,0.75
36.3,44.8,210.3,2.96,27.6,0.93,5.73,3.48
43.4,40.8,347.9,1.02,19.5,1.06,4.81,6.5
29.6,69.9,887.0,6.46,23.4,0.84,10.14,8.3
24.7,20.0,664.0,1.49,23.3,0.77,9.71,7.44
22.1,82.2,490.4,2.01,33.4,1.0,7.76,1.55
25.5,44.3,717.1,1.48,20.9,0.69,9.91,7.98
26.5,37.0,828.9,2.52,33.9,1.07,9.66,1.68
29.0,83.2,501.3,2.24,38.7,1.12,8.07,1.27
35.0,80.5,596.2,4.11,22.1,1.13,9.32,11.42
25.1,59.9,254.6,6.48,16.1,0.87,5.94,7.98
19.3,16.3,707.5,0.82,31.2,0.96,9.75,3.53
27.7,67.4,502.9,5.17,22.8,1.08,9.56,10.57
40.2,38.5,568.5,1.27,28.0,0.76,8.53,4.03
31.0,42.2,559.2,0.62,31.0,0.66,9.36,2.4
43.1,26.1,737.5,4.33,24.2,0.84,9.95,7.67
31.1,51.6,686.6,5.74,39.7,1.09,9.69,1.48
25.2,67.1,558.8,1.56,24.0,0.9,9.33,7.87
23.0,34.1,214.4,2.55,21.2,0.92,4.73,4.98
36.1,80.7,727.8,1.51,38.6,1.0,9.83,1.37
31.9,28.6,947.6,5.94,16.1,0.94,9.81,12.0
33.7,19.6,854.1,2.12,15.7,0.68,9.8,10.46
37.6,60.1,1034.4,3.17,40.1,0.93,9.82,1.28
36.9,74.5,318.2,5.87,18.3,0.97,6.47,8.69
19.1,81.7,389.1,3.82,16.5,0.97,6.47,9.54
38.9,68.7,658.4,6.1,28.1,1.01,9.64,6.04
31.9,29.0,400.5,6.06,13.4,0.91,9.7,12.0
28.2,83.4,229.4,3.27,30.6,1.1,4.26,1.97
32.0,79.4,541.9,3.99,25.6,0.88,8.86,6.33
33.9,26.4,444.5,1.88,31.2,0.91,9.03,3.06
21.9,54.1,424.2,6.44,20.5,1.04,8.58,10.74
28.9,53.9,1010.2,2.17,39.2,1.07,9.55,1.43
26.7,46.0,402.7,5.2,20.1,0.97,8.68,10.44
27.1,83.9,310.0,2.38,31.1,0.71,5.36,1.45
20.4,19.2,306.5,2.38,40.4,0.82,6.23,0.71
22.2,58.9,885.4,1.12,24.0,0.66,9.74,5.99
22.2,29.4,807.6,3.86,16.8,0.8,9.92,11.8
27.7,51.9,310.1,1.97,14.1,0.94,6.21,9.92
41.3,69.6,386.8,1.39,40.9,1.05,4.95,0.73
23.4,32.3,835.2,1.86,34.9,0.94,10.07,1.33
28.8,42.5,433.4,2.01,39.6,0.67,7.98,0.75
26.1,81.6,1034.3,3.52,33.0,0.78,9.57,1.76
38.5,68.3,659.5,2.82,22.3,0.94,9.52,9.54
19.3,55.1,363.2,0.95,15.7,1.0,6.02,9.55
23.1,30.5,930.0,3.72,39.9,1.08,9.76,1.48
23.5,44.8,471.6,5.23,26.7,1.13,9.38,7.7
43.8,69.2,445.5,3.95,23.9,1.1,5.36,5.53
32.8,72.4,478.3,6.35,29.3,0.88,8.94,4.1
21.6,32.1,853.0,1.09,15.2,1.02,9.71,12.0
25.1,61.3,347.2,5.43,21.3,0.77,7.18,6.34
22.4,21.7,524.5,3.53,31.1,0.68,9.8,2.53
21.2,16.6,226.2,3.63,15.0,0.68,5.64,6.24
38.7,53.4,902.6,3.61,16.1,0.77,9.79,11.7
30.9,30.7,489.6,2.45,27.3,0.67,9.94,4.49
34.4,20.5,410.9,2.45,30.7,1.08,9.1,4.03
26.6,66.1,692.9,4.29,17.6,0.89,9.61,12.0
32.4,49.9,799.2,0.77,13.0,1.06,9.65,12.0
24.7,70.7,891.0,4.03,40.8,1.12,9.77,1.53
26.0,61.5,495.6,4.85,12.8,1.15,9.38,12.0
35.0,66.1,890.5,2.64,12.1,1.12,9.93,12.0
21.9,36.5,595.1,1.8,21.7,1.01,10.05,11.27
34.0,33.4,286.0,1.78,18.7,0.87,6.53,7.66
40.2,57.1,919.4,0.99,29.2,0.95,9.67,4.85
21.1,29.0,665.5,1.04,38.8,1.06,9.77,1.45
41.3,72.1,712.1,1.5,26.4,1.1,7.61,6.22
20.1,51.6,996.9,0.62,35.2,1.13,9.75,1.54
27.1,30.9,675.3,2.1,39.3,1.02,9.71,1.38
33.9,58.8,204.7,2.34,17.7,0.92,4.24,5.56
32.5,81.2,940.0,6.47,26.6,1.13,10.12,8.34
20.5,20.7,442.0,6.45,31.3,1.13,9.74,4.05
38.8,22.7,626.5,1.62,22.0,0.89,9.48,9.21
43.3,74.1,374.2,1.78,34.2,0.97,3.94,0.54
22.7,22.7,452.4,3.45,33.2,1.05,9.4,2.19
